current,power,occupancy_count,fan_state,light_state,energy_status
0.645,7.701,1,1,0,NORMAL
1.067,12.765,0,1,1,WASTAGE
0.031,0.278,1,0,0,LOW
0.0,0.03,1,0,0,LOW
0.75,8.957,0,1,1,WASTAGE
0.44,5.28,1,1,0,NORMAL
0.023,0.314,1,0,0,LOW
0.043,0.421,0,0,0,NORMAL
0.022,0.323,1,0,0,LOW
0.782,9.269,1,1,1,NORMAL
0.72,8.65,1,1,1,NORMAL
0.286,3.527,0,0,1,WASTAGE
0.0,0.082,1,0,0,LOW
0.644,7.668,1,1,0,NORMAL
0.42,5.058,1,1,0,NORMAL
0.437,5.182,1,1,0,NORMAL
0.032,0.328,1,0,0,LOW
0.035,0.416,0,0,0,NORMAL
0.967,11.64,1,1,1,NORMAL
0.447,5.372,1,1,0,NORMAL
0.576,6.996,1,1,0,NORMAL
0.596,7.167,1,1,1,NORMAL
0.7,8.359,0,1,0,WASTAGE
0.008,0.143,1,0,0,LOW
0.679,8.137,1,1,1,NORMAL
0.675,8.059,1,1,1,NORMAL
0.495,6.012,0,0,1,WASTAGE
0.452,5.438,1,1,0,NORMAL
0.572,6.787,0,0,1,WASTAGE
0.023,0.334,1,0,0,LOW
0.819,9.733,1,1,1,NORMAL
0.75,9.028,1,1,1,NORMAL
0.899,10.743,0,1,1,WASTAGE
0.021,0.291,0,0,0,NORMAL
0.641,7.726,0,1,1,WASTAGE
0.367,4.296,0,0,1,WASTAGE
0.497,5.985,0,0,1,WASTAGE
0.0,0.054,1,0,0,LOW
0.333,3.861,0,0,1,WASTAGE
0.005,0.017,1,0,0,LOW
0.822,9.853,1,1,1,NORMAL
0.43,5.22,0,0,1,WASTAGE
0.027,0.394,0,0,0,NORMAL
0.43,5.174,1,1,0,NORMAL
0.653,7.891,1,1,0,NORMAL
0.337,4.007,0,0,1,WASTAGE
1.058,12.716,0,1,1,WASTAGE
0.032,0.346,1,0,0,LOW
0.008,0.139,1,0,0,LOW
0.009,0.138,0,0,0,NORMAL
0.014,0.16,1,0,0,LOW
0.883,10.535,0,1,1,WASTAGE
0.972,11.66,1,1,1,NORMAL
0.694,8.282,0,1,0,WASTAGE
0.021,0.332,1,0,0,LOW
0.284,3.434,0,0,1,WASTAGE
0.488,5.876,0,0,1,WASTAGE
0.56,6.72,1,1,0,NORMAL
0.75,8.991,0,1,0,WASTAGE
0.804,9.746,1,1,1,NORMAL
0.04,0.402,0,0,0,NORMAL
0.298,3.603,0,0,1,WASTAGE
0.429,5.185,0,0,1,WASTAGE
0.56,6.673,0,1,0,WASTAGE
0.547,6.681,0,0,1,WASTAGE
0.701,8.369,0,1,1,WASTAGE
0.654,7.921,1,1,0,NORMAL
0.601,7.234,0,1,0,WASTAGE
0.604,7.31,0,1,0,WASTAGE
0.951,11.425,1,1,1,NORMAL
0.575,6.876,0,1,0,WASTAGE
0.009,0.098,1,0,0,LOW
0.612,7.355,0,1,0,WASTAGE
0.023,0.258,1,0,0,LOW
0.885,10.67,0,1,1,WASTAGE
0.43,5.16,1,1,0,NORMAL
0.429,5.211,1,1,0,NORMAL
0.029,0.291,1,0,0,LOW
0.017,0.222,0,0,0,NORMAL
0.03,0.365,1,0,0,LOW
0.753,8.959,0,1,0,WASTAGE
0.018,0.179,0,0,0,NORMAL
0.809,9.602,1,1,1,NORMAL
0.71,8.445,1,1,1,NORMAL
0.598,7.197,1,1,0,NORMAL
0.751,8.916,0,1,0,WASTAGE
0.452,5.411,1,1,0,NORMAL
0.443,5.321,0,0,1,WASTAGE
0.987,11.876,1,1,1,NORMAL
0.034,0.287,1,0,0,LOW
0.541,6.419,0,1,0,WASTAGE
0.629,7.556,0,1,0,WASTAGE
0.532,6.395,0,1,0,WASTAGE
0.527,6.337,1,1,0,NORMAL
0.62,7.498,0,1,0,WASTAGE
0.805,9.559,0,1,1,WASTAGE
0.453,5.443,1,1,0,NORMAL
0.008,0.064,0,0,0,NORMAL
0.001,0.109,0,0,0,NORMAL
0.296,3.583,0,0,1,WASTAGE
0.725,8.626,1,1,1,NORMAL
0.534,6.419,0,1,0,WASTAGE
0.445,5.394,1,1,0,NORMAL
0.72,8.675,1,1,1,NORMAL
0.02,0.342,0,0,0,NORMAL
0.416,5.046,0,0,1,WASTAGE
0.739,8.937,0,1,1,WASTAGE
0.435,5.264,1,1,0,NORMAL
0.633,7.534,0,1,0,WASTAGE
0.56,6.736,0,0,1,WASTAGE
0.748,8.992,0,1,0,WASTAGE
0.033,0.344,0,0,0,NORMAL
0.024,0.273,1,0,0,LOW
0.009,0.141,0,0,0,NORMAL
0.786,9.425,1,1,1,NORMAL
0.026,0.282,1,0,0,LOW
0.524,6.24,0,0,1,WASTAGE
0.252,3.115,0,0,1,WASTAGE
0.87,10.455,0,1,1,WASTAGE
0.323,3.933,0,0,1,WASTAGE
0.489,5.808,1,1,0,NORMAL
0.771,9.25,0,1,1,WASTAGE
0.824,9.916,1,1,1,NORMAL
0.807,9.687,1,1,1,NORMAL
0.519,6.123,1,1,0,NORMAL
0.77,9.206,1,1,1,NORMAL
0.687,8.246,0,1,1,WASTAGE
0.027,0.328,0,0,0,NORMAL
0.004,0.082,1,0,0,LOW
0.782,9.466,1,1,1,NORMAL
1.011,12.031,0,1,1,WASTAGE
0.552,6.482,0,1,0,WASTAGE
0.625,7.467,0,1,0,WASTAGE
0.82,9.848,0,1,1,WASTAGE
0.016,0.254,0,0,0,NORMAL
0.013,0.213,0,0,0,NORMAL
0.684,8.125,0,1,1,WASTAGE
0.011,0.095,1,0,0,LOW
0.938,11.295,1,1,1,NORMAL
0.039,0.398,1,0,0,LOW
0.023,0.299,1,0,0,LOW
0.004,0.106,1,0,0,LOW
0.022,0.252,1,0,0,LOW
0.332,3.974,0,0,1,WASTAGE
0.024,0.303,0,0,0,NORMAL
0.305,3.589,0,0,1,WASTAGE
0.652,7.883,1,1,0,NORMAL
0.499,6.0,1,1,0,NORMAL
0.021,0.38,1,0,0,LOW
0.49,5.918,0,0,1,WASTAGE
0.011,0.216,0,0,0,NORMAL
0.466,5.549,1,1,0,NORMAL
0.546,6.523,1,1,0,NORMAL
0.015,0.155,1,0,0,LOW
0.028,0.409,0,0,0,NORMAL
0.538,6.365,0,0,1,WASTAGE
0.791,9.461,0,1,1,WASTAGE
0.032,0.392,0,0,0,NORMAL
0.001,0.059,1,0,0,LOW
0.484,5.734,0,1,0,WASTAGE
0.38,4.553,0,0,1,WASTAGE
0.998,12.007,0,1,1,WASTAGE
0.725,8.728,1,1,1,NORMAL
0.014,0.135,0,0,0,NORMAL
0.616,7.427,1,1,0,NORMAL
0.537,6.45,0,0,1,WASTAGE
0.787,9.521,0,1,1,WASTAGE
0.024,0.311,1,0,0,LOW
0.963,11.549,0,1,1,WASTAGE
0.652,7.9,0,1,0,WASTAGE
0.601,7.258,1,1,0,NORMAL
0.889,10.582,1,1,1,NORMAL
0.023,0.23,1,0,0,LOW
0.448,5.53,0,1,0,WASTAGE
0.008,0.048,1,0,0,LOW
0.026,0.279,0,0,0,NORMAL
0.323,3.848,0,0,1,WASTAGE
0.013,0.111,0,0,0,NORMAL
0.385,4.624,0,0,1,WASTAGE
0.687,8.212,0,1,0,WASTAGE
0.498,5.898,1,1,0,NORMAL
0.324,3.876,0,0,1,WASTAGE
0.635,7.632,1,1,1,NORMAL
0.0,0.047,0,0,0,NORMAL
0.528,6.32,0,0,1,WASTAGE
0.899,10.804,1,1,1,NORMAL
0.708,8.508,0,1,1,WASTAGE
0.275,3.248,0,0,1,WASTAGE
0.507,6.079,1,1,0,NORMAL
0.593,7.033,1,1,0,NORMAL
0.01,0.112,0,0,0,NORMAL
0.69,8.311,1,1,0,NORMAL
0.44,5.295,0,0,1,WASTAGE
0.015,0.22,0,0,0,NORMAL
0.589,6.999,1,1,0,NORMAL
0.324,3.819,0,0,1,WASTAGE
0.761,9.159,0,1,1,WASTAGE
0.662,7.939,0,1,0,WASTAGE
0.972,11.598,0,1,1,WASTAGE
0.0,0.013,0,0,0,NORMAL
0.969,11.626,0,1,1,WASTAGE
0.482,5.833,0,0,1,WASTAGE
0.522,6.411,0,0,1,WASTAGE
0.786,9.407,0,1,1,WASTAGE
0.995,12.103,0,1,1,WASTAGE
0.617,7.322,0,1,1,WASTAGE
0.649,7.851,0,1,1,WASTAGE
0.019,0.198,0,0,0,NORMAL
0.597,7.162,0,1,0,WASTAGE
0.638,7.745,1,1,0,NORMAL
0.712,8.506,0,1,0,WASTAGE
0.716,8.587,0,1,0,WASTAGE
0.939,11.255,0,1,1,WASTAGE
0.268,3.218,0,0,1,WASTAGE
0.404,4.838,0,1,0,WASTAGE
0.559,6.689,0,0,1,WASTAGE
0.573,6.895,0,1,0,WASTAGE
0.038,0.397,1,0,0,LOW
0.615,7.405,1,1,0,NORMAL
0.677,8.081,1,1,1,NORMAL
0.04,0.485,0,0,0,NORMAL
0.785,9.451,0,1,1,WASTAGE
0.02,0.258,1,0,0,LOW
0.873,10.432,0,1,1,WASTAGE
0.261,3.161,0,0,1,WASTAGE
0.69,8.315,0,1,1,WASTAGE
0.664,7.959,1,1,1,NORMAL
0.687,8.308,1,1,0,NORMAL
0.025,0.353,0,0,0,NORMAL
0.64,7.663,0,1,0,WASTAGE
0.544,6.589,0,1,0,WASTAGE
0.035,0.377,0,0,0,NORMAL
0.856,10.268,1,1,1,NORMAL
0.673,7.991,0,1,1,WASTAGE
0.833,9.96,0,1,1,WASTAGE
0.868,10.38,1,1,1,NORMAL
0.942,11.345,0,1,1,WASTAGE
0.01,0.033,0,0,0,NORMAL
0.68,8.323,1,1,1,NORMAL
0.525,6.306,0,1,0,WASTAGE
0.934,11.354,1,1,1,NORMAL
0.034,0.39,1,0,0,LOW
0.019,0.224,0,0,0,NORMAL
0.012,0.144,1,0,0,LOW
0.814,9.792,1,1,1,NORMAL
0.013,0.279,1,0,0,LOW
0.028,0.316,1,0,0,LOW
0.561,6.767,1,1,0,NORMAL
0.834,10.03,0,1,1,WASTAGE
0.694,8.193,0,1,0,WASTAGE
0.929,11.114,1,1,1,NORMAL
0.023,0.198,0,0,0,NORMAL
0.954,11.405,0,1,1,WASTAGE
0.682,8.107,1,1,1,NORMAL
0.462,5.487,0,1,0,WASTAGE
0.296,3.575,0,0,1,WASTAGE
0.01,0.12,0,0,0,NORMAL
0.004,0.096,0,0,0,NORMAL
0.492,5.937,0,0,1,WASTAGE
0.896,10.71,0,1,1,WASTAGE
0.502,5.931,1,1,0,NORMAL
0.033,0.397,1,0,0,LOW
0.002,0.0,1,0,0,LOW
1.01,12.072,0,1,1,WASTAGE
0.57,6.784,0,0,1,WASTAGE
0.916,11.01,0,1,1,WASTAGE
0.93,11.3,0,1,1,WASTAGE
0.284,3.516,0,0,1,WASTAGE
0.854,10.232,0,1,1,WASTAGE
0.804,9.616,1,1,1,NORMAL
0.983,11.825,0,1,1,WASTAGE
0.498,6.073,0,0,1,WASTAGE
0.523,6.303,0,0,1,WASTAGE
0.681,8.187,0,1,0,WASTAGE
0.608,7.449,0,1,1,WASTAGE
0.025,0.353,0,0,0,NORMAL
0.74,8.96,0,1,1,WASTAGE
0.029,0.391,1,0,0,LOW
0.039,0.422,0,0,0,NORMAL
0.555,6.665,0,0,1,WASTAGE
0.851,10.337,1,1,1,NORMAL
0.88,10.582,1,1,1,NORMAL
0.587,6.973,1,1,0,NORMAL
0.96,11.414,1,1,1,NORMAL
0.63,7.682,0,1,0,WASTAGE
0.792,9.615,0,1,1,WASTAGE
0.016,0.104,1,0,0,LOW
0.588,7.064,1,1,1,NORMAL
0.7,8.505,1,1,1,NORMAL
0.519,6.244,0,0,1,WASTAGE
0.017,0.256,1,0,0,LOW
0.699,8.321,0,1,0,WASTAGE
0.03,0.391,0,0,0,NORMAL
0.839,10.073,1,1,1,NORMAL
0.011,0.124,1,0,0,LOW
0.875,10.521,0,1,1,WASTAGE
0.032,0.371,0,0,0,NORMAL
0.766,9.219,0,1,1,WASTAGE
0.661,7.836,1,1,0,NORMAL
0.449,5.381,0,1,0,WASTAGE
0.495,6.02,1,1,0,NORMAL
0.553,6.578,0,0,1,WASTAGE
0.53,6.371,0,0,1,WASTAGE
0.663,7.917,0,1,1,WASTAGE
0.444,5.292,1,1,0,NORMAL
0.768,9.144,1,1,1,NORMAL
0.666,8.096,0,1,0,WASTAGE
0.036,0.376,1,0,0,LOW
0.324,3.839,0,0,1,WASTAGE
0.012,0.136,0,0,0,NORMAL
0.512,6.065,1,1,0,NORMAL
0.595,7.115,0,1,0,WASTAGE
0.546,6.506,0,0,1,WASTAGE
0.951,11.299,1,1,1,NORMAL
1.011,12.231,0,1,1,WASTAGE
0.737,8.941,0,1,0,WASTAGE
0.548,6.624,1,1,0,NORMAL
0.012,0.171,0,0,0,NORMAL
0.336,4.014,0,0,1,WASTAGE
0.031,0.35,1,0,0,LOW
0.024,0.378,0,0,0,NORMAL
0.398,4.798,0,1,0,WASTAGE
0.658,7.915,0,1,0,WASTAGE
0.005,0.092,0,0,0,NORMAL
0.835,9.949,1,1,1,NORMAL
0.481,5.817,1,1,0,NORMAL
0.468,5.619,1,1,0,NORMAL
0.721,8.665,0,1,0,WASTAGE
0.715,8.466,1,1,0,NORMAL
0.626,7.577,0,1,0,WASTAGE
0.448,5.372,0,1,0,WASTAGE
0.988,11.663,0,1,1,WASTAGE
0.024,0.336,0,0,0,NORMAL
0.024,0.228,0,0,0,NORMAL
0.736,8.983,0,1,0,WASTAGE
0.74,8.889,0,1,1,WASTAGE
0.661,7.915,1,1,0,NORMAL
0.011,0.342,0,0,0,NORMAL
0.005,0.083,0,0,0,NORMAL
0.444,5.232,1,1,0,NORMAL
0.527,6.315,1,1,0,NORMAL
0.754,9.197,1,1,1,NORMAL
0.47,5.594,0,0,1,WASTAGE
0.033,0.367,1,0,0,LOW
0.425,5.049,0,1,0,WASTAGE
0.047,0.481,0,0,0,NORMAL
0.027,0.336,1,0,0,LOW
0.029,0.244,1,0,0,LOW
0.408,4.864,0,1,0,WASTAGE
0.934,11.162,0,1,1,WASTAGE
0.01,0.053,0,0,0,NORMAL
0.683,8.123,1,1,1,NORMAL
0.631,7.53,1,1,1,NORMAL
0.623,7.355,1,1,1,NORMAL
0.98,11.753,0,1,1,WASTAGE
0.518,6.27,0,0,1,WASTAGE
0.039,0.376,1,0,0,LOW
0.666,8.049,0,1,0,WASTAGE
0.035,0.362,1,0,0,LOW
0.008,0.093,1,0,0,LOW
0.026,0.368,1,0,0,LOW
0.817,9.757,1,1,1,NORMAL
0.004,0.042,0,0,0,NORMAL
0.024,0.191,1,0,0,LOW
0.032,0.376,1,0,0,LOW
0.465,5.586,1,1,0,NORMAL
0.337,4.106,0,0,1,WASTAGE
0.025,0.397,1,0,0,LOW
0.028,0.387,1,0,0,LOW
0.812,9.762,0,1,1,WASTAGE
0.359,4.371,0,0,1,WASTAGE
0.544,6.512,1,1,0,NORMAL
0.769,9.277,1,1,1,NORMAL
0.322,3.79,0,0,1,WASTAGE
0.008,0.076,1,0,0,LOW
0.683,8.278,0,1,0,WASTAGE
0.511,6.07,1,1,0,NORMAL
0.785,9.449,0,1,1,WASTAGE
0.586,7.036,1,1,0,NORMAL
0.033,0.369,0,0,0,NORMAL
0.664,7.981,1,1,0,NORMAL
0.606,7.293,1,1,1,NORMAL
0.84,10.066,0,1,1,WASTAGE
0.583,6.877,0,0,1,WASTAGE
0.457,5.502,1,1,0,NORMAL
0.005,0.079,0,0,0,NORMAL
0.013,0.122,1,0,0,LOW
0.012,0.248,0,0,0,NORMAL
1.052,12.585,0,1,1,WASTAGE
0.868,10.483,0,1,1,WASTAGE
0.008,0.166,1,0,0,LOW
0.003,0.065,1,0,0,LOW
0.879,10.627,1,1,1,NORMAL
0.486,5.684,1,1,0,NORMAL
0.025,0.278,0,0,0,NORMAL
0.698,8.333,1,1,0,NORMAL
0.47,5.667,0,0,1,WASTAGE
0.507,6.034,0,1,0,WASTAGE
0.527,6.169,1,1,0,NORMAL
0.035,0.368,1,0,0,LOW
0.014,0.255,0,0,0,NORMAL
0.901,10.871,0,1,1,WASTAGE
1.064,12.74,0,1,1,WASTAGE
0.692,8.365,0,1,0,WASTAGE
0.371,4.382,0,0,1,WASTAGE
0.637,7.629,0,1,1,WASTAGE
0.631,7.553,0,1,0,WASTAGE
0.548,6.524,0,1,0,WASTAGE
0.0,0.055,1,0,0,LOW
0.624,7.486,0,1,0,WASTAGE
0.789,9.443,0,1,1,WASTAGE
0.433,5.185,1,1,0,NORMAL
0.007,0.06,0,0,0,NORMAL
0.564,6.896,0,1,0,WASTAGE
0.509,6.104,0,1,0,WASTAGE
0.011,0.139,0,0,0,NORMAL
0.968,11.545,1,1,1,NORMAL
0.264,3.211,0,0,1,WASTAGE
0.032,0.28,1,0,0,LOW
0.022,0.258,1,0,0,LOW
0.358,4.368,0,0,1,WASTAGE
0.019,0.305,1,0,0,LOW
0.668,8.026,0,1,0,WASTAGE
0.93,11.137,0,1,1,WASTAGE
1.07,12.84,0,1,1,WASTAGE
0.468,5.588,1,1,0,NORMAL
0.018,0.182,1,0,0,LOW
0.689,8.383,1,1,0,NORMAL
0.421,5.029,0,1,0,WASTAGE
0.664,7.998,1,1,1,NORMAL
0.045,0.472,0,0,0,NORMAL
0.009,0.03,1,0,0,LOW
0.008,0.135,0,0,0,NORMAL
0.59,7.091,1,1,0,NORMAL
0.034,0.364,1,0,0,LOW
0.599,7.121,0,1,0,WASTAGE
0.583,6.968,0,1,0,WASTAGE
0.737,8.918,0,1,1,WASTAGE
0.969,11.68,1,1,1,NORMAL
0.523,6.265,1,1,0,NORMAL
0.012,0.261,1,0,0,LOW
0.02,0.232,0,0,0,NORMAL
0.031,0.299,1,0,0,LOW
0.0,0.037,0,0,0,NORMAL
0.001,0.101,1,0,0,LOW
0.835,9.981,0,1,1,WASTAGE
0.682,8.193,1,1,0,NORMAL
0.012,0.098,1,0,0,LOW
0.003,0.16,1,0,0,LOW
0.0,0.011,0,0,0,NORMAL
0.015,0.158,1,0,0,LOW
0.535,6.438,1,1,0,NORMAL
0.417,5.04,1,1,0,NORMAL
0.029,0.385,1,0,0,LOW
0.544,6.532,1,1,0,NORMAL
0.402,4.835,0,0,1,WASTAGE
0.341,4.008,0,0,1,WASTAGE
0.001,0.044,0,0,0,NORMAL
0.018,0.181,1,0,0,LOW
0.343,4.107,0,0,1,WASTAGE
0.409,5.004,0,0,1,WASTAGE
0.013,0.201,0,0,0,NORMAL
0.747,8.994,0,1,0,WASTAGE
0.807,9.738,1,1,1,NORMAL
0.864,10.379,1,1,1,NORMAL
0.01,0.085,1,0,0,LOW
0.574,6.909,0,0,1,WASTAGE
0.415,5.001,1,1,0,NORMAL
0.559,6.603,1,1,0,NORMAL
0.003,0.055,1,0,0,LOW
0.755,9.055,1,1,1,NORMAL
0.002,0.006,1,0,0,LOW
0.272,3.294,0,0,1,WASTAGE
0.459,5.522,0,0,1,WASTAGE
0.406,4.951,0,1,0,WASTAGE
0.023,0.345,0,0,0,NORMAL
0.727,8.738,0,1,1,WASTAGE
0.75,8.97,1,1,1,NORMAL
0.486,5.968,0,0,1,WASTAGE
0.67,8.033,0,1,1,WASTAGE
0.0,0.004,0,0,0,NORMAL
0.764,9.195,1,1,1,NORMAL
1.045,12.594,0,1,1,WASTAGE
0.012,0.188,1,0,0,LOW
0.919,11.004,0,1,1,WASTAGE
0.625,7.609,1,1,0,NORMAL
0.007,0.03,1,0,0,LOW
0.634,7.689,0,1,0,WASTAGE
0.378,4.569,0,1,0,WASTAGE
0.552,6.689,1,1,0,NORMAL
0.03,0.363,0,0,0,NORMAL
0.6,7.239,0,1,0,WASTAGE
0.374,4.445,0,0,1,WASTAGE
1.07,12.83,0,1,1,WASTAGE
0.247,3.031,0,0,1,WASTAGE
1.038,12.421,0,1,1,WASTAGE
0.453,5.438,0,1,0,WASTAGE
0.648,7.808,1,1,0,NORMAL
0.008,0.092,1,0,0,LOW
0.689,8.283,1,1,0,NORMAL
0.47,5.731,0,0,1,WASTAGE
0.653,7.853,0,1,0,WASTAGE
0.02,0.254,1,0,0,LOW
0.029,0.29,1,0,0,LOW
0.71,8.486,0,1,1,WASTAGE
0.93,11.226,0,1,1,WASTAGE
0.993,11.808,1,1,1,NORMAL
0.778,9.432,0,1,1,WASTAGE
0.028,0.279,0,0,0,NORMAL
0.59,7.217,1,1,1,NORMAL
0.024,0.277,1,0,0,LOW
0.021,0.276,1,0,0,LOW
0.018,0.057,0,0,0,NORMAL
0.044,0.447,0,0,0,NORMAL
0.778,9.442,0,1,1,WASTAGE
0.693,8.415,0,1,0,WASTAGE
0.259,3.123,0,0,1,WASTAGE
0.0,0.01,0,0,0,NORMAL
0.753,9.059,1,1,1,NORMAL
0.006,0.078,0,0,0,NORMAL
0.021,0.338,1,0,0,LOW
1.072,12.951,0,1,1,WASTAGE
0.607,7.27,1,1,0,NORMAL
0.02,0.28,0,0,0,NORMAL
0.607,7.278,0,1,1,WASTAGE
0.035,0.365,0,0,0,NORMAL
0.636,7.709,0,1,1,WASTAGE
0.939,11.356,1,1,1,NORMAL
0.53,6.297,1,1,0,NORMAL
0.004,0.093,0,0,0,NORMAL
0.748,8.937,0,1,0,WASTAGE
0.436,5.236,0,0,1,WASTAGE
0.681,8.152,0,1,0,WASTAGE
0.877,10.55,1,1,1,NORMAL
0.017,0.285,0,0,0,NORMAL
0.983,11.789,1,1,1,NORMAL
0.747,9.04,1,1,1,NORMAL
0.015,0.179,1,0,0,LOW
0.021,0.198,0,0,0,NORMAL
0.997,11.904,0,1,1,WASTAGE
0.864,10.365,1,1,1,NORMAL
0.0,0.012,0,0,0,NORMAL
0.007,0.088,0,0,0,NORMAL
0.517,6.157,0,0,1,WASTAGE
0.612,7.457,0,1,1,WASTAGE
0.834,9.941,0,1,1,WASTAGE
0.273,3.329,0,0,1,WASTAGE
0.61,7.32,1,1,0,NORMAL
0.001,0.125,1,0,0,LOW
0.735,8.79,0,1,0,WASTAGE
0.974,11.63,0,1,1,WASTAGE
0.922,11.018,0,1,1,WASTAGE
0.599,7.194,1,1,0,NORMAL
0.719,8.775,1,1,1,NORMAL
0.662,7.984,0,1,0,WASTAGE
0.032,0.445,0,0,0,NORMAL
0.337,4.016,0,0,1,WASTAGE
0.468,5.601,1,1,0,NORMAL
0.985,11.88,0,1,1,WASTAGE
0.003,0.031,1,0,0,LOW
0.012,0.157,1,0,0,LOW
0.601,7.14,1,1,0,NORMAL
0.792,9.486,1,1,1,NORMAL
0.006,0.058,0,0,0,NORMAL
0.935,11.259,0,1,1,WASTAGE
0.618,7.371,1,1,0,NORMAL
0.762,9.127,1,1,1,NORMAL
0.866,10.393,1,1,1,NORMAL
0.535,6.389,1,1,0,NORMAL
0.025,0.263,0,0,0,NORMAL
0.028,0.256,0,0,0,NORMAL
0.03,0.419,0,0,0,NORMAL
0.888,10.643,1,1,1,NORMAL
0.004,0.062,0,0,0,NORMAL
0.65,7.818,1,1,0,NORMAL
0.92,11.136,1,1,1,NORMAL
0.6,7.304,0,1,1,WASTAGE
0.329,3.955,0,0,1,WASTAGE
0.63,7.573,1,1,0,NORMAL
0.929,11.143,1,1,1,NORMAL
0.043,0.494,0,0,0,NORMAL
0.004,0.021,1,0,0,LOW
0.512,6.187,0,1,0,WASTAGE
0.761,9.023,1,1,1,NORMAL
0.82,9.885,1,1,1,NORMAL
0.616,7.305,0,1,0,WASTAGE
0.533,6.377,1,1,0,NORMAL
0.006,0.018,0,0,0,NORMAL
0.266,3.214,0,0,1,WASTAGE
0.53,6.375,0,1,0,WASTAGE
0.963,11.545,1,1,1,NORMAL
0.63,7.647,1,1,0,NORMAL
1.053,12.531,0,1,1,WASTAGE
0.475,5.724,0,1,0,WASTAGE
0.774,9.349,1,1,1,NORMAL
0.891,10.715,0,1,1,WASTAGE
0.009,0.036,0,0,0,NORMAL
0.585,7.044,0,1,0,WASTAGE
0.728,8.669,1,1,1,NORMAL
0.03,0.36,0,0,0,NORMAL
0.428,5.117,0,1,0,WASTAGE
0.796,9.49,1,1,1,NORMAL
0.456,5.474,0,0,1,WASTAGE
0.633,7.628,1,1,1,NORMAL
0.014,0.092,1,0,0,LOW
0.006,0.064,1,0,0,LOW
0.471,5.616,0,0,1,WASTAGE
0.499,5.953,1,1,0,NORMAL
0.0,0.07,0,0,0,NORMAL
0.639,7.653,0,1,1,WASTAGE
0.012,0.122,1,0,0,LOW
0.914,10.877,1,1,1,NORMAL
0.622,7.56,1,1,0,NORMAL
0.018,0.18,1,0,0,LOW
0.509,6.032,0,0,1,WASTAGE
0.445,5.357,1,1,0,NORMAL
0.027,0.387,1,0,0,LOW
0.437,5.294,1,1,0,NORMAL
0.04,0.437,0,0,0,NORMAL
1.02,12.211,0,1,1,WASTAGE
0.514,6.149,0,1,0,WASTAGE
0.024,0.387,1,0,0,LOW
0.699,8.339,0,1,0,WASTAGE
0.037,0.496,0,0,0,NORMAL
0.978,11.64,1,1,1,NORMAL
0.506,6.052,0,0,1,WASTAGE
0.016,0.205,1,0,0,LOW
0.967,11.558,1,1,1,NORMAL
0.45,5.347,0,0,1,WASTAGE
0.008,0.022,1,0,0,LOW
0.616,7.596,1,1,0,NORMAL
0.811,9.771,0,1,1,WASTAGE
0.575,6.904,1,1,0,NORMAL
0.009,0.11,0,0,0,NORMAL
0.983,11.88,1,1,1,NORMAL
0.022,0.142,1,0,0,LOW
0.004,0.077,1,0,0,LOW
0.67,8.038,0,1,1,WASTAGE
0.687,8.263,1,1,0,NORMAL
0.55,6.656,0,1,0,WASTAGE
0.605,7.318,1,1,0,NORMAL
0.032,0.301,1,0,0,LOW
0.004,0.029,1,0,0,LOW
0.887,10.623,0,1,1,WASTAGE
0.693,8.352,0,1,0,WASTAGE
0.998,12.014,0,1,1,WASTAGE
0.978,11.755,1,1,1,NORMAL
0.985,11.756,0,1,1,WASTAGE
0.383,4.465,0,0,1,WASTAGE
0.535,6.493,0,0,1,WASTAGE
0.922,10.992,0,1,1,WASTAGE
0.021,0.186,1,0,0,LOW
1.022,12.206,0,1,1,WASTAGE
0.564,6.725,1,1,0,NORMAL
0.634,7.562,1,1,1,NORMAL
0.489,5.852,0,0,1,WASTAGE
0.039,0.455,0,0,0,NORMAL
0.593,7.133,0,1,1,WASTAGE
0.039,0.376,0,0,0,NORMAL
0.508,6.122,1,1,0,NORMAL
0.434,5.185,0,0,1,WASTAGE
0.708,8.414,0,1,0,WASTAGE
0.011,0.118,1,0,0,LOW
0.294,3.599,0,0,1,WASTAGE
0.742,8.916,1,1,1,NORMAL
0.912,10.887,0,1,1,WASTAGE
0.616,7.499,1,1,1,NORMAL
0.911,10.901,0,1,1,WASTAGE
0.297,3.427,0,0,1,WASTAGE
0.03,0.364,0,0,0,NORMAL
1.084,12.97,0,1,1,WASTAGE
0.411,5.034,1,1,0,NORMAL
0.012,0.211,1,0,0,LOW
0.407,4.915,0,0,1,WASTAGE
0.305,3.574,0,0,1,WASTAGE
0.265,3.197,0,0,1,WASTAGE
0.032,0.281,1,0,0,LOW
0.837,10.004,1,1,1,NORMAL
0.013,0.13,1,0,0,LOW
0.656,7.736,0,1,1,WASTAGE
0.614,7.317,1,1,0,NORMAL
0.547,6.52,0,1,0,WASTAGE
0.931,11.213,1,1,1,NORMAL
0.027,0.288,0,0,0,NORMAL
0.03,0.356,1,0,0,LOW
0.442,5.302,0,1,0,WASTAGE
0.025,0.367,1,0,0,LOW
0.019,0.23,0,0,0,NORMAL
0.037,0.478,0,0,0,NORMAL
1.036,12.435,0,1,1,WASTAGE
0.917,11.081,1,1,1,NORMAL
0.941,11.306,1,1,1,NORMAL
0.682,8.236,1,1,1,NORMAL
0.69,8.183,1,1,0,NORMAL
0.013,0.106,0,0,0,NORMAL
1.052,12.569,0,1,1,WASTAGE
0.018,0.24,1,0,0,LOW
0.007,0.128,1,0,0,LOW
0.028,0.361,1,0,0,LOW
0.526,6.276,0,1,0,WASTAGE
0.013,0.045,1,0,0,LOW
0.002,0.051,0,0,0,NORMAL
0.387,4.726,0,1,0,WASTAGE
0.553,6.687,1,1,0,NORMAL
0.425,5.128,0,0,1,WASTAGE
0.692,8.203,1,1,0,NORMAL
0.011,0.152,1,0,0,LOW
0.483,5.832,0,1,0,WASTAGE
0.35,4.155,0,0,1,WASTAGE
0.002,0.009,0,0,0,NORMAL
0.908,10.856,1,1,1,NORMAL
0.029,0.329,0,0,0,NORMAL
0.036,0.376,1,0,0,LOW
0.857,10.315,1,1,1,NORMAL
0.554,6.538,0,1,0,WASTAGE
0.654,7.817,1,1,0,NORMAL
0.531,6.417,1,1,0,NORMAL
0.447,5.467,1,1,0,NORMAL
0.881,10.51,1,1,1,NORMAL
0.7,8.45,1,1,1,NORMAL
0.006,0.106,1,0,0,LOW
0.569,6.761,0,1,0,WASTAGE
0.449,5.345,1,1,0,NORMAL
0.496,6.011,1,1,0,NORMAL
1.079,12.912,0,1,1,WASTAGE
0.675,8.068,1,1,1,NORMAL
0.795,9.584,0,1,1,WASTAGE
0.018,0.246,1,0,0,LOW
0.014,0.181,0,0,0,NORMAL
0.048,0.499,0,0,0,NORMAL
0.59,7.223,1,1,1,NORMAL
0.037,0.348,1,0,0,LOW
0.411,4.971,0,0,1,WASTAGE
0.628,7.618,0,1,0,WASTAGE
0.781,9.365,0,1,1,WASTAGE
0.006,0.123,0,0,0,NORMAL
0.547,6.517,0,1,0,WASTAGE
0.379,4.561,0,1,0,WASTAGE
1.004,11.986,0,1,1,WASTAGE
0.525,6.326,1,1,0,NORMAL
0.979,11.643,1,1,1,NORMAL
0.827,9.87,1,1,1,NORMAL
0.838,10.031,1,1,1,NORMAL
0.607,7.247,0,1,0,WASTAGE
0.708,8.559,1,1,1,NORMAL
0.441,5.197,0,0,1,WASTAGE
0.014,0.159,0,0,0,NORMAL
0.637,7.559,0,1,0,WASTAGE
0.783,9.447,1,1,1,NORMAL
0.845,10.103,0,1,1,WASTAGE
0.541,6.477,0,1,0,WASTAGE
0.306,3.805,0,0,1,WASTAGE
0.018,0.304,0,0,0,NORMAL
0.645,7.83,0,1,0,WASTAGE
0.034,0.276,1,0,0,LOW
0.666,8.138,1,1,0,NORMAL
0.016,0.152,0,0,0,NORMAL
0.704,8.376,0,1,0,WASTAGE
0.521,6.291,0,1,0,WASTAGE
0.263,3.245,0,0,1,WASTAGE
0.946,11.38,0,1,1,WASTAGE
0.564,6.867,1,1,0,NORMAL
0.628,7.571,0,1,1,WASTAGE
0.735,8.826,0,1,0,WASTAGE
0.515,6.211,0,0,1,WASTAGE
0.722,8.603,1,1,1,NORMAL
0.555,6.707,0,0,1,WASTAGE
0.412,5.0,0,1,0,WASTAGE
0.64,7.68,0,1,0,WASTAGE
0.273,3.277,0,0,1,WASTAGE
0.014,0.191,0,0,0,NORMAL
0.7,8.361,0,1,1,WASTAGE
0.011,0.111,0,0,0,NORMAL
0.555,6.579,0,0,1,WASTAGE
0.554,6.625,0,0,1,WASTAGE
0.024,0.291,0,0,0,NORMAL
0.951,11.46,0,1,1,WASTAGE
0.0,0.027,0,0,0,NORMAL
0.683,8.111,0,1,1,WASTAGE
0.029,0.305,1,0,0,LOW
0.682,8.193,1,1,0,NORMAL
0.014,0.145,0,0,0,NORMAL
1.08,12.975,0,1,1,WASTAGE
0.005,0.027,1,0,0,LOW
0.27,3.205,0,0,1,WASTAGE
0.7,8.272,0,1,1,WASTAGE
0.576,6.999,0,0,1,WASTAGE
1.072,12.887,0,1,1,WASTAGE
0.521,6.189,0,1,0,WASTAGE
0.623,7.494,0,1,0,WASTAGE
0.646,7.811,1,1,0,NORMAL
0.727,8.78,1,1,1,NORMAL
0.852,10.216,0,1,1,WASTAGE
0.012,0.211,0,0,0,NORMAL
0.443,5.299,0,0,1,WASTAGE
0.011,0.135,1,0,0,LOW
0.817,9.859,1,1,1,NORMAL
0.588,7.096,0,1,0,WASTAGE
0.54,6.453,0,1,0,WASTAGE
0.863,10.3,0,1,1,WASTAGE
0.444,5.269,1,1,0,NORMAL
0.906,10.85,0,1,1,WASTAGE
1.011,12.146,0,1,1,WASTAGE
0.686,8.285,1,1,0,NORMAL
0.77,9.242,0,1,1,WASTAGE
0.748,8.98,0,1,0,WASTAGE
0.003,0.053,1,0,0,LOW
0.46,5.52,1,1,0,NORMAL
0.441,5.322,0,1,0,WASTAGE
0.017,0.158,0,0,0,NORMAL
0.029,0.258,1,0,0,LOW
0.019,0.275,1,0,0,LOW
0.391,4.522,0,1,0,WASTAGE
0.032,0.397,0,0,0,NORMAL
0.423,5.185,0,0,1,WASTAGE
0.694,8.268,1,1,1,NORMAL
0.32,3.947,0,0,1,WASTAGE
0.496,5.998,1,1,0,NORMAL
0.421,5.135,0,0,1,WASTAGE
0.665,8.029,1,1,1,NORMAL
0.716,8.493,1,1,1,NORMAL
0.01,0.095,1,0,0,LOW
0.777,9.372,0,1,1,WASTAGE
0.003,0.019,1,0,0,LOW
0.013,0.162,0,0,0,NORMAL
0.721,8.664,0,1,1,WASTAGE
0.506,6.116,0,1,0,WASTAGE
0.51,6.208,1,1,0,NORMAL
0.0,0.02,0,0,0,NORMAL
0.032,0.441,0,0,0,NORMAL
0.423,5.016,0,0,1,WASTAGE
0.0,0.018,1,0,0,LOW
0.593,7.205,1,1,0,NORMAL
0.977,11.752,1,1,1,NORMAL
0.921,11.042,0,1,1,WASTAGE
0.433,5.168,0,0,1,WASTAGE
0.487,5.917,0,0,1,WASTAGE
0.454,5.567,1,1,0,NORMAL
0.576,7.015,1,1,0,NORMAL
0.014,0.232,1,0,0,LOW
0.013,0.281,1,0,0,LOW
0.521,6.147,0,0,1,WASTAGE
0.878,10.612,1,1,1,NORMAL
0.545,6.642,0,1,0,WASTAGE
0.989,11.915,1,1,1,NORMAL
0.475,5.794,1,1,0,NORMAL
0.695,8.33,1,1,0,NORMAL
0.764,9.206,0,1,1,WASTAGE
0.472,5.691,1,1,0,NORMAL
0.038,0.466,0,0,0,NORMAL
0.401,4.827,0,1,0,WASTAGE
0.332,3.977,0,0,1,WASTAGE
0.704,8.475,1,1,1,NORMAL
0.475,5.608,0,0,1,WASTAGE
0.602,7.21,1,1,0,NORMAL
0.359,4.391,0,0,1,WASTAGE
0.276,3.229,0,0,1,WASTAGE
0.028,0.402,0,0,0,NORMAL
0.592,7.169,0,1,0,WASTAGE
0.008,0.072,1,0,0,LOW
0.477,5.732,1,1,0,NORMAL
0.51,6.165,0,0,1,WASTAGE
0.573,6.955,0,0,1,WASTAGE
0.604,7.281,0,1,1,WASTAGE
0.024,0.262,1,0,0,LOW
0.006,0.074,0,0,0,NORMAL
0.03,0.407,0,0,0,NORMAL
0.527,6.296,0,1,0,WASTAGE
0.004,0.044,0,0,0,NORMAL
0.28,3.278,0,0,1,WASTAGE
0.008,0.053,1,0,0,LOW
0.498,5.927,0,1,0,WASTAGE
0.029,0.358,0,0,0,NORMAL
0.536,6.421,0,0,1,WASTAGE
0.006,0.098,1,0,0,LOW
0.009,0.115,0,0,0,NORMAL
0.769,9.302,1,1,1,NORMAL
0.803,9.633,0,1,1,WASTAGE
0.692,8.297,1,1,0,NORMAL
0.014,0.11,1,0,0,LOW
0.981,11.773,1,1,1,NORMAL
0.582,7.009,1,1,0,NORMAL
0.758,9.087,1,1,1,NORMAL
0.01,0.12,0,0,0,NORMAL
0.022,0.326,1,0,0,LOW
0.394,4.669,0,1,0,WASTAGE
0.962,11.554,1,1,1,NORMAL
0.649,7.879,1,1,1,NORMAL
0.023,0.235,1,0,0,LOW
0.595,7.042,0,1,0,WASTAGE
0.545,6.453,1,1,0,NORMAL
0.795,9.537,1,1,1,NORMAL
0.717,8.654,1,1,1,NORMAL
0.007,0.207,1,0,0,LOW
0.317,3.721,0,0,1,WASTAGE
0.033,0.29,0,0,0,NORMAL
0.821,9.806,0,1,1,WASTAGE
1.011,12.279,0,1,1,WASTAGE
0.022,0.19,1,0,0,LOW
0.423,5.086,1,1,0,NORMAL
0.015,0.2,0,0,0,NORMAL
0.27,3.194,0,0,1,WASTAGE
0.031,0.381,0,0,0,NORMAL
0.047,0.496,0,0,0,NORMAL
0.023,0.214,0,0,0,NORMAL
0.315,3.846,0,0,1,WASTAGE
0.424,5.081,0,1,0,WASTAGE
0.527,6.439,1,1,0,NORMAL
0.707,8.454,0,1,1,WASTAGE
0.004,0.054,0,0,0,NORMAL
0.283,3.339,0,0,1,WASTAGE
0.844,10.101,0,1,1,WASTAGE
0.542,6.55,1,1,0,NORMAL
0.998,11.897,0,1,1,WASTAGE
0.472,5.682,1,1,0,NORMAL
0.008,0.042,1,0,0,LOW
0.605,7.246,1,1,1,NORMAL
0.027,0.308,0,0,0,NORMAL
0.605,7.278,1,1,0,NORMAL
0.322,3.966,0,0,1,WASTAGE
0.858,10.222,0,1,1,WASTAGE
0.478,5.67,0,0,1,WASTAGE
0.526,6.348,1,1,0,NORMAL
0.593,7.124,1,1,0,NORMAL
0.582,7.009,0,1,0,WASTAGE
0.015,0.23,0,0,0,NORMAL
0.019,0.2,0,0,0,NORMAL
0.611,7.352,0,1,0,WASTAGE
0.012,0.196,1,0,0,LOW
0.515,6.06,0,1,0,WASTAGE
0.305,3.637,0,0,1,WASTAGE
0.58,7.048,0,1,0,WASTAGE
0.394,4.73,0,1,0,WASTAGE
0.43,5.247,1,1,0,NORMAL
0.033,0.326,1,0,0,LOW
0.901,10.767,1,1,1,NORMAL
0.012,0.079,1,0,0,LOW
0.461,5.551,0,1,0,WASTAGE
0.826,9.965,0,1,1,WASTAGE
0.015,0.144,1,0,0,LOW
0.285,3.398,0,0,1,WASTAGE
0.03,0.348,0,0,0,NORMAL
0.02,0.226,0,0,0,NORMAL
0.91,10.905,0,1,1,WASTAGE
0.636,7.626,0,1,0,WASTAGE
0.954,11.476,1,1,1,NORMAL
0.038,0.344,1,0,0,LOW
0.016,0.259,1,0,0,LOW
0.838,10.062,0,1,1,WASTAGE
0.752,8.991,1,1,1,NORMAL
0.01,0.019,1,0,0,LOW
0.915,11.109,0,1,1,WASTAGE
0.457,5.361,1,1,0,NORMAL
0.021,0.2,0,0,0,NORMAL
0.041,0.484,0,0,0,NORMAL
0.01,0.101,1,0,0,LOW
0.861,10.343,1,1,1,NORMAL
0.695,8.31,1,1,0,NORMAL
0.383,4.611,0,1,0,WASTAGE
0.594,7.144,0,1,0,WASTAGE
0.371,4.42,0,0,1,WASTAGE
0.255,3.116,0,0,1,WASTAGE
0.738,8.842,0,1,1,WASTAGE
0.364,4.337,0,0,1,WASTAGE
0.7,8.373,0,1,0,WASTAGE
0.029,0.357,0,0,0,NORMAL
0.033,0.44,0,0,0,NORMAL
0.009,0.035,1,0,0,LOW
0.032,0.286,1,0,0,LOW
0.709,8.583,1,1,1,NORMAL
0.025,0.256,1,0,0,LOW
0.421,4.998,0,0,1,WASTAGE
0.741,8.824,0,1,0,WASTAGE
0.006,0.06,1,0,0,LOW
0.872,10.547,1,1,1,NORMAL
0.019,0.235,1,0,0,LOW
0.711,8.456,0,1,1,WASTAGE
0.004,0.065,0,0,0,NORMAL
1.009,12.085,0,1,1,WASTAGE
0.717,8.65,0,1,0,WASTAGE
0.793,9.481,0,1,1,WASTAGE
0.449,5.433,0,0,1,WASTAGE
0.68,8.167,0,1,0,WASTAGE
0.788,9.47,0,1,1,WASTAGE
0.037,0.422,0,0,0,NORMAL
0.856,10.2,1,1,1,NORMAL
0.491,5.935,0,0,1,WASTAGE
0.679,8.267,1,1,1,NORMAL
0.412,4.972,0,1,0,WASTAGE
0.014,0.13,0,0,0,NORMAL
0.72,8.674,0,1,0,WASTAGE
0.981,11.707,0,1,1,WASTAGE
0.511,6.125,0,1,0,WASTAGE
0.005,0.088,1,0,0,LOW
0.479,5.754,0,1,0,WASTAGE
0.495,6.064,0,0,1,WASTAGE
0.009,0.095,0,0,0,NORMAL
0.542,6.534,1,1,0,NORMAL
0.004,0.114,0,0,0,NORMAL
0.031,0.344,1,0,0,LOW
0.398,4.829,0,0,1,WASTAGE
0.011,0.106,0,0,0,NORMAL
0.828,9.856,0,1,1,WASTAGE
0.599,7.221,1,1,1,NORMAL
0.492,5.796,0,0,1,WASTAGE
0.678,8.17,1,1,0,NORMAL
0.513,6.105,1,1,0,NORMAL
0.026,0.316,0,0,0,NORMAL
0.028,0.301,1,0,0,LOW
0.009,0.029,1,0,0,LOW
0.663,7.949,0,1,1,WASTAGE
0.797,9.626,1,1,1,NORMAL
0.03,0.316,0,0,0,NORMAL
0.698,8.414,0,1,0,WASTAGE
0.309,3.693,0,0,1,WASTAGE
0.592,7.058,0,1,1,WASTAGE
0.586,6.971,0,0,1,WASTAGE
0.024,0.254,1,0,0,LOW
0.582,7.007,0,1,0,WASTAGE
0.546,6.611,1,1,0,NORMAL
0.02,0.24,0,0,0,NORMAL
0.008,0.027,0,0,0,NORMAL
0.903,10.914,0,1,1,WASTAGE
0.663,7.878,1,1,1,NORMAL
0.0,0.017,1,0,0,LOW
0.488,5.8,0,0,1,WASTAGE
0.013,0.229,1,0,0,LOW
0.916,10.953,0,1,1,WASTAGE
0.57,6.657,0,0,1,WASTAGE
0.613,7.324,1,1,0,NORMAL
0.442,5.356,1,1,0,NORMAL
0.806,9.753,0,1,1,WASTAGE
0.501,5.947,1,1,0,NORMAL
0.361,4.451,0,0,1,WASTAGE
0.59,7.205,0,1,0,WASTAGE
0.787,9.439,1,1,1,NORMAL
0.627,7.498,1,1,0,NORMAL
0.589,7.086,1,1,0,NORMAL
0.417,4.994,0,0,1,WASTAGE
0.456,5.343,0,1,0,WASTAGE
0.028,0.334,0,0,0,NORMAL
0.0,0.031,0,0,0,NORMAL
0.031,0.273,0,0,0,NORMAL
0.29,3.481,0,0,1,WASTAGE
0.651,7.775,1,1,1,NORMAL
0.018,0.259,1,0,0,LOW
0.66,7.994,1,1,1,NORMAL
0.664,7.991,1,1,0,NORMAL
0.511,6.081,0,1,0,WASTAGE
0.884,10.764,1,1,1,NORMAL
0.344,4.142,0,0,1,WASTAGE
0.008,0.154,0,0,0,NORMAL
0.008,0.096,1,0,0,LOW
0.003,0.056,0,0,0,NORMAL
0.02,0.196,1,0,0,LOW
0.033,0.362,1,0,0,LOW
0.67,8.032,1,1,0,NORMAL
0.814,9.853,1,1,1,NORMAL
0.026,0.308,1,0,0,LOW
0.371,4.326,0,0,1,WASTAGE
0.039,0.479,0,0,0,NORMAL
0.823,9.772,0,1,1,WASTAGE
1.012,12.071,0,1,1,WASTAGE
0.032,0.353,1,0,0,LOW
0.01,0.156,1,0,0,LOW
1.004,12.003,0,1,1,WASTAGE
0.5,5.98,0,0,1,WASTAGE
0.828,9.967,0,1,1,WASTAGE
0.025,0.296,0,0,0,NORMAL
0.007,0.05,1,0,0,LOW
0.493,5.849,0,1,0,WASTAGE
0.021,0.282,1,0,0,LOW
0.005,0.053,0,0,0,NORMAL
0.492,5.959,0,0,1,WASTAGE
0.572,6.831,0,0,1,WASTAGE
0.376,4.451,0,0,1,WASTAGE
0.0,0.038,1,0,0,LOW
0.025,0.432,0,0,0,NORMAL
0.741,8.941,0,1,0,WASTAGE
0.526,6.225,0,0,1,WASTAGE
0.984,11.869,1,1,1,NORMAL
0.72,8.63,0,1,0,WASTAGE
0.019,0.236,0,0,0,NORMAL
0.817,9.785,1,1,1,NORMAL
0.031,0.215,0,0,0,NORMAL
0.032,0.342,0,0,0,NORMAL
0.025,0.271,1,0,0,LOW
0.549,6.615,0,0,1,WASTAGE
0.598,7.141,1,1,1,NORMAL
0.021,0.266,0,0,0,NORMAL
0.008,0.036,0,0,0,NORMAL
0.657,7.827,0,1,0,WASTAGE
0.736,8.825,1,1,1,NORMAL
0.013,0.125,1,0,0,LOW
0.478,5.703,1,1,0,NORMAL
0.628,7.614,0,1,1,WASTAGE
0.03,0.364,0,0,0,NORMAL
0.956,11.469,0,1,1,WASTAGE
0.508,6.092,1,1,0,NORMAL
0.021,0.292,1,0,0,LOW
0.016,0.23,0,0,0,NORMAL
0.577,6.931,1,1,0,NORMAL
0.009,0.107,0,0,0,NORMAL
0.81,9.592,0,1,1,WASTAGE
0.479,5.726,0,1,0,WASTAGE
0.433,5.168,0,1,0,WASTAGE
0.682,8.141,0,1,1,WASTAGE
0.624,7.502,1,1,0,NORMAL
0.603,7.378,0,1,1,WASTAGE
0.456,5.495,0,1,0,WASTAGE
0.865,10.464,1,1,1,NORMAL
0.041,0.332,1,0,0,LOW
0.906,10.958,1,1,1,NORMAL
0.011,0.19,1,0,0,LOW
0.008,0.1,1,0,0,LOW
0.003,0.136,0,0,0,NORMAL
0.752,8.847,1,1,1,NORMAL
0.51,6.053,1,1,0,NORMAL
0.004,0.073,1,0,0,LOW
0.56,6.687,0,0,1,WASTAGE
0.574,6.928,0,1,0,WASTAGE
0.751,8.958,1,1,1,NORMAL
0.491,5.867,0,0,1,WASTAGE
0.792,9.506,0,1,1,WASTAGE
0.872,10.466,1,1,1,NORMAL
0.015,0.163,1,0,0,LOW
0.901,10.879,0,1,1,WASTAGE
0.721,8.744,0,1,0,WASTAGE
0.589,7.023,1,1,0,NORMAL
0.604,7.248,0,1,0,WASTAGE
0.631,7.581,1,1,0,NORMAL
0.04,0.399,0,0,0,NORMAL
0.848,10.126,1,1,1,NORMAL
0.021,0.215,0,0,0,NORMAL
0.459,5.544,0,1,0,WASTAGE
0.776,9.245,1,1,1,NORMAL
0.868,10.404,0,1,1,WASTAGE
0.022,0.215,0,0,0,NORMAL
0.022,0.392,0,0,0,NORMAL
0.622,7.493,0,1,0,WASTAGE
0.716,8.518,0,1,0,WASTAGE
0.419,5.089,1,1,0,NORMAL
0.508,6.067,0,1,0,WASTAGE
0.029,0.354,0,0,0,NORMAL
0.542,6.508,0,0,1,WASTAGE
0.691,8.305,0,1,0,WASTAGE
0.511,6.141,0,0,1,WASTAGE
0.449,5.403,1,1,0,NORMAL
0.689,8.182,1,1,0,NORMAL
0.61,7.376,1,1,1,NORMAL
0.641,7.632,1,1,1,NORMAL
0.019,0.237,1,0,0,LOW
0.031,0.398,0,0,0,NORMAL
0.029,0.315,1,0,0,LOW
0.017,0.228,1,0,0,LOW
0.82,9.934,1,1,1,NORMAL
0.032,0.295,1,0,0,LOW
0.942,11.324,0,1,1,WASTAGE
0.722,8.638,0,1,0,WASTAGE
0.423,5.002,0,0,1,WASTAGE
0.0,0.008,1,0,0,LOW
0.929,11.161,0,1,1,WASTAGE
0.597,7.177,0,1,0,WASTAGE
0.842,10.003,0,1,1,WASTAGE
0.865,10.48,1,1,1,NORMAL
0.035,0.369,1,0,0,LOW
0.021,0.171,0,0,0,NORMAL
0.897,10.708,0,1,1,WASTAGE
0.036,0.352,1,0,0,LOW
0.966,11.595,1,1,1,NORMAL
0.808,9.654,1,1,1,NORMAL
0.687,8.155,0,1,1,WASTAGE
0.558,6.633,0,0,1,WASTAGE
0.01,0.053,1,0,0,LOW
0.354,4.21,0,0,1,WASTAGE
0.82,9.829,1,1,1,NORMAL
0.45,5.379,1,1,0,NORMAL
0.751,8.914,0,1,1,WASTAGE
0.517,6.244,0,1,0,WASTAGE
0.022,0.241,1,0,0,LOW
0.019,0.123,1,0,0,LOW
0.736,8.841,1,1,1,NORMAL
0.447,5.545,0,0,1,WASTAGE
0.925,11.136,0,1,1,WASTAGE
0.968,11.528,0,1,1,WASTAGE
0.019,0.266,1,0,0,LOW
0.005,0.004,0,0,0,NORMAL
0.393,4.762,0,1,0,WASTAGE
0.781,9.312,1,1,1,NORMAL
0.01,0.093,1,0,0,LOW
0.693,8.269,1,1,0,NORMAL
0.634,7.637,0,1,1,WASTAGE
0.645,7.861,1,1,0,NORMAL
0.748,8.951,0,1,0,WASTAGE
0.521,6.249,1,1,0,NORMAL
0.75,8.964,1,1,1,NORMAL
0.396,4.704,0,1,0,WASTAGE
0.45,5.339,0,1,0,WASTAGE
0.632,7.546,1,1,1,NORMAL
0.764,9.213,0,1,1,WASTAGE
0.67,8.044,1,1,0,NORMAL
0.011,0.12,1,0,0,LOW
0.55,6.636,1,1,0,NORMAL
1.048,12.608,0,1,1,WASTAGE
0.497,6.016,0,1,0,WASTAGE
0.021,0.225,1,0,0,LOW
0.794,9.558,1,1,1,NORMAL
0.005,0.119,0,0,0,NORMAL
0.829,10.0,0,1,1,WASTAGE
1.057,12.743,0,1,1,WASTAGE
0.465,5.568,0,1,0,WASTAGE
0.576,6.825,0,0,1,WASTAGE
0.039,0.421,0,0,0,NORMAL
0.804,9.662,1,1,1,NORMAL
0.019,0.181,1,0,0,LOW
0.391,4.691,0,1,0,WASTAGE
0.716,8.603,1,1,1,NORMAL
0.594,7.068,0,1,0,WASTAGE
0.593,7.126,0,1,1,WASTAGE
0.669,8.058,1,1,0,NORMAL
0.993,12.011,0,1,1,WASTAGE
0.569,6.934,1,1,0,NORMAL
0.742,8.908,0,1,1,WASTAGE
0.679,8.18,1,1,1,NORMAL
0.449,5.399,0,0,1,WASTAGE
0.436,5.174,0,1,0,WASTAGE
0.31,3.759,0,0,1,WASTAGE
0.461,5.541,1,1,0,NORMAL
0.548,6.49,0,0,1,WASTAGE
0.025,0.326,0,0,0,NORMAL
0.409,4.92,0,1,0,WASTAGE
0.02,0.24,0,0,0,NORMAL
0.298,3.545,0,0,1,WASTAGE
0.456,5.48,0,1,0,WASTAGE
0.006,0.144,0,0,0,NORMAL
0.021,0.235,0,0,0,NORMAL
0.961,11.607,1,1,1,NORMAL
0.021,0.147,1,0,0,LOW
0.644,7.792,1,1,0,NORMAL
0.011,0.162,1,0,0,LOW
0.706,8.53,0,1,0,WASTAGE
0.559,6.786,0,1,0,WASTAGE
0.487,5.747,1,1,0,NORMAL
0.701,8.388,1,1,0,NORMAL
0.031,0.223,1,0,0,LOW
0.592,7.246,1,1,1,NORMAL
0.015,0.174,0,0,0,NORMAL
0.311,3.763,0,0,1,WASTAGE
0.814,9.806,0,1,1,WASTAGE
0.64,7.692,1,1,1,NORMAL
0.45,5.5,1,1,0,NORMAL
0.816,9.77,1,1,1,NORMAL
0.0,0.061,0,0,0,NORMAL
0.463,5.524,0,0,1,WASTAGE
0.65,7.825,0,1,0,WASTAGE
0.027,0.38,0,0,0,NORMAL
0.487,5.932,0,1,0,WASTAGE
0.472,5.767,0,1,0,WASTAGE
0.468,5.606,0,0,1,WASTAGE
0.655,7.878,1,1,0,NORMAL
0.643,7.756,0,1,1,WASTAGE
0.417,5.021,0,0,1,WASTAGE
0.397,4.756,0,0,1,WASTAGE
0.932,11.175,1,1,1,NORMAL
0.521,6.303,1,1,0,NORMAL
0.712,8.462,1,1,0,NORMAL
0.511,6.077,1,1,0,NORMAL
0.707,8.456,1,1,1,NORMAL
0.335,4.011,0,0,1,WASTAGE
0.006,0.073,0,0,0,NORMAL
0.676,8.075,1,1,1,NORMAL
0.039,0.474,0,0,0,NORMAL
0.818,9.829,1,1,1,NORMAL
0.035,0.394,0,0,0,NORMAL
0.032,0.448,0,0,0,NORMAL
0.422,5.149,0,0,1,WASTAGE
0.634,7.661,0,1,1,WASTAGE
0.329,3.821,0,0,1,WASTAGE
0.68,8.151,1,1,0,NORMAL
0.018,0.124,0,0,0,NORMAL
0.008,0.16,1,0,0,LOW
0.48,5.811,0,0,1,WASTAGE
0.661,7.942,0,1,0,WASTAGE
0.019,0.346,1,0,0,LOW
0.013,0.196,1,0,0,LOW
0.717,8.574,0,1,0,WASTAGE
1.06,12.702,0,1,1,WASTAGE
0.423,5.107,1,1,0,NORMAL
0.0,0.028,1,0,0,LOW
0.245,3.068,0,0,1,WASTAGE
0.45,5.463,0,0,1,WASTAGE
0.26,3.142,0,0,1,WASTAGE
0.607,7.297,1,1,0,NORMAL
0.616,7.421,1,1,0,NORMAL
0.012,0.159,0,0,0,NORMAL
0.036,0.39,1,0,0,LOW
0.718,8.526,1,1,1,NORMAL
0.888,10.603,0,1,1,WASTAGE
0.564,6.751,0,0,1,WASTAGE
0.592,7.092,1,1,0,NORMAL
0.847,10.159,1,1,1,NORMAL
0.0,0.076,0,0,0,NORMAL
0.028,0.267,1,0,0,LOW
0.508,5.948,0,1,0,WASTAGE
0.879,10.533,0,1,1,WASTAGE
0.02,0.206,1,0,0,LOW
0.478,5.683,0,0,1,WASTAGE
0.656,7.913,1,1,0,NORMAL
0.392,4.808,0,1,0,WASTAGE
0.448,5.411,0,0,1,WASTAGE
0.962,11.537,1,1,1,NORMAL
0.003,0.006,1,0,0,LOW
0.277,3.31,0,0,1,WASTAGE
0.427,5.121,1,1,0,NORMAL
0.842,10.208,0,1,1,WASTAGE
0.666,7.982,0,1,1,WASTAGE
0.714,8.628,0,1,0,WASTAGE
0.649,7.742,0,1,1,WASTAGE
0.496,5.901,0,1,0,WASTAGE
0.012,0.213,0,0,0,NORMAL
0.759,9.104,1,1,1,NORMAL
0.49,5.838,0,0,1,WASTAGE
0.971,11.69,0,1,1,WASTAGE
0.381,4.689,0,0,1,WASTAGE
0.552,6.694,0,0,1,WASTAGE
0.58,6.991,0,0,1,WASTAGE
0.828,9.944,1,1,1,NORMAL
0.523,6.197,1,1,0,NORMAL
0.941,11.245,1,1,1,NORMAL
0.654,7.924,0,1,1,WASTAGE
0.579,6.922,0,0,1,WASTAGE
0.543,6.601,0,0,1,WASTAGE
0.316,3.783,0,0,1,WASTAGE
0.309,3.77,0,0,1,WASTAGE
0.048,0.488,0,0,0,NORMAL
0.875,10.56,1,1,1,NORMAL
0.002,0.104,0,0,0,NORMAL
0.681,8.236,1,1,0,NORMAL
0.011,0.18,0,0,0,NORMAL
0.978,11.843,0,1,1,WASTAGE
0.77,9.24,1,1,0,NORMAL
0.544,6.573,0,1,0,WASTAGE
0.482,5.732,0,1,0,WASTAGE
0.788,9.477,0,1,1,WASTAGE
0.421,5.139,0,0,1,WASTAGE
0.623,7.419,1,1,1,NORMAL
0.388,4.659,0,0,1,WASTAGE
0.581,6.934,1,1,0,NORMAL
0.01,0.015,1,0,0,LOW
0.563,6.779,0,1,0,WASTAGE
0.486,5.79,0,0,1,WASTAGE
0.0,0.066,0,0,0,NORMAL
0.465,5.674,1,1,0,NORMAL
0.666,8.143,1,1,0,NORMAL
0.012,0.167,1,0,0,LOW
0.646,7.836,1,1,1,NORMAL
0.005,0.121,0,0,0,NORMAL
0.699,8.413,0,1,1,WASTAGE
0.512,6.143,0,1,0,WASTAGE
0.723,8.776,1,1,1,NORMAL
0.509,6.197,0,0,1,WASTAGE
0.023,0.318,1,0,0,LOW
0.436,5.214,0,0,1,WASTAGE
0.643,7.679,1,1,0,NORMAL
0.445,5.347,0,1,0,WASTAGE
0.608,7.322,1,1,1,NORMAL
0.34,4.087,0,0,1,WASTAGE
0.01,0.124,0,0,0,NORMAL
0.0,0.006,0,0,0,NORMAL
0.009,0.012,1,0,0,LOW
0.548,6.553,0,0,1,WASTAGE
0.026,0.194,0,0,0,NORMAL
0.56,6.771,1,1,0,NORMAL
0.349,4.232,0,0,1,WASTAGE
0.006,0.124,0,0,0,NORMAL
0.698,8.44,1,1,0,NORMAL
0.015,0.133,0,0,0,NORMAL
1.073,12.853,0,1,1,WASTAGE
0.03,0.369,1,0,0,LOW
0.979,11.694,1,1,1,NORMAL
0.351,4.194,0,0,1,WASTAGE
0.696,8.242,0,1,1,WASTAGE
0.741,8.932,0,1,0,WASTAGE
0.699,8.394,0,1,0,WASTAGE
0.463,5.609,1,1,0,NORMAL
0.025,0.182,1,0,0,LOW
0.039,0.414,0,0,0,NORMAL
0.017,0.275,1,0,0,LOW
0.409,4.826,0,1,0,WASTAGE
0.008,0.076,1,0,0,LOW
0.034,0.4,0,0,0,NORMAL
0.275,3.387,0,0,1,WASTAGE
0.788,9.463,1,1,1,NORMAL
0.465,5.582,0,0,1,WASTAGE
0.427,5.255,1,1,0,NORMAL
0.747,8.965,1,1,1,NORMAL
0.357,4.352,0,0,1,WASTAGE
0.305,3.771,0,0,1,WASTAGE
0.456,5.343,1,1,0,NORMAL
0.622,7.473,1,1,0,NORMAL
0.326,3.96,0,0,1,WASTAGE
0.796,9.681,1,1,1,NORMAL
0.906,10.755,0,1,1,WASTAGE
0.016,0.225,0,0,0,NORMAL
0.406,4.905,0,1,0,WASTAGE
0.677,8.049,0,1,0,WASTAGE
0.027,0.297,1,0,0,LOW
0.79,9.461,0,1,1,WASTAGE
0.004,0.1,0,0,0,NORMAL
0.627,7.501,0,1,1,WASTAGE
0.003,0.123,1,0,0,LOW
0.016,0.156,1,0,0,LOW
0.013,0.18,1,0,0,LOW
0.41,4.928,0,0,1,WASTAGE
0.58,7.019,1,1,0,NORMAL
0.59,6.982,0,0,1,WASTAGE
0.043,0.455,0,0,0,NORMAL
0.637,7.728,0,1,1,WASTAGE
0.601,7.125,0,1,1,WASTAGE
0.023,0.241,0,0,0,NORMAL
0.577,6.823,0,0,1,WASTAGE
0.418,5.005,0,1,0,WASTAGE
0.536,6.427,1,1,0,NORMAL
0.476,5.779,1,1,0,NORMAL
0.012,0.264,1,0,0,LOW
0.027,0.36,1,0,0,LOW
0.582,7.049,0,1,0,WASTAGE
0.017,0.181,1,0,0,LOW
0.879,10.588,0,1,1,WASTAGE
0.63,7.56,1,1,0,NORMAL
0.75,9.114,1,1,1,NORMAL
0.268,3.195,0,0,1,WASTAGE
0.352,4.237,0,0,1,WASTAGE
0.573,6.948,1,1,0,NORMAL
0.557,6.683,0,0,1,WASTAGE
0.831,10.021,1,1,1,NORMAL
0.674,8.075,0,1,0,WASTAGE
0.003,0.076,0,0,0,NORMAL
0.567,6.787,0,0,1,WASTAGE
0.011,0.026,0,0,0,NORMAL
0.667,7.956,1,1,1,NORMAL
0.547,6.504,1,1,0,NORMAL
0.684,8.103,1,1,0,NORMAL
0.642,7.679,0,1,1,WASTAGE
0.51,6.149,1,1,0,NORMAL
0.012,0.172,1,0,0,LOW
0.913,10.912,0,1,1,WASTAGE
0.512,6.162,1,1,0,NORMAL
0.334,4.043,0,0,1,WASTAGE
0.603,7.184,0,1,1,WASTAGE
0.026,0.333,0,0,0,NORMAL
0.51,6.08,0,0,1,WASTAGE
0.684,8.236,0,1,0,WASTAGE
0.029,0.284,0,0,0,NORMAL
0.612,7.418,0,1,0,WASTAGE
0.019,0.252,1,0,0,LOW
0.019,0.14,0,0,0,NORMAL
0.456,5.432,1,1,0,NORMAL
0.507,6.142,1,1,0,NORMAL
0.714,8.596,0,1,0,WASTAGE
0.606,7.254,1,1,0,NORMAL
0.77,9.195,0,1,1,WASTAGE
0.634,7.62,0,1,0,WASTAGE
0.64,7.569,1,1,1,NORMAL
0.807,9.7,0,1,1,WASTAGE
0.811,9.724,1,1,1,NORMAL
0.983,11.811,1,1,1,NORMAL
0.606,7.378,0,1,1,WASTAGE
0.02,0.263,1,0,0,LOW
0.605,7.239,0,1,0,WASTAGE
0.804,9.681,0,1,1,WASTAGE
1.064,12.649,0,1,1,WASTAGE
0.659,7.849,1,1,1,NORMAL
0.311,3.709,0,0,1,WASTAGE
0.035,0.387,1,0,0,LOW
0.734,8.919,0,1,0,WASTAGE
0.597,7.216,1,1,0,NORMAL
0.745,8.895,0,1,1,WASTAGE
0.007,0.038,0,0,0,NORMAL
0.458,5.595,0,1,0,WASTAGE
0.431,5.106,0,0,1,WASTAGE
0.683,8.209,1,1,1,NORMAL
0.0,0.019,0,0,0,NORMAL
0.479,5.819,0,0,1,WASTAGE
0.033,0.355,1,0,0,LOW
0.617,7.469,0,1,0,WASTAGE
0.006,0.019,1,0,0,LOW
0.873,10.442,0,1,1,WASTAGE
1.088,12.975,0,1,1,WASTAGE
0.458,5.518,1,1,0,NORMAL
0.386,4.58,0,1,0,WASTAGE
0.533,6.327,1,1,0,NORMAL
0.703,8.427,1,1,0,NORMAL
0.514,6.21,1,1,0,NORMAL
0.686,8.227,0,1,1,WASTAGE
0.043,0.494,0,0,0,NORMAL
0.582,7.062,0,1,0,WASTAGE
0.004,0.022,0,0,0,NORMAL
0.685,8.262,1,1,1,NORMAL
0.94,11.252,0,1,1,WASTAGE
0.028,0.474,0,0,0,NORMAL
0.834,10.036,1,1,1,NORMAL
0.456,5.432,0,1,0,WASTAGE
0.021,0.289,0,0,0,NORMAL
0.854,10.214,1,1,1,NORMAL
0.026,0.327,0,0,0,NORMAL
0.046,0.496,0,0,0,NORMAL
0.743,8.947,0,1,1,WASTAGE
0.666,8.008,1,1,1,NORMAL
0.03,0.36,0,0,0,NORMAL
0.452,5.376,0,1,0,WASTAGE
0.747,8.896,1,1,1,NORMAL
0.021,0.214,1,0,0,LOW
0.007,0.003,0,0,0,NORMAL
0.406,4.874,0,0,1,WASTAGE
0.631,7.529,0,1,1,WASTAGE
0.561,6.724,0,0,1,WASTAGE
0.679,8.182,1,1,0,NORMAL
0.037,0.33,1,0,0,LOW
0.636,7.626,0,1,1,WASTAGE
0.585,7.013,1,1,0,NORMAL
0.028,0.292,0,0,0,NORMAL
0.602,7.225,0,1,0,WASTAGE
0.624,7.561,0,1,0,WASTAGE
0.956,11.431,0,1,1,WASTAGE
0.495,5.984,0,1,0,WASTAGE
0.032,0.466,0,0,0,NORMAL
0.02,0.317,0,0,0,NORMAL
0.613,7.256,0,1,1,WASTAGE
0.905,10.711,1,1,1,NORMAL
0.62,7.449,0,1,1,WASTAGE
0.42,5.184,1,1,0,NORMAL
0.416,4.975,0,1,0,WASTAGE
0.513,6.156,0,0,1,WASTAGE
0.023,0.266,1,0,0,LOW
0.397,4.747,0,1,0,WASTAGE
0.012,0.098,1,0,0,LOW
0.028,0.213,0,0,0,NORMAL
0.01,0.034,1,0,0,LOW
0.023,0.199,1,0,0,LOW
0.536,6.411,1,1,0,NORMAL
0.424,5.047,0,1,0,WASTAGE
0.685,8.201,0,1,0,WASTAGE
0.43,5.186,0,0,1,WASTAGE
0.036,0.37,1,0,0,LOW
0.65,7.856,1,1,1,NORMAL
0.732,8.752,0,1,0,WASTAGE
0.003,0.123,0,0,0,NORMAL
0.805,9.669,0,1,1,WASTAGE
0.588,6.995,0,0,1,WASTAGE
0.329,3.873,0,0,1,WASTAGE
0.56,6.721,0,1,0,WASTAGE
0.003,0.03,1,0,0,LOW
0.036,0.479,0,0,0,NORMAL
0.035,0.411,0,0,0,NORMAL
0.702,8.398,1,1,1,NORMAL
0.028,0.267,0,0,0,NORMAL
0.043,0.481,0,0,0,NORMAL
0.532,6.432,0,1,0,WASTAGE
0.295,3.546,0,0,1,WASTAGE
0.772,9.343,1,1,1,NORMAL
0.72,8.663,1,1,1,NORMAL
0.511,6.149,1,1,0,NORMAL
0.746,8.911,0,1,1,WASTAGE
0.333,4.017,0,0,1,WASTAGE
0.594,7.152,1,1,1,NORMAL
0.443,5.179,1,1,0,NORMAL
0.461,5.566,0,1,0,WASTAGE
0.657,7.931,1,1,0,NORMAL
0.902,10.91,0,1,1,WASTAGE
0.041,0.472,0,0,0,NORMAL
0.011,0.003,0,0,0,NORMAL
0.492,5.815,1,1,0,NORMAL
0.477,5.75,0,0,1,WASTAGE
0.716,8.652,0,1,1,WASTAGE
0.024,0.363,1,0,0,LOW
0.033,0.338,1,0,0,LOW
0.513,6.081,1,1,0,NORMAL
0.978,11.817,0,1,1,WASTAGE
0.024,0.27,1,0,0,LOW
0.496,5.928,1,1,0,NORMAL
1.004,11.936,1,1,1,NORMAL
0.574,6.927,1,1,0,NORMAL
0.626,7.537,1,1,1,NORMAL
0.699,8.368,1,1,0,NORMAL
0.565,6.846,0,0,1,WASTAGE
0.004,0.016,0,0,0,NORMAL
0.789,9.526,1,1,1,NORMAL
0.536,6.374,0,0,1,WASTAGE
0.026,0.289,0,0,0,NORMAL
0.012,0.12,1,0,0,LOW
0.594,7.121,0,1,0,WASTAGE
0.048,0.499,0,0,0,NORMAL
0.578,6.955,0,1,0,WASTAGE
0.505,6.09,1,1,0,NORMAL
0.047,0.496,0,0,0,NORMAL
0.8,9.641,0,1,1,WASTAGE
0.714,8.515,0,1,1,WASTAGE
0.407,4.946,0,1,0,WASTAGE
0.0,0.033,1,0,0,LOW
0.033,0.327,1,0,0,LOW
0.016,0.174,0,0,0,NORMAL
0.601,7.227,0,1,0,WASTAGE
1.026,12.291,0,1,1,WASTAGE
0.729,8.747,0,1,1,WASTAGE
0.785,9.489,1,1,1,NORMAL
0.82,9.867,1,1,1,NORMAL
0.032,0.41,0,0,0,NORMAL
0.943,11.35,1,1,1,NORMAL
0.385,4.666,0,1,0,WASTAGE
0.028,0.332,0,0,0,NORMAL
0.577,6.891,1,1,0,NORMAL
0.923,11.031,0,1,1,WASTAGE
0.7,8.401,1,1,1,NORMAL
0.788,9.464,0,1,1,WASTAGE
0.312,3.734,0,0,1,WASTAGE
0.031,0.329,0,0,0,NORMAL
0.3,3.605,0,0,1,WASTAGE
0.933,11.196,1,1,1,NORMAL
0.274,3.359,0,0,1,WASTAGE
0.639,7.783,0,1,1,WASTAGE
0.684,8.171,1,1,1,NORMAL
0.837,10.045,1,1,1,NORMAL
0.782,9.334,0,1,1,WASTAGE
0.826,9.878,1,1,1,NORMAL
1.071,12.767,0,1,1,WASTAGE
0.596,7.224,1,1,1,NORMAL
0.708,8.56,0,1,0,WASTAGE
0.57,6.826,0,1,0,WASTAGE
0.868,10.446,1,1,1,NORMAL
0.009,0.09,0,0,0,NORMAL
0.869,10.465,1,1,1,NORMAL
0.273,3.372,0,0,1,WASTAGE
1.008,12.171,0,1,1,WASTAGE
0.642,7.689,0,1,0,WASTAGE
0.704,8.504,0,1,0,WASTAGE
0.025,0.216,1,0,0,LOW
0.563,6.707,1,1,0,NORMAL
0.758,9.162,1,1,1,NORMAL
0.415,4.994,0,1,0,WASTAGE
0.028,0.371,1,0,0,LOW
0.023,0.275,0,0,0,NORMAL
0.925,11.161,1,1,1,NORMAL
0.011,0.185,1,0,0,LOW
0.576,6.903,1,1,0,NORMAL
0.006,0.203,1,0,0,LOW
0.023,0.298,1,0,0,LOW
0.638,7.622,0,1,0,WASTAGE
0.369,4.455,0,0,1,WASTAGE
0.014,0.133,1,0,0,LOW
0.685,8.278,0,1,0,WASTAGE
0.0,0.038,1,0,0,LOW
0.557,6.713,1,1,0,NORMAL
0.696,8.446,0,1,0,WASTAGE
0.553,6.66,1,1,0,NORMAL
0.033,0.305,0,0,0,NORMAL
0.702,8.425,0,1,1,WASTAGE
0.0,0.017,0,0,0,NORMAL
0.024,0.402,0,0,0,NORMAL
0.614,7.427,1,1,0,NORMAL
0.972,11.655,0,1,1,WASTAGE
0.602,7.231,1,1,0,NORMAL
0.639,7.78,0,1,0,WASTAGE
0.447,5.23,1,1,0,NORMAL
0.024,0.217,1,0,0,LOW
0.95,11.422,0,1,1,WASTAGE
0.586,7.098,1,1,0,NORMAL
0.019,0.248,0,0,0,NORMAL
0.807,9.643,1,1,1,NORMAL
0.736,8.863,0,1,0,WASTAGE
0.821,9.859,0,1,1,WASTAGE
0.626,7.647,1,1,0,NORMAL
1.025,12.294,0,1,1,WASTAGE
1.055,12.607,0,1,1,WASTAGE
0.568,6.894,1,1,0,NORMAL
0.671,8.035,1,1,1,NORMAL
0.882,10.612,0,1,1,WASTAGE
0.017,0.24,0,0,0,NORMAL
0.628,7.503,1,1,0,NORMAL
0.273,3.129,0,0,1,WASTAGE
0.012,0.19,0,0,0,NORMAL
0.449,5.33,0,0,1,WASTAGE
0.558,6.764,1,1,0,NORMAL
0.396,4.869,0,0,1,WASTAGE
0.029,0.36,1,0,0,LOW
0.34,4.191,0,0,1,WASTAGE
0.818,9.75,0,1,1,WASTAGE
0.0,0.0,0,0,0,NORMAL
0.619,7.349,1,1,0,NORMAL
0.44,5.285,0,1,0,WASTAGE
0.589,7.073,0,1,0,WASTAGE
0.688,8.247,0,1,0,WASTAGE
0.0,0.016,0,0,0,NORMAL
0.02,0.179,1,0,0,LOW
0.697,8.385,0,1,0,WASTAGE
0.798,9.606,1,1,1,NORMAL
0.781,9.311,0,1,1,WASTAGE
0.779,9.35,0,1,1,WASTAGE
0.531,6.318,0,1,0,WASTAGE
0.298,3.574,0,0,1,WASTAGE
0.708,8.498,0,1,1,WASTAGE
0.041,0.475,0,0,0,NORMAL
0.021,0.325,0,0,0,NORMAL
0.031,0.288,1,0,0,LOW
0.732,8.778,1,1,1,NORMAL
0.015,0.19,1,0,0,LOW
0.557,6.704,0,0,1,WASTAGE
0.042,0.302,1,0,0,LOW
0.624,7.427,1,1,0,NORMAL
0.028,0.27,1,0,0,LOW
0.807,9.637,1,1,1,NORMAL
0.331,4.034,0,0,1,WASTAGE
0.529,6.25,0,0,1,WASTAGE
0.024,0.356,0,0,0,NORMAL
0.442,5.351,1,1,0,NORMAL
0.368,4.489,0,0,1,WASTAGE
0.031,0.395,1,0,0,LOW
0.028,0.289,1,0,0,LOW
0.621,7.441,1,1,1,NORMAL
0.55,6.677,0,1,0,WASTAGE
0.475,5.714,0,0,1,WASTAGE
0.431,5.176,0,1,0,WASTAGE
0.718,8.639,0,1,1,WASTAGE
0.377,4.425,0,0,1,WASTAGE
1.023,12.207,0,1,1,WASTAGE
0.864,10.359,1,1,1,NORMAL
0.021,0.286,1,0,0,LOW
0.929,11.144,0,1,1,WASTAGE
0.414,4.981,0,1,0,WASTAGE
0.409,4.864,0,1,0,WASTAGE
0.946,11.252,0,1,1,WASTAGE
0.596,7.064,0,1,1,WASTAGE
1.058,12.723,0,1,1,WASTAGE
0.028,0.351,1,0,0,LOW
0.863,10.355,1,1,1,NORMAL
0.887,10.602,1,1,1,NORMAL
0.736,8.789,0,1,0,WASTAGE
0.44,5.277,0,1,0,WASTAGE
0.545,6.61,1,1,0,NORMAL
0.521,6.345,0,0,1,WASTAGE
0.684,8.243,1,1,0,NORMAL
0.041,0.399,0,0,0,NORMAL
0.443,5.329,0,0,1,WASTAGE
0.322,3.862,0,0,1,WASTAGE
0.649,7.86,0,1,0,WASTAGE
0.021,0.253,1,0,0,LOW
0.049,0.475,0,0,0,NORMAL
0.38,4.525,0,0,1,WASTAGE
0.854,10.329,1,1,1,NORMAL
0.793,9.516,1,1,1,NORMAL
0.52,6.223,0,0,1,WASTAGE
0.512,6.176,0,1,0,WASTAGE
0.905,10.816,1,1,1,NORMAL
0.001,0.009,1,0,0,LOW
0.546,6.527,0,1,0,WASTAGE
0.553,6.519,0,0,1,WASTAGE
0.949,11.451,0,1,1,WASTAGE
0.038,0.482,0,0,0,NORMAL
0.493,5.926,0,1,0,WASTAGE
0.533,6.41,0,0,1,WASTAGE
0.402,4.805,0,0,1,WASTAGE
0.644,7.722,1,1,0,NORMAL
0.045,0.471,0,0,0,NORMAL
0.372,4.458,0,0,1,WASTAGE
0.692,8.276,1,1,0,NORMAL
0.628,7.511,0,1,1,WASTAGE
0.041,0.464,0,0,0,NORMAL
0.712,8.517,1,1,1,NORMAL
0.705,8.353,1,1,0,NORMAL
0.443,5.27,1,1,0,NORMAL
0.914,11.023,0,1,1,WASTAGE
0.587,7.073,0,1,1,WASTAGE
1.026,12.348,0,1,1,WASTAGE
0.885,10.693,1,1,1,NORMAL
0.437,5.36,0,0,1,WASTAGE
0.428,5.128,0,1,0,WASTAGE
0.023,0.301,1,0,0,LOW
0.661,7.892,0,1,1,WASTAGE
0.46,5.509,1,1,0,NORMAL
0.975,11.746,1,1,1,NORMAL
0.612,7.266,0,1,0,WASTAGE
0.704,8.295,0,1,0,WASTAGE
0.527,6.281,0,0,1,WASTAGE
0.451,5.422,1,1,0,NORMAL
0.939,11.261,0,1,1,WASTAGE
0.902,10.731,1,1,1,NORMAL
0.464,5.547,1,1,0,NORMAL
0.615,7.399,0,1,1,WASTAGE
0.0,0.072,1,0,0,LOW
0.017,0.187,1,0,0,LOW
0.634,7.644,0,1,1,WASTAGE
0.0,0.046,0,0,0,NORMAL
0.007,0.156,0,0,0,NORMAL
0.019,0.274,1,0,0,LOW
0.814,9.857,1,1,1,NORMAL
0.579,6.927,0,0,1,WASTAGE
0.501,6.009,1,1,0,NORMAL
0.915,11.008,1,1,1,NORMAL
0.64,7.617,0,1,0,WASTAGE
0.459,5.462,0,0,1,WASTAGE
0.033,0.31,1,0,0,LOW
0.316,3.702,0,0,1,WASTAGE
0.626,7.46,0,1,0,WASTAGE
1.073,12.802,0,1,1,WASTAGE
0.0,0.017,0,0,0,NORMAL
0.399,4.813,0,0,1,WASTAGE
0.631,7.602,0,1,0,WASTAGE
0.491,5.856,0,0,1,WASTAGE
0.412,4.925,0,0,1,WASTAGE
0.031,0.354,0,0,0,NORMAL
0.587,7.056,1,1,0,NORMAL
0.305,3.668,0,0,1,WASTAGE
0.612,7.451,1,1,1,NORMAL
0.517,6.088,0,0,1,WASTAGE
0.035,0.454,0,0,0,NORMAL
0.691,8.25,1,1,1,NORMAL
0.693,8.355,0,1,1,WASTAGE
0.442,5.39,0,1,0,WASTAGE
0.593,7.029,1,1,1,NORMAL
0.798,9.562,0,1,1,WASTAGE
0.576,7.06,0,1,1,WASTAGE
0.514,6.18,0,1,0,WASTAGE
0.278,3.249,0,0,1,WASTAGE
0.954,11.455,0,1,1,WASTAGE
0.698,8.292,0,1,1,WASTAGE
0.582,6.954,0,1,0,WASTAGE
0.694,8.218,0,1,1,WASTAGE
0.01,0.136,1,0,0,LOW
0.285,3.537,0,0,1,WASTAGE
0.759,9.028,0,1,1,WASTAGE
0.603,7.272,0,1,0,WASTAGE
0.357,4.202,0,0,1,WASTAGE
0.459,5.463,1,1,0,NORMAL
0.659,7.89,1,1,0,NORMAL
0.42,5.077,1,1,0,NORMAL
0.748,8.991,0,1,1,WASTAGE
0.415,4.962,0,1,0,WASTAGE
0.282,3.438,0,0,1,WASTAGE
0.917,10.883,1,1,1,NORMAL
0.588,7.102,1,1,1,NORMAL
0.024,0.286,0,0,0,NORMAL
0.657,7.857,0,1,1,WASTAGE
0.669,7.977,1,1,0,NORMAL
0.706,8.332,1,1,1,NORMAL
0.026,0.195,1,0,0,LOW
0.015,0.162,1,0,0,LOW
0.022,0.276,1,0,0,LOW
0.661,7.892,1,1,1,NORMAL
0.514,6.15,0,1,0,WASTAGE
0.409,4.93,0,1,0,WASTAGE
0.638,7.623,1,1,0,NORMAL
0.491,5.906,0,1,0,WASTAGE
1.066,12.783,0,1,1,WASTAGE
0.77,9.304,0,1,1,WASTAGE
0.502,6.026,0,1,0,WASTAGE
0.686,8.284,1,1,0,NORMAL
0.01,0.12,0,0,0,NORMAL
0.53,6.348,0,1,0,WASTAGE
0.444,5.256,1,1,0,NORMAL
0.894,10.702,0,1,1,WASTAGE
0.327,3.88,0,0,1,WASTAGE
0.476,5.737,1,1,0,NORMAL
0.874,10.52,1,1,1,NORMAL
0.417,4.998,0,1,0,WASTAGE
0.628,7.597,0,1,0,WASTAGE
0.665,7.892,0,1,1,WASTAGE
0.474,5.726,0,1,0,WASTAGE
0.905,10.867,0,1,1,WASTAGE
0.479,5.692,1,1,0,NORMAL
0.38,4.573,0,1,0,WASTAGE
0.528,6.372,0,1,0,WASTAGE
0.015,0.218,0,0,0,NORMAL
0.706,8.439,1,1,1,NORMAL
0.013,0.227,0,0,0,NORMAL
0.672,8.072,0,1,0,WASTAGE
0.579,6.971,1,1,0,NORMAL
0.581,6.818,0,0,1,WASTAGE
0.614,7.417,1,1,1,NORMAL
0.988,11.96,1,1,1,NORMAL
0.329,4.017,0,0,1,WASTAGE
1.004,12.004,0,1,1,WASTAGE
0.781,9.289,0,1,1,WASTAGE
0.567,6.839,0,1,0,WASTAGE
0.011,0.179,0,0,0,NORMAL
0.398,4.693,0,0,1,WASTAGE
0.509,6.008,1,1,0,NORMAL
0.729,8.73,1,1,1,NORMAL
0.453,5.504,1,1,0,NORMAL
0.7,8.398,1,1,1,NORMAL
0.989,11.932,1,1,1,NORMAL
0.656,7.822,0,1,0,WASTAGE
0.835,10.024,0,1,1,WASTAGE
0.806,9.627,1,1,1,NORMAL
0.355,4.266,0,0,1,WASTAGE
0.61,7.308,1,1,1,NORMAL
0.522,6.361,1,1,0,NORMAL
0.528,6.348,0,0,1,WASTAGE
0.717,8.711,1,1,1,NORMAL
0.0,0.001,1,0,0,LOW
0.462,5.541,1,1,0,NORMAL
0.724,8.708,0,1,0,WASTAGE
0.033,0.388,1,0,0,LOW
0.604,7.238,0,1,0,WASTAGE
0.648,7.717,0,1,0,WASTAGE
0.888,10.691,0,1,1,WASTAGE
0.029,0.36,0,0,0,NORMAL
0.607,7.301,0,1,1,WASTAGE
0.543,6.512,0,0,1,WASTAGE
0.695,8.309,0,1,0,WASTAGE
0.43,5.103,1,1,0,NORMAL
0.665,7.92,1,1,1,NORMAL
0.316,3.747,0,0,1,WASTAGE
0.672,7.943,0,1,1,WASTAGE
0.57,6.818,1,1,0,NORMAL
0.016,0.199,0,0,0,NORMAL
0.792,9.468,1,1,1,NORMAL
0.895,10.718,1,1,1,NORMAL
0.938,11.305,1,1,1,NORMAL
0.627,7.525,0,1,0,WASTAGE
0.383,4.661,0,0,1,WASTAGE
0.621,7.337,1,1,0,NORMAL
0.011,0.178,0,0,0,NORMAL
0.015,0.117,0,0,0,NORMAL
0.039,0.413,0,0,0,NORMAL
0.46,5.56,0,1,0,WASTAGE
0.528,6.341,0,0,1,WASTAGE
0.022,0.371,0,0,0,NORMAL
0.59,7.098,1,1,0,NORMAL
0.442,5.24,1,1,0,NORMAL
0.451,5.364,0,0,1,WASTAGE
0.671,7.95,1,1,0,NORMAL
0.468,5.646,0,1,0,WASTAGE
0.017,0.191,1,0,0,LOW
0.023,0.331,1,0,0,LOW
0.9,10.876,1,1,1,NORMAL
0.016,0.115,0,0,0,NORMAL
0.453,5.348,0,1,0,WASTAGE
0.671,8.027,0,1,0,WASTAGE
0.617,7.541,0,1,0,WASTAGE
1.062,12.829,0,1,1,WASTAGE
0.0,0.032,0,0,0,NORMAL
0.812,9.801,1,1,1,NORMAL
0.036,0.333,0,0,0,NORMAL
0.29,3.486,0,0,1,WASTAGE
0.017,0.159,1,0,0,LOW
0.035,0.353,0,0,0,NORMAL
0.771,9.354,1,1,1,NORMAL
0.93,11.202,0,1,1,WASTAGE
0.485,5.796,0,1,0,WASTAGE
0.671,8.019,1,1,1,NORMAL
0.34,4.04,0,0,1,WASTAGE
0.648,7.797,1,1,1,NORMAL
0.0,0.004,1,0,0,LOW
0.522,6.246,1,1,0,NORMAL
0.692,8.295,0,1,0,WASTAGE
0.029,0.297,0,0,0,NORMAL
0.835,9.867,1,1,1,NORMAL
0.565,6.773,0,0,1,WASTAGE
0.457,5.586,1,1,0,NORMAL
0.688,8.27,1,1,0,NORMAL
0.608,7.368,0,1,0,WASTAGE
0.034,0.361,1,0,0,LOW
0.033,0.309,1,0,0,LOW
0.749,8.956,0,1,1,WASTAGE
0.53,6.356,1,1,0,NORMAL
0.017,0.301,0,0,0,NORMAL
0.018,0.213,1,0,0,LOW
0.692,8.363,0,1,1,WASTAGE
0.993,11.871,0,1,1,WASTAGE
0.55,6.693,0,1,0,WASTAGE
0.452,5.511,1,1,0,NORMAL
0.43,5.218,0,0,1,WASTAGE
0.634,7.649,1,1,1,NORMAL
1.063,12.867,0,1,1,WASTAGE
0.39,4.752,0,0,1,WASTAGE
0.004,0.065,1,0,0,LOW
0.39,4.732,0,1,0,WASTAGE
0.517,6.144,1,1,0,NORMAL
0.016,0.159,1,0,0,LOW
0.254,3.034,0,0,1,WASTAGE
0.025,0.233,1,0,0,LOW
0.027,0.325,1,0,0,LOW
0.014,0.376,1,0,0,LOW
0.007,0.008,0,0,0,NORMAL
0.014,0.201,1,0,0,LOW
0.554,6.743,0,0,1,WASTAGE
0.575,6.921,1,1,0,NORMAL
0.032,0.495,0,0,0,NORMAL
0.599,7.122,0,1,0,WASTAGE
0.544,6.587,1,1,0,NORMAL
0.903,10.814,0,1,1,WASTAGE
0.941,11.211,0,1,1,WASTAGE
0.592,7.124,0,1,1,WASTAGE
0.015,0.326,0,0,0,NORMAL
0.03,0.403,0,0,0,NORMAL
0.77,9.206,1,1,1,NORMAL
0.419,4.911,0,1,0,WASTAGE
0.422,5.056,1,1,0,NORMAL
0.91,10.98,0,1,1,WASTAGE
0.666,8.053,1,1,0,NORMAL
0.027,0.241,0,0,0,NORMAL
0.343,4.246,0,0,1,WASTAGE
0.018,0.14,1,0,0,LOW
0.381,4.522,0,0,1,WASTAGE
0.447,5.319,0,0,1,WASTAGE
0.892,10.694,1,1,1,NORMAL
1.024,12.352,0,1,1,WASTAGE
1.068,12.821,0,1,1,WASTAGE
0.517,6.233,0,1,0,WASTAGE
0.698,8.458,1,1,0,NORMAL
1.038,12.42,0,1,1,WASTAGE
0.031,0.386,1,0,0,LOW
0.379,4.517,0,0,1,WASTAGE
0.433,5.128,1,1,0,NORMAL
0.977,11.789,0,1,1,WASTAGE
0.474,5.598,1,1,0,NORMAL
0.429,5.182,0,0,1,WASTAGE
0.584,7.006,1,1,1,NORMAL
0.923,11.105,1,1,1,NORMAL
0.031,0.328,0,0,0,NORMAL
0.692,8.361,0,1,0,WASTAGE
0.303,3.699,0,0,1,WASTAGE
0.024,0.337,1,0,0,LOW
0.574,6.819,1,1,0,NORMAL
0.615,7.448,0,1,1,WASTAGE
0.598,7.145,0,1,0,WASTAGE
0.885,10.571,0,1,1,WASTAGE
0.715,8.685,1,1,1,NORMAL
0.005,0.032,1,0,0,LOW
0.0,0.004,1,0,0,LOW
0.668,7.897,1,1,0,NORMAL
0.511,6.121,0,1,0,WASTAGE
0.448,5.301,1,1,0,NORMAL
0.683,8.144,1,1,0,NORMAL
0.261,3.104,0,0,1,WASTAGE
0.951,11.358,1,1,1,NORMAL
0.012,0.217,1,0,0,LOW
0.045,0.497,0,0,0,NORMAL
0.593,7.156,1,1,1,NORMAL
0.461,5.539,0,1,0,WASTAGE
0.664,7.931,1,1,0,NORMAL
0.722,8.654,1,1,1,NORMAL
0.019,0.254,0,0,0,NORMAL
0.013,0.073,0,0,0,NORMAL
0.726,8.732,1,1,1,NORMAL
0.646,7.669,0,1,1,WASTAGE
0.712,8.672,0,1,1,WASTAGE
0.694,8.356,1,1,0,NORMAL
0.63,7.521,1,1,0,NORMAL
0.968,11.621,1,1,1,NORMAL
0.379,4.508,0,0,1,WASTAGE
0.0,0.09,1,0,0,LOW
0.424,5.188,0,1,0,WASTAGE
0.031,0.251,1,0,0,LOW
0.545,6.494,1,1,0,NORMAL
0.401,4.83,0,1,0,WASTAGE
0.391,4.742,0,1,0,WASTAGE
0.312,3.735,0,0,1,WASTAGE
0.0,0.018,0,0,0,NORMAL
0.441,5.368,0,0,1,WASTAGE
0.622,7.513,1,1,1,NORMAL
0.02,0.23,1,0,0,LOW
0.014,0.156,0,0,0,NORMAL
0.019,0.247,1,0,0,LOW
0.417,5.056,0,0,1,WASTAGE
0.031,0.299,1,0,0,LOW
0.754,8.972,1,1,1,NORMAL
0.578,7.041,1,1,0,NORMAL
0.008,0.109,0,0,0,NORMAL
0.006,0.196,1,0,0,LOW
1.038,12.431,0,1,1,WASTAGE
0.04,0.48,0,0,0,NORMAL
0.002,0.108,1,0,0,LOW
0.026,0.31,1,0,0,LOW
0.023,0.273,1,0,0,LOW
0.03,0.355,0,0,0,NORMAL
0.347,4.184,0,0,1,WASTAGE
0.006,0.164,1,0,0,LOW
0.668,8.001,1,1,0,NORMAL
0.532,6.425,0,1,0,WASTAGE
0.627,7.603,0,1,0,WASTAGE
0.026,0.352,0,0,0,NORMAL
0.006,0.128,0,0,0,NORMAL
0.692,8.353,1,1,0,NORMAL
0.0,0.076,1,0,0,LOW
0.823,9.988,0,1,1,WASTAGE
0.389,4.677,0,1,0,WASTAGE
0.839,10.087,0,1,1,WASTAGE
0.03,0.402,0,0,0,NORMAL
0.682,8.17,1,1,1,NORMAL
0.496,5.895,1,1,0,NORMAL
0.517,6.179,0,0,1,WASTAGE
0.586,7.041,1,1,0,NORMAL
0.775,9.418,1,1,1,NORMAL
0.924,11.029,0,1,1,WASTAGE
0.734,8.757,0,1,1,WASTAGE
0.984,11.861,1,1,1,NORMAL
0.511,6.084,1,1,0,NORMAL
0.709,8.399,1,1,0,NORMAL
0.567,6.754,1,1,0,NORMAL
0.027,0.348,0,0,0,NORMAL
0.0,0.079,1,0,0,LOW
0.011,0.118,1,0,0,LOW
0.006,0.06,0,0,0,NORMAL
0.032,0.327,1,0,0,LOW
0.011,0.192,0,0,0,NORMAL
0.01,0.065,1,0,0,LOW
0.648,7.733,0,1,0,WASTAGE
0.004,0.08,0,0,0,NORMAL
0.514,6.099,1,1,0,NORMAL
0.563,6.789,0,0,1,WASTAGE
0.003,0.061,0,0,0,NORMAL
0.017,0.221,0,0,0,NORMAL
0.604,7.28,0,1,1,WASTAGE
0.389,4.601,0,0,1,WASTAGE
0.715,8.573,0,1,1,WASTAGE
0.769,9.278,0,1,1,WASTAGE
0.359,4.315,0,0,1,WASTAGE
0.482,5.728,0,1,0,WASTAGE
0.006,0.03,1,0,0,LOW
0.677,8.181,0,1,0,WASTAGE
0.608,7.308,1,1,1,NORMAL
0.971,11.587,1,1,1,NORMAL
0.62,7.388,0,1,0,WASTAGE
0.667,7.946,1,1,0,NORMAL
0.016,0.178,0,0,0,NORMAL
0.044,0.491,0,0,0,NORMAL
0.654,7.934,1,1,0,NORMAL
0.585,6.971,0,1,0,WASTAGE
0.473,5.721,0,1,0,WASTAGE
0.415,4.938,0,0,1,WASTAGE
0.465,5.571,0,0,1,WASTAGE
0.659,7.863,0,1,1,WASTAGE
0.019,0.232,0,0,0,NORMAL
0.409,4.872,0,0,1,WASTAGE
0.629,7.56,1,1,0,NORMAL
0.388,4.755,0,0,1,WASTAGE
0.29,3.485,0,0,1,WASTAGE
0.401,4.717,0,0,1,WASTAGE
0.013,0.107,0,0,0,NORMAL
0.533,6.272,0,0,1,WASTAGE
0.481,5.741,1,1,0,NORMAL
0.846,10.086,0,1,1,WASTAGE
0.785,9.487,0,1,1,WASTAGE
0.771,9.245,0,1,1,WASTAGE
0.011,0.207,1,0,0,LOW
0.736,8.89,1,1,1,NORMAL
0.677,8.084,0,1,0,WASTAGE
0.002,0.089,1,0,0,LOW
0.528,6.376,1,1,0,NORMAL
0.768,9.21,0,1,1,WASTAGE
0.529,6.34,1,1,0,NORMAL
0.008,0.193,1,0,0,LOW
0.603,7.261,0,1,1,WASTAGE
0.671,8.044,1,1,0,NORMAL
0.0,0.041,0,0,0,NORMAL
0.02,0.193,1,0,0,LOW
1.025,12.257,0,1,1,WASTAGE
0.016,0.266,0,0,0,NORMAL
0.495,5.972,0,1,0,WASTAGE
0.785,9.407,1,1,1,NORMAL
0.679,8.168,0,1,0,WASTAGE
0.661,7.95,0,1,0,WASTAGE
0.021,0.234,1,0,0,LOW
1.027,12.297,0,1,1,WASTAGE
0.438,5.264,0,1,0,WASTAGE
0.984,11.802,0,1,1,WASTAGE
0.433,5.118,0,0,1,WASTAGE
0.944,11.308,1,1,1,NORMAL
0.79,9.48,1,1,1,NORMAL
0.456,5.381,0,1,0,WASTAGE
0.998,12.057,0,1,1,WASTAGE
0.037,0.487,0,0,0,NORMAL
0.399,4.71,0,1,0,WASTAGE
0.03,0.343,1,0,0,LOW
0.386,4.604,0,1,0,WASTAGE
0.556,6.708,0,1,0,WASTAGE
0.284,3.307,0,0,1,WASTAGE
0.881,10.547,0,1,1,WASTAGE
0.007,0.103,0,0,0,NORMAL
0.97,11.642,0,1,1,WASTAGE
0.63,7.537,1,1,1,NORMAL
0.918,11.045,0,1,1,WASTAGE
0.62,7.444,0,1,0,WASTAGE
0.562,6.749,0,0,1,WASTAGE
0.375,4.55,0,1,0,WASTAGE
0.307,3.605,0,0,1,WASTAGE
0.652,7.834,0,1,1,WASTAGE
0.027,0.357,0,0,0,NORMAL
0.604,7.197,1,1,1,NORMAL
0.562,6.822,1,1,0,NORMAL
0.709,8.673,0,1,0,WASTAGE
0.051,0.472,0,0,0,NORMAL
0.031,0.371,1,0,0,LOW
0.679,8.147,0,1,1,WASTAGE
0.008,0.019,1,0,0,LOW
0.04,0.384,1,0,0,LOW
0.864,10.4,0,1,1,WASTAGE
0.799,9.668,1,1,1,NORMAL
0.402,4.88,0,0,1,WASTAGE
0.267,3.231,0,0,1,WASTAGE
0.524,6.343,0,0,1,WASTAGE
0.638,7.516,0,1,0,WASTAGE
0.554,6.689,0,1,0,WASTAGE
0.349,4.164,0,0,1,WASTAGE
0.918,10.915,1,1,1,NORMAL
0.642,7.714,0,1,0,WASTAGE
0.013,0.126,1,0,0,LOW
0.036,0.355,1,0,0,LOW
0.697,8.359,1,1,1,NORMAL
0.379,4.486,0,0,1,WASTAGE
0.004,0.13,0,0,0,NORMAL
0.439,5.399,0,0,1,WASTAGE
0.601,7.166,0,1,0,WASTAGE
0.014,0.181,0,0,0,NORMAL
0.01,0.12,0,0,0,NORMAL
0.938,11.224,1,1,1,NORMAL
0.484,5.742,1,1,0,NORMAL
0.569,6.795,0,1,0,WASTAGE
0.888,10.588,0,1,1,WASTAGE
0.03,0.354,0,0,0,NORMAL
0.82,9.924,1,1,1,NORMAL
0.512,6.209,0,0,1,WASTAGE
0.02,0.303,0,0,0,NORMAL
0.666,7.997,1,1,1,NORMAL
0.69,8.264,1,1,0,NORMAL
0.428,5.046,1,1,0,NORMAL
0.042,0.487,0,0,0,NORMAL
0.009,0.148,0,0,0,NORMAL
0.582,6.92,0,0,1,WASTAGE
0.556,6.757,0,0,1,WASTAGE
0.623,7.371,1,1,1,NORMAL
0.0,0.044,0,0,0,NORMAL
0.65,7.793,1,1,1,NORMAL
0.776,9.266,1,1,1,NORMAL
0.017,0.146,0,0,0,NORMAL
0.632,7.647,1,1,0,NORMAL
0.666,8.089,0,1,0,WASTAGE
0.513,6.111,0,0,1,WASTAGE
0.447,5.345,0,0,1,WASTAGE
0.427,5.026,1,1,0,NORMAL
0.684,8.267,1,1,0,NORMAL
0.616,7.339,1,1,1,NORMAL
0.407,4.834,0,1,0,WASTAGE
0.621,7.529,1,1,1,NORMAL
0.032,0.375,0,0,0,NORMAL
0.027,0.355,1,0,0,LOW
0.432,5.151,0,1,0,WASTAGE
0.746,8.882,1,1,1,NORMAL
0.015,0.178,1,0,0,LOW
0.752,8.902,0,1,0,WASTAGE
0.013,0.038,1,0,0,LOW
0.552,6.628,1,1,0,NORMAL
0.587,7.049,0,1,0,WASTAGE
0.006,0.109,1,0,0,LOW
0.029,0.244,1,0,0,LOW
0.542,6.507,1,1,0,NORMAL
0.663,7.975,1,1,0,NORMAL
0.504,5.943,0,0,1,WASTAGE
0.917,10.989,1,1,1,NORMAL
0.254,3.294,0,0,1,WASTAGE
0.786,9.549,1,1,1,NORMAL
0.385,4.608,0,0,1,WASTAGE
0.435,5.121,1,1,0,NORMAL
0.518,6.209,1,1,0,NORMAL
0.792,9.601,1,1,1,NORMAL
0.488,5.813,1,1,0,NORMAL
0.588,7.022,1,1,0,NORMAL
0.0,0.044,0,0,0,NORMAL
0.013,0.196,1,0,0,LOW
0.687,8.211,1,1,1,NORMAL
0.819,9.773,0,1,1,WASTAGE
0.016,0.153,0,0,0,NORMAL
0.036,0.479,0,0,0,NORMAL
0.424,5.027,0,0,1,WASTAGE
0.54,6.527,1,1,0,NORMAL
0.738,8.776,1,1,1,NORMAL
0.686,8.221,0,1,0,WASTAGE
0.0,0.038,1,0,0,LOW
0.866,10.435,1,1,1,NORMAL
0.689,8.336,1,1,1,NORMAL
0.604,7.3,1,1,1,NORMAL
0.628,7.52,1,1,0,NORMAL
0.454,5.407,1,1,0,NORMAL
0.014,0.093,0,0,0,NORMAL
0.572,6.698,0,0,1,WASTAGE
0.486,5.82,1,1,0,NORMAL
0.28,3.245,0,0,1,WASTAGE
0.543,6.34,0,0,1,WASTAGE
0.974,11.634,0,1,1,WASTAGE
0.94,11.221,1,1,1,NORMAL
0.582,6.954,1,1,0,NORMAL
0.762,9.159,0,1,1,WASTAGE
0.823,9.905,1,1,1,NORMAL
0.537,6.493,1,1,0,NORMAL
0.009,0.121,1,0,0,LOW
0.671,8.025,1,1,0,NORMAL
0.63,7.448,1,1,0,NORMAL
0.018,0.258,0,0,0,NORMAL
0.742,8.822,1,1,1,NORMAL
0.008,0.134,0,0,0,NORMAL
0.004,0.052,0,0,0,NORMAL
0.346,4.143,0,0,1,WASTAGE
0.665,7.967,0,1,1,WASTAGE
0.537,6.37,0,1,0,WASTAGE
0.028,0.42,0,0,0,NORMAL
0.913,10.972,1,1,1,NORMAL
0.65,7.859,0,1,1,WASTAGE
0.591,7.027,0,1,0,WASTAGE
0.036,0.464,0,0,0,NORMAL
0.737,8.88,1,1,1,NORMAL
0.537,6.353,1,1,0,NORMAL
0.8,9.553,0,1,1,WASTAGE
0.026,0.256,0,0,0,NORMAL
0.6,7.2,1,1,1,NORMAL
0.688,8.252,1,1,0,NORMAL
0.516,6.19,0,0,1,WASTAGE
0.459,5.425,1,1,0,NORMAL
0.944,11.398,0,1,1,WASTAGE
0.005,0.057,1,0,0,LOW
0.441,5.344,0,0,1,WASTAGE
0.623,7.439,1,1,1,NORMAL
0.548,6.568,0,1,0,WASTAGE
0.878,10.535,0,1,1,WASTAGE
0.607,7.215,0,1,0,WASTAGE
0.357,4.303,0,0,1,WASTAGE
0.678,8.089,1,1,0,NORMAL
0.573,6.91,1,1,0,NORMAL
0.033,0.373,1,0,0,LOW
0.0,0.002,0,0,0,NORMAL
0.599,7.203,1,1,1,NORMAL
0.001,0.02,1,0,0,LOW
0.579,6.944,0,0,1,WASTAGE
0.869,10.497,1,1,1,NORMAL
0.514,6.115,0,0,1,WASTAGE
0.675,7.994,0,1,0,WASTAGE
0.023,0.306,0,0,0,NORMAL
0.807,9.711,1,1,1,NORMAL
0.741,8.739,1,1,1,NORMAL
0.712,8.569,1,1,1,NORMAL
0.773,9.292,0,1,1,WASTAGE
0.034,0.357,0,0,0,NORMAL
0.455,5.421,1,1,0,NORMAL
0.507,6.062,0,0,1,WASTAGE
0.013,0.196,1,0,0,LOW
0.815,9.718,1,1,1,NORMAL
0.05,0.495,0,0,0,NORMAL
0.005,0.009,0,0,0,NORMAL
0.672,8.018,1,1,0,NORMAL
0.3,3.627,0,0,1,WASTAGE
0.507,6.097,0,0,1,WASTAGE
0.022,0.353,0,0,0,NORMAL
0.035,0.348,0,0,0,NORMAL
0.824,9.901,1,1,1,NORMAL
0.633,7.652,1,1,0,NORMAL
0.478,5.737,0,1,0,WASTAGE
0.589,7.11,1,1,1,NORMAL
0.016,0.27,0,0,0,NORMAL
0.997,11.891,0,1,1,WASTAGE
0.512,6.101,1,1,0,NORMAL
0.495,5.938,1,1,0,NORMAL
0.516,6.253,0,0,1,WASTAGE
0.032,0.422,0,0,0,NORMAL
0.037,0.33,1,0,0,LOW
0.46,5.625,0,1,0,WASTAGE
1.067,12.876,0,1,1,WASTAGE
0.741,9.092,1,1,1,NORMAL
0.011,0.161,1,0,0,LOW
0.031,0.395,0,0,0,NORMAL
0.52,6.304,0,1,0,WASTAGE
0.013,0.267,0,0,0,NORMAL
0.531,6.307,0,0,1,WASTAGE
0.448,5.374,0,1,0,WASTAGE
0.571,6.889,0,0,1,WASTAGE
0.008,0.152,0,0,0,NORMAL
0.551,6.678,0,1,0,WASTAGE
0.764,9.208,0,1,1,WASTAGE
0.02,0.24,0,0,0,NORMAL
0.773,9.219,1,1,1,NORMAL
0.438,5.25,0,0,1,WASTAGE
0.047,0.484,0,0,0,NORMAL
0.034,0.379,1,0,0,LOW
0.025,0.326,0,0,0,NORMAL
0.436,5.246,0,1,0,WASTAGE
0.015,0.085,1,0,0,LOW
0.353,4.278,0,0,1,WASTAGE
0.012,0.16,1,0,0,LOW
0.422,5.171,0,0,1,WASTAGE
0.46,5.52,1,1,0,NORMAL
0.006,0.003,0,0,0,NORMAL
0.512,6.185,0,1,0,WASTAGE
0.022,0.256,0,0,0,NORMAL
0.78,9.312,1,1,1,NORMAL
0.454,5.37,1,1,0,NORMAL
0.548,6.558,0,0,1,WASTAGE
0.029,0.329,0,0,0,NORMAL
0.698,8.433,0,1,0,WASTAGE
0.928,11.112,0,1,1,WASTAGE
0.025,0.307,0,0,0,NORMAL
0.004,0.079,1,0,0,LOW
0.474,5.609,1,1,0,NORMAL
0.031,0.367,1,0,0,LOW
0.001,0.039,1,0,0,LOW
0.507,6.022,0,0,1,WASTAGE
0.659,7.877,0,1,0,WASTAGE
0.576,6.953,1,1,0,NORMAL
0.565,6.879,0,1,0,WASTAGE
0.96,11.507,1,1,1,NORMAL
0.938,11.297,1,1,1,NORMAL
0.601,7.331,1,1,0,NORMAL
0.551,6.59,0,0,1,WASTAGE
0.645,7.734,1,1,1,NORMAL
0.009,0.122,1,0,0,LOW
0.001,0.024,1,0,0,LOW
0.603,7.295,0,1,0,WASTAGE
0.899,10.681,1,1,1,NORMAL
0.507,6.102,0,1,0,WASTAGE
0.55,6.665,1,1,0,NORMAL
0.817,9.832,1,1,1,NORMAL
0.479,5.695,0,0,1,WASTAGE
0.44,5.338,0,0,1,WASTAGE
0.439,5.221,1,1,0,NORMAL
0.569,6.799,0,0,1,WASTAGE
0.645,7.791,1,1,1,NORMAL
0.996,11.925,1,1,1,NORMAL
0.568,6.751,1,1,0,NORMAL
0.427,4.994,0,0,1,WASTAGE
0.596,7.135,0,1,1,WASTAGE
0.436,5.172,0,0,1,WASTAGE
0.588,7.006,0,1,0,WASTAGE
0.604,7.235,1,1,1,NORMAL
0.764,9.148,0,1,1,WASTAGE
0.008,0.219,1,0,0,LOW
0.009,0.209,1,0,0,LOW
0.976,11.671,0,1,1,WASTAGE
0.017,0.227,1,0,0,LOW
0.855,10.235,0,1,1,WASTAGE
0.843,10.034,1,1,1,NORMAL
0.306,3.691,0,0,1,WASTAGE
0.024,0.365,1,0,0,LOW
0.59,7.101,1,1,1,NORMAL
0.024,0.344,1,0,0,LOW
0.64,7.659,1,1,0,NORMAL
0.01,0.103,0,0,0,NORMAL
0.408,4.964,0,0,1,WASTAGE
0.717,8.722,0,1,1,WASTAGE
0.573,6.881,0,1,0,WASTAGE
0.704,8.456,0,1,1,WASTAGE
0.441,5.279,0,1,0,WASTAGE
0.408,4.793,0,1,0,WASTAGE
0.521,6.32,0,0,1,WASTAGE
0.848,10.146,1,1,1,NORMAL
0.576,6.857,0,1,0,WASTAGE
0.651,7.864,1,1,1,NORMAL
0.002,0.008,1,0,0,LOW
0.023,0.268,1,0,0,LOW
0.941,11.317,1,1,1,NORMAL
0.855,10.302,0,1,1,WASTAGE
0.004,0.094,1,0,0,LOW
0.026,0.478,0,0,0,NORMAL
0.302,3.632,0,0,1,WASTAGE
0.928,11.236,1,1,1,NORMAL
0.561,6.634,0,0,1,WASTAGE
0.024,0.328,0,0,0,NORMAL
0.473,5.651,0,0,1,WASTAGE
0.28,3.388,0,0,1,WASTAGE
0.0,0.039,0,0,0,NORMAL
0.998,11.918,1,1,1,NORMAL
0.479,5.695,0,1,0,WASTAGE
0.035,0.317,1,0,0,LOW
0.005,0.035,1,0,0,LOW
0.872,10.478,1,1,1,NORMAL
0.035,0.447,0,0,0,NORMAL
0.626,7.559,0,1,0,WASTAGE
0.037,0.313,1,0,0,LOW
0.971,11.659,1,1,1,NORMAL
1.067,12.796,0,1,1,WASTAGE
0.036,0.451,0,0,0,NORMAL
0.489,5.802,0,1,0,WASTAGE
0.474,5.742,0,1,0,WASTAGE
0.549,6.552,0,1,0,WASTAGE
0.432,5.228,0,0,1,WASTAGE
0.02,0.246,0,0,0,NORMAL
0.787,9.475,1,1,1,NORMAL
0.431,5.151,1,1,0,NORMAL
0.522,6.313,0,0,1,WASTAGE
0.539,6.482,0,0,1,WASTAGE
0.035,0.411,0,0,0,NORMAL
0.66,7.995,0,1,0,WASTAGE
0.286,3.466,0,0,1,WASTAGE
0.009,0.134,1,0,0,LOW
0.879,10.582,0,1,1,WASTAGE
0.955,11.409,1,1,1,NORMAL
0.024,0.33,1,0,0,LOW
0.004,0.007,0,0,0,NORMAL
0.971,11.684,1,1,1,NORMAL
0.792,9.559,0,1,1,WASTAGE
0.465,5.615,0,0,1,WASTAGE
0.473,5.783,0,1,0,WASTAGE
0.0,0.048,0,0,0,NORMAL
0.408,4.886,0,1,0,WASTAGE
0.288,3.527,0,0,1,WASTAGE
0.021,0.242,0,0,0,NORMAL
0.96,11.705,1,1,1,NORMAL
0.58,6.949,0,1,0,WASTAGE
0.036,0.392,1,0,0,LOW
0.736,8.901,0,1,0,WASTAGE
0.583,7.025,0,1,1,WASTAGE
0.378,4.563,0,0,1,WASTAGE
0.437,5.333,0,1,0,WASTAGE
0.617,7.371,1,1,0,NORMAL
0.857,10.281,1,1,1,NORMAL
0.866,10.41,0,1,1,WASTAGE
0.974,11.705,0,1,1,WASTAGE
0.744,8.924,0,1,0,WASTAGE
0.274,3.281,0,0,1,WASTAGE
0.381,4.58,0,0,1,WASTAGE
0.479,5.808,0,1,0,WASTAGE
0.854,10.191,1,1,1,NORMAL
0.964,11.633,0,1,1,WASTAGE
0.502,6.001,1,1,0,NORMAL
0.576,6.899,0,1,0,WASTAGE
0.288,3.428,0,0,1,WASTAGE
0.672,8.117,0,1,1,WASTAGE
0.878,10.583,0,1,1,WASTAGE
0.386,4.516,0,1,0,WASTAGE
1.069,12.758,0,1,1,WASTAGE
0.032,0.479,0,0,0,NORMAL
0.262,3.256,0,0,1,WASTAGE
0.025,0.268,0,0,0,NORMAL
0.526,6.251,0,1,0,WASTAGE
0.426,5.117,0,1,0,WASTAGE
0.011,0.169,1,0,0,LOW
0.699,8.342,0,1,1,WASTAGE
0.01,0.12,0,0,0,NORMAL
0.555,6.694,1,1,0,NORMAL
0.514,6.103,1,1,0,NORMAL
0.602,7.196,1,1,0,NORMAL
0.68,8.079,1,1,0,NORMAL
0.03,0.33,0,0,0,NORMAL
0.741,8.862,0,1,0,WASTAGE
1.028,12.305,0,1,1,WASTAGE
0.87,10.506,1,1,1,NORMAL
0.861,10.323,0,1,1,WASTAGE
0.02,0.243,0,0,0,NORMAL
0.958,11.452,1,1,1,NORMAL
0.727,8.663,0,1,1,WASTAGE
0.04,0.444,0,0,0,NORMAL
0.752,9.124,0,1,1,WASTAGE
0.657,7.907,1,1,0,NORMAL
0.013,0.134,1,0,0,LOW
0.039,0.457,0,0,0,NORMAL
0.491,5.987,0,0,1,WASTAGE
0.758,9.09,1,1,1,NORMAL
0.526,6.322,1,1,0,NORMAL
0.002,0.03,0,0,0,NORMAL
1.024,12.341,0,1,1,WASTAGE
0.427,5.117,0,0,1,WASTAGE
0.66,8.002,1,1,1,NORMAL
0.32,3.89,0,0,1,WASTAGE
0.453,5.313,1,1,0,NORMAL
0.644,7.749,0,1,0,WASTAGE
0.042,0.439,0,0,0,NORMAL
0.018,0.238,0,0,0,NORMAL
0.008,0.128,1,0,0,LOW
0.031,0.436,0,0,0,NORMAL
0.527,6.26,0,0,1,WASTAGE
0.044,0.388,1,0,0,LOW
0.024,0.328,0,0,0,NORMAL
0.768,9.181,1,1,1,NORMAL
0.3,3.548,0,0,1,WASTAGE
0.666,8.037,0,1,1,WASTAGE
0.027,0.358,1,0,0,LOW
0.926,11.095,0,1,1,WASTAGE
0.709,8.488,1,1,0,NORMAL
0.686,8.257,1,1,1,NORMAL
0.006,0.053,1,0,0,LOW
0.733,8.846,0,1,0,WASTAGE
0.468,5.479,0,1,0,WASTAGE
0.689,8.24,0,1,0,WASTAGE
0.412,5.024,1,1,0,NORMAL
0.742,8.948,1,1,1,NORMAL
0.002,0.122,1,0,0,LOW
0.937,11.203,0,1,1,WASTAGE
0.574,6.869,0,0,1,WASTAGE
0.0,0.07,0,0,0,NORMAL
0.951,11.381,1,1,1,NORMAL
0.556,6.666,0,1,0,WASTAGE
0.554,6.485,0,0,1,WASTAGE
0.013,0.162,0,0,0,NORMAL
0.345,4.248,0,0,1,WASTAGE
0.009,0.188,1,0,0,LOW
0.0,0.046,1,0,0,LOW
0.489,5.764,0,1,0,WASTAGE
0.017,0.324,1,0,0,LOW
0.442,5.411,0,0,1,WASTAGE
0.464,5.527,0,0,1,WASTAGE
0.544,6.589,0,0,1,WASTAGE
0.025,0.422,0,0,0,NORMAL
0.667,8.039,1,1,0,NORMAL
0.456,5.468,1,1,0,NORMAL
0.653,7.815,1,1,0,NORMAL
0.035,0.381,0,0,0,NORMAL
1.041,12.552,0,1,1,WASTAGE
0.699,8.316,0,1,0,WASTAGE
0.387,4.648,0,0,1,WASTAGE
0.0,0.152,0,0,0,NORMAL
1.06,12.679,0,1,1,WASTAGE
0.588,6.987,0,0,1,WASTAGE
0.699,8.376,0,1,0,WASTAGE
0.896,10.628,0,1,1,WASTAGE
0.645,7.63,0,1,0,WASTAGE
0.01,0.12,0,0,0,NORMAL
0.75,9.0,1,1,0,NORMAL
0.344,4.08,0,0,1,WASTAGE
0.681,8.163,0,1,0,WASTAGE
0.031,0.448,0,0,0,NORMAL
0.473,5.607,1,1,0,NORMAL
0.026,0.269,0,0,0,NORMAL
0.473,5.624,1,1,0,NORMAL
0.668,8.185,1,1,0,NORMAL
0.569,6.916,0,0,1,WASTAGE
0.505,6.086,0,1,0,WASTAGE
0.837,10.023,0,1,1,WASTAGE
0.899,10.771,1,1,1,NORMAL
0.01,0.116,0,0,0,NORMAL
0.027,0.391,1,0,0,LOW
0.274,3.296,0,0,1,WASTAGE
0.021,0.347,0,0,0,NORMAL
0.561,6.669,1,1,0,NORMAL
0.659,7.841,0,1,0,WASTAGE
0.696,8.422,0,1,0,WASTAGE
0.021,0.344,0,0,0,NORMAL
0.399,4.82,0,0,1,WASTAGE
0.369,4.394,0,0,1,WASTAGE
0.02,0.311,1,0,0,LOW
0.437,5.309,0,0,1,WASTAGE
1.074,12.921,0,1,1,WASTAGE
0.03,0.304,0,0,0,NORMAL
0.577,6.935,1,1,0,NORMAL
0.985,11.689,1,1,1,NORMAL
0.824,9.997,1,1,1,NORMAL
0.933,11.28,1,1,1,NORMAL
0.66,8.034,0,1,1,WASTAGE
0.82,9.784,1,1,1,NORMAL
0.019,0.369,0,0,0,NORMAL
0.684,8.197,0,1,0,WASTAGE
0.693,8.303,1,1,0,NORMAL
0.589,6.944,1,1,0,NORMAL
0.492,5.881,0,0,1,WASTAGE
0.437,5.262,0,0,1,WASTAGE
0.04,0.481,0,0,0,NORMAL
0.58,6.93,0,1,0,WASTAGE
0.008,0.138,1,0,0,LOW
0.54,6.481,0,0,1,WASTAGE
0.609,7.316,1,1,0,NORMAL
0.663,7.973,0,1,0,WASTAGE
0.017,0.177,0,0,0,NORMAL
0.51,6.181,1,1,0,NORMAL
0.018,0.266,0,0,0,NORMAL
0.694,8.37,1,1,1,NORMAL
0.65,7.786,1,1,1,NORMAL
0.53,6.402,1,1,0,NORMAL
0.029,0.314,1,0,0,LOW
0.007,0.05,1,0,0,LOW
0.022,0.235,1,0,0,LOW
0.608,7.339,0,1,0,WASTAGE
0.988,11.91,1,1,1,NORMAL
0.686,8.203,1,1,0,NORMAL
0.301,3.632,0,0,1,WASTAGE
0.365,4.361,0,0,1,WASTAGE
0.333,3.98,0,0,1,WASTAGE
0.981,11.784,1,1,1,NORMAL
0.834,10.021,0,1,1,WASTAGE
0.564,6.751,0,0,1,WASTAGE
0.649,7.843,1,1,1,NORMAL
0.689,8.384,0,1,0,WASTAGE
0.013,0.197,0,0,0,NORMAL
0.025,0.259,1,0,0,LOW
0.022,0.332,1,0,0,LOW
0.041,0.465,0,0,0,NORMAL
0.465,5.587,0,0,1,WASTAGE
0.007,0.117,0,0,0,NORMAL
0.003,0.07,0,0,0,NORMAL
0.014,0.197,0,0,0,NORMAL
0.019,0.303,0,0,0,NORMAL
0.742,8.897,1,1,1,NORMAL
0.406,4.884,0,1,0,WASTAGE
0.856,10.383,0,1,1,WASTAGE
0.911,10.907,0,1,1,WASTAGE
0.45,5.465,0,0,1,WASTAGE
0.49,5.816,0,0,1,WASTAGE
0.025,0.392,1,0,0,LOW
0.011,0.034,0,0,0,NORMAL
0.038,0.419,0,0,0,NORMAL
0.316,3.747,0,0,1,WASTAGE
0.566,6.796,0,0,1,WASTAGE
0.005,0.007,0,0,0,NORMAL
0.75,8.976,0,1,1,WASTAGE
0.013,0.174,0,0,0,NORMAL
0.006,0.054,1,0,0,LOW
0.779,9.233,1,1,1,NORMAL
0.721,8.612,1,1,1,NORMAL
0.447,5.518,0,1,0,WASTAGE
0.005,0.004,1,0,0,LOW
0.639,7.636,1,1,1,NORMAL
0.661,7.928,1,1,0,NORMAL
0.731,8.724,1,1,1,NORMAL
0.662,7.846,1,1,1,NORMAL
0.666,8.037,0,1,1,WASTAGE
0.929,11.12,1,1,1,NORMAL
0.642,7.726,1,1,1,NORMAL
0.446,5.352,0,0,1,WASTAGE
0.69,8.308,1,1,0,NORMAL
0.004,0.078,1,0,0,LOW
0.403,4.813,0,0,1,WASTAGE
0.433,5.301,1,1,0,NORMAL
0.587,7.06,0,1,0,WASTAGE
0.506,6.086,0,1,0,WASTAGE
0.019,0.28,0,0,0,NORMAL
0.585,6.967,1,1,0,NORMAL
0.022,0.253,1,0,0,LOW
0.773,9.272,1,1,1,NORMAL
0.902,10.804,0,1,1,WASTAGE
0.028,0.4,1,0,0,LOW
0.406,4.878,0,1,0,WASTAGE
0.654,7.895,0,1,0,WASTAGE
0.021,0.286,0,0,0,NORMAL
0.654,7.833,0,1,1,WASTAGE
0.708,8.434,1,1,0,NORMAL
0.929,11.141,1,1,1,NORMAL
0.014,0.188,0,0,0,NORMAL
0.795,9.502,0,1,1,WASTAGE
0.0,0.043,0,0,0,NORMAL
0.41,4.949,0,1,0,WASTAGE
0.545,6.542,1,1,0,NORMAL
0.493,5.951,1,1,0,NORMAL
0.003,0.038,0,0,0,NORMAL
0.021,0.233,1,0,0,LOW
0.601,7.209,1,1,1,NORMAL
0.015,0.157,1,0,0,LOW
0.386,4.594,0,0,1,WASTAGE
0.03,0.395,0,0,0,NORMAL
0.752,9.097,0,1,1,WASTAGE
0.012,0.137,1,0,0,LOW
0.518,6.199,1,1,0,NORMAL
0.49,5.886,0,0,1,WASTAGE
0.278,3.338,0,0,1,WASTAGE
0.67,8.113,1,1,0,NORMAL
0.786,9.43,0,1,1,WASTAGE
0.046,0.446,0,0,0,NORMAL
0.966,11.61,1,1,1,NORMAL
0.664,8.0,1,1,0,NORMAL
0.76,9.132,1,1,1,NORMAL
0.88,10.593,1,1,1,NORMAL
1.067,12.787,0,1,1,WASTAGE
0.724,8.591,0,1,0,WASTAGE
0.549,6.597,0,1,0,WASTAGE
0.944,11.477,0,1,1,WASTAGE
0.429,5.064,0,0,1,WASTAGE
0.604,7.242,1,1,0,NORMAL
0.916,11.011,0,1,1,WASTAGE
0.02,0.156,1,0,0,LOW
0.003,0.068,1,0,0,LOW
0.694,8.393,1,1,0,NORMAL
0.642,7.615,0,1,1,WASTAGE
0.013,0.071,1,0,0,LOW
0.519,6.099,0,0,1,WASTAGE
0.804,9.67,1,1,1,NORMAL
0.356,4.352,0,0,1,WASTAGE
0.708,8.489,1,1,0,NORMAL
0.572,6.849,1,1,0,NORMAL
0.009,0.171,1,0,0,LOW
0.696,8.383,1,1,0,NORMAL
0.649,7.779,1,1,0,NORMAL
0.019,0.258,1,0,0,LOW
0.035,0.49,0,0,0,NORMAL
0.608,7.354,1,1,1,NORMAL
0.721,8.652,0,1,1,WASTAGE
0.521,6.368,0,1,0,WASTAGE
0.001,0.012,1,0,0,LOW
0.592,7.171,1,1,0,NORMAL
0.487,5.816,1,1,0,NORMAL
0.019,0.331,0,0,0,NORMAL
0.652,7.813,1,1,0,NORMAL
0.28,3.358,0,0,1,WASTAGE
0.678,8.15,0,1,1,WASTAGE
0.003,0.092,1,0,0,LOW
0.713,8.646,0,1,0,WASTAGE
0.023,0.362,1,0,0,LOW
0.7,8.3,0,1,0,WASTAGE
0.76,9.125,0,1,1,WASTAGE
0.448,5.417,1,1,0,NORMAL
0.031,0.387,1,0,0,LOW
0.034,0.383,1,0,0,LOW
0.029,0.299,0,0,0,NORMAL
0.499,5.971,0,1,0,WASTAGE
0.589,7.076,1,1,0,NORMAL
0.607,7.388,0,1,1,WASTAGE
0.949,11.402,0,1,1,WASTAGE
0.71,8.532,0,1,0,WASTAGE
0.95,11.447,0,1,1,WASTAGE
0.582,6.947,1,1,0,NORMAL
0.607,7.393,1,1,1,NORMAL
0.64,7.605,0,1,0,WASTAGE
0.018,0.247,0,0,0,NORMAL
0.844,10.185,0,1,1,WASTAGE
0.03,0.312,0,0,0,NORMAL
0.01,0.12,0,0,0,NORMAL
0.651,7.735,1,1,0,NORMAL
0.565,6.895,0,1,0,WASTAGE
0.04,0.365,0,0,0,NORMAL
0.031,0.352,1,0,0,LOW
0.801,9.558,0,1,1,WASTAGE
0.4,4.787,0,0,1,WASTAGE
0.655,7.946,1,1,1,NORMAL
0.018,0.186,1,0,0,LOW
0.691,8.361,0,1,0,WASTAGE
0.614,7.328,1,1,1,NORMAL
0.041,0.412,0,0,0,NORMAL
0.0,0.062,1,0,0,LOW
0.384,4.601,0,1,0,WASTAGE
0.381,4.565,0,0,1,WASTAGE
0.464,5.636,1,1,0,NORMAL
0.972,11.593,0,1,1,WASTAGE
0.668,8.024,0,1,1,WASTAGE
0.031,0.328,1,0,0,LOW
1.08,12.948,0,1,1,WASTAGE
0.91,10.958,0,1,1,WASTAGE
0.9,10.702,1,1,1,NORMAL
0.523,6.27,0,0,1,WASTAGE
0.739,8.85,0,1,1,WASTAGE
0.523,6.278,0,1,0,WASTAGE
0.556,6.644,0,1,0,WASTAGE
0.018,0.144,1,0,0,LOW
0.635,7.573,0,1,0,WASTAGE
0.031,0.337,0,0,0,NORMAL
0.661,7.978,0,1,1,WASTAGE
0.702,8.437,0,1,0,WASTAGE
0.005,0.046,1,0,0,LOW
0.776,9.382,1,1,1,NORMAL
0.012,0.16,1,0,0,LOW
0.545,6.534,0,1,0,WASTAGE
0.013,0.197,0,0,0,NORMAL
0.754,9.115,0,1,1,WASTAGE
0.68,8.188,1,1,1,NORMAL
0.016,0.205,1,0,0,LOW
0.658,7.883,0,1,1,WASTAGE
0.602,7.21,1,1,0,NORMAL
0.618,7.368,1,1,0,NORMAL
0.423,5.105,0,1,0,WASTAGE
0.027,0.343,1,0,0,LOW
0.879,10.59,1,1,1,NORMAL
0.505,6.104,0,0,1,WASTAGE
0.871,10.556,1,1,1,NORMAL
0.421,5.131,0,1,0,WASTAGE
0.334,3.906,0,0,1,WASTAGE
1.036,12.304,0,1,1,WASTAGE
0.826,9.949,1,1,1,NORMAL
0.022,0.315,1,0,0,LOW
0.363,4.311,0,0,1,WASTAGE
0.918,10.929,0,1,1,WASTAGE
0.002,0.074,0,0,0,NORMAL
0.004,0.04,0,0,0,NORMAL
0.277,3.333,0,0,1,WASTAGE
0.443,5.266,0,1,0,WASTAGE
0.004,0.08,0,0,0,NORMAL
0.55,6.625,1,1,0,NORMAL
0.0,0.047,1,0,0,LOW
0.834,9.827,1,1,1,NORMAL
0.582,6.941,1,1,0,NORMAL
0.74,8.886,1,1,1,NORMAL
0.015,0.134,0,0,0,NORMAL
0.606,7.246,0,1,0,WASTAGE
0.002,0.066,0,0,0,NORMAL
0.008,0.006,0,0,0,NORMAL
0.446,5.448,0,0,1,WASTAGE
0.446,5.238,0,0,1,WASTAGE
0.488,5.733,0,0,1,WASTAGE
0.626,7.613,1,1,1,NORMAL
0.009,0.028,0,0,0,NORMAL
0.398,4.81,0,0,1,WASTAGE
0.433,5.16,1,1,0,NORMAL
0.944,11.439,1,1,1,NORMAL
0.036,0.35,1,0,0,LOW
0.024,0.199,0,0,0,NORMAL
0.682,8.201,1,1,1,NORMAL
0.031,0.349,0,0,0,NORMAL
0.465,5.697,1,1,0,NORMAL
0.533,6.346,0,0,1,WASTAGE
0.485,5.834,0,1,0,WASTAGE
0.698,8.331,1,1,0,NORMAL
0.014,0.068,0,0,0,NORMAL
0.01,0.167,1,0,0,LOW
0.021,0.321,1,0,0,LOW
0.477,5.613,0,0,1,WASTAGE
0.655,7.866,1,1,0,NORMAL
0.0,0.046,1,0,0,LOW
0.029,0.239,1,0,0,LOW
0.931,11.165,0,1,1,WASTAGE
0.657,7.951,1,1,0,NORMAL
0.312,3.874,0,0,1,WASTAGE
0.26,3.068,0,0,1,WASTAGE
0.93,11.084,1,1,1,NORMAL
0.04,0.437,0,0,0,NORMAL
0.496,5.883,1,1,0,NORMAL
0.035,0.44,0,0,0,NORMAL
0.424,5.031,0,0,1,WASTAGE
0.039,0.419,0,0,0,NORMAL
0.014,0.144,0,0,0,NORMAL
0.019,0.266,1,0,0,LOW
0.508,6.042,0,0,1,WASTAGE
0.704,8.409,0,1,0,WASTAGE
0.672,8.106,1,1,1,NORMAL
0.548,6.67,1,1,0,NORMAL
0.798,9.569,1,1,1,NORMAL
0.568,6.687,1,1,0,NORMAL
0.693,8.424,1,1,0,NORMAL
0.485,5.822,0,1,0,WASTAGE
0.014,0.192,1,0,0,LOW
0.016,0.211,0,0,0,NORMAL
0.557,6.762,0,1,0,WASTAGE
0.569,6.859,0,0,1,WASTAGE
0.809,9.712,1,1,1,NORMAL
0.689,8.316,1,1,0,NORMAL
0.663,8.016,1,1,0,NORMAL
0.686,8.251,1,1,0,NORMAL
0.491,5.853,0,1,0,WASTAGE
0.622,7.46,0,1,1,WASTAGE
0.483,5.809,1,1,0,NORMAL
0.611,7.333,1,1,1,NORMAL
0.018,0.147,0,0,0,NORMAL
0.689,8.316,1,1,1,NORMAL
0.021,0.167,1,0,0,LOW
0.026,0.369,1,0,0,LOW
0.406,4.855,0,0,1,WASTAGE
0.702,8.353,1,1,1,NORMAL
0.583,7.046,1,1,1,NORMAL
0.741,8.966,0,1,1,WASTAGE
0.038,0.481,0,0,0,NORMAL
0.671,8.043,1,1,1,NORMAL
0.684,8.266,1,1,0,NORMAL
0.815,9.753,1,1,1,NORMAL
0.948,11.335,1,1,1,NORMAL
0.919,10.973,0,1,1,WASTAGE
0.408,5.021,1,1,0,NORMAL
0.453,5.466,0,0,1,WASTAGE
0.58,6.894,0,1,0,WASTAGE
0.021,0.244,1,0,0,LOW
0.66,7.94,1,1,1,NORMAL
0.558,6.671,1,1,0,NORMAL
0.478,5.731,0,1,0,WASTAGE
0.0,0.04,0,0,0,NORMAL
0.51,6.114,0,1,0,WASTAGE
0.654,7.723,1,1,0,NORMAL
0.855,10.25,1,1,1,NORMAL
0.007,0.099,1,0,0,LOW
0.524,6.17,0,1,0,WASTAGE
0.478,5.792,0,1,0,WASTAGE
0.012,0.133,0,0,0,NORMAL
0.747,9.015,0,1,1,WASTAGE
0.648,7.625,0,1,0,WASTAGE
0.698,8.472,1,1,0,NORMAL
0.023,0.279,1,0,0,LOW
0.587,7.084,0,1,1,WASTAGE
0.457,5.487,1,1,0,NORMAL
0.737,8.82,0,1,0,WASTAGE
0.573,6.871,0,0,1,WASTAGE
0.878,10.57,1,1,1,NORMAL
0.564,6.765,0,1,0,WASTAGE
0.04,0.451,0,0,0,NORMAL
0.903,10.86,1,1,1,NORMAL
0.792,9.518,1,1,1,NORMAL
0.726,8.712,0,1,0,WASTAGE
0.698,8.341,1,1,0,NORMAL
0.021,0.241,0,0,0,NORMAL
0.019,0.069,1,0,0,LOW
0.592,7.134,1,1,0,NORMAL
0.838,10.009,0,1,1,WASTAGE
0.437,5.205,1,1,0,NORMAL
0.692,8.286,1,1,0,NORMAL
0.653,7.802,0,1,1,WASTAGE
0.801,9.569,0,1,1,WASTAGE
0.715,8.493,0,1,0,WASTAGE
0.655,7.858,1,1,1,NORMAL
0.022,0.385,0,0,0,NORMAL
0.633,7.581,1,1,0,NORMAL
0.966,11.631,0,1,1,WASTAGE
0.575,6.915,1,1,0,NORMAL
0.402,4.789,0,1,0,WASTAGE
0.45,5.37,1,1,0,NORMAL
0.743,8.954,0,1,1,WASTAGE
0.544,6.496,1,1,0,NORMAL
0.026,0.366,1,0,0,LOW
0.437,5.179,1,1,0,NORMAL
0.043,0.497,0,0,0,NORMAL
0.698,8.338,0,1,1,WASTAGE
0.542,6.406,0,0,1,WASTAGE
0.702,8.451,1,1,1,NORMAL
0.388,4.663,0,1,0,WASTAGE
0.667,8.036,0,1,1,WASTAGE
0.025,0.116,1,0,0,LOW
0.833,10.0,0,1,1,WASTAGE
0.0,0.033,0,0,0,NORMAL
0.681,8.074,1,1,1,NORMAL
0.444,5.297,1,1,0,NORMAL
0.518,6.202,0,0,1,WASTAGE
0.031,0.386,0,0,0,NORMAL
0.012,0.039,0,0,0,NORMAL
0.902,10.805,0,1,1,WASTAGE
0.351,4.209,0,0,1,WASTAGE
0.706,8.463,1,1,0,NORMAL
0.465,5.464,1,1,0,NORMAL
0.014,0.133,0,0,0,NORMAL
0.587,7.027,1,1,1,NORMAL
0.594,7.301,0,1,1,WASTAGE
0.549,6.603,1,1,0,NORMAL
0.581,7.035,0,1,0,WASTAGE
0.681,8.159,1,1,1,NORMAL
0.608,7.348,1,1,0,NORMAL
0.628,7.606,1,1,1,NORMAL
0.561,6.638,1,1,0,NORMAL
0.444,5.452,0,1,0,WASTAGE
0.771,9.354,1,1,1,NORMAL
0.739,8.968,1,1,1,NORMAL
0.439,5.276,0,0,1,WASTAGE
0.44,5.217,0,0,1,WASTAGE
0.598,7.279,0,1,1,WASTAGE
0.659,7.873,0,1,1,WASTAGE
0.008,0.094,1,0,0,LOW
0.56,6.699,1,1,0,NORMAL
0.694,8.323,1,1,1,NORMAL
0.783,9.373,0,1,1,WASTAGE
0.02,0.233,0,0,0,NORMAL
0.409,4.877,0,1,0,WASTAGE
0.467,5.582,1,1,0,NORMAL
0.486,5.762,1,1,0,NORMAL
0.61,7.334,0,1,0,WASTAGE
0.609,7.34,1,1,1,NORMAL
0.435,5.22,1,1,0,NORMAL
0.908,10.844,1,1,1,NORMAL
1.024,12.292,0,1,1,WASTAGE
1.022,12.262,0,1,1,WASTAGE
0.462,5.48,0,1,0,WASTAGE
0.406,4.985,0,0,1,WASTAGE
0.728,8.651,1,1,1,NORMAL
0.524,6.354,0,1,0,WASTAGE
0.547,6.567,0,0,1,WASTAGE
0.53,6.503,0,0,1,WASTAGE
0.792,9.499,0,1,1,WASTAGE
0.654,7.934,0,1,1,WASTAGE
0.012,0.168,1,0,0,LOW
0.67,7.957,0,1,1,WASTAGE
0.036,0.313,0,0,0,NORMAL
0.813,9.743,0,1,1,WASTAGE
0.515,6.249,1,1,0,NORMAL
0.667,7.989,1,1,0,NORMAL
0.593,7.068,1,1,0,NORMAL
1.071,12.834,0,1,1,WASTAGE
0.018,0.316,1,0,0,LOW
0.486,5.852,1,1,0,NORMAL
0.559,6.704,0,0,1,WASTAGE
1.019,12.138,0,1,1,WASTAGE
0.627,7.449,1,1,0,NORMAL
0.015,0.169,0,0,0,NORMAL
0.955,11.39,0,1,1,WASTAGE
0.6,7.26,1,1,0,NORMAL
0.883,10.546,1,1,1,NORMAL
0.689,8.331,0,1,0,WASTAGE
0.009,0.184,1,0,0,LOW
0.323,3.936,0,0,1,WASTAGE
0.504,5.986,0,1,0,WASTAGE
0.694,8.313,0,1,1,WASTAGE
0.017,0.142,1,0,0,LOW
0.588,7.168,1,1,0,NORMAL
0.378,4.583,0,1,0,WASTAGE
0.71,8.566,1,1,1,NORMAL
0.017,0.277,1,0,0,LOW
0.793,9.584,0,1,1,WASTAGE
0.46,5.388,0,0,1,WASTAGE
0.871,10.477,1,1,1,NORMAL
0.5,5.956,0,1,0,WASTAGE
0.028,0.387,0,0,0,NORMAL
0.449,5.365,1,1,0,NORMAL
0.873,10.573,0,1,1,WASTAGE
0.615,7.291,1,1,1,NORMAL
0.407,4.873,0,0,1,WASTAGE
0.352,4.187,0,0,1,WASTAGE
0.625,7.454,0,1,0,WASTAGE
0.525,6.316,0,1,0,WASTAGE
0.029,0.33,0,0,0,NORMAL
0.0,0.033,0,0,0,NORMAL
0.606,7.246,1,1,1,NORMAL
0.72,8.564,0,1,1,WASTAGE
0.658,7.787,1,1,0,NORMAL
0.459,5.463,0,1,0,WASTAGE
0.032,0.341,0,0,0,NORMAL
0.51,6.114,0,0,1,WASTAGE
0.031,0.392,1,0,0,LOW
0.427,5.087,0,0,1,WASTAGE
0.428,5.18,1,1,0,NORMAL
0.786,9.39,0,1,1,WASTAGE
0.586,6.967,0,1,0,WASTAGE
0.708,8.52,0,1,0,WASTAGE
0.023,0.333,1,0,0,LOW
0.666,8.038,0,1,0,WASTAGE
0.837,10.006,0,1,1,WASTAGE
0.019,0.248,0,0,0,NORMAL
0.456,5.533,0,0,1,WASTAGE
0.624,7.461,0,1,0,WASTAGE
0.527,6.267,0,1,0,WASTAGE
0.545,6.531,0,0,1,WASTAGE
0.583,6.959,0,1,0,WASTAGE
0.49,5.896,0,0,1,WASTAGE
0.006,0.102,0,0,0,NORMAL
0.626,7.468,1,1,1,NORMAL
0.615,7.383,0,1,1,WASTAGE
0.005,0.056,1,0,0,LOW
0.033,0.379,0,0,0,NORMAL
0.029,0.386,1,0,0,LOW
0.674,7.992,1,1,1,NORMAL
0.461,5.567,0,0,1,WASTAGE
0.696,8.431,1,1,1,NORMAL
0.47,5.735,1,1,0,NORMAL
0.005,0.009,1,0,0,LOW
0.457,5.432,0,0,1,WASTAGE
0.533,6.513,0,1,0,WASTAGE
0.842,10.008,0,1,1,WASTAGE
0.03,0.326,0,0,0,NORMAL
0.985,11.72,1,1,1,NORMAL
0.022,0.285,1,0,0,LOW
0.75,8.977,0,1,0,WASTAGE
0.887,10.579,0,1,1,WASTAGE
0.521,6.159,0,1,0,WASTAGE
0.032,0.34,1,0,0,LOW
0.521,6.282,0,1,0,WASTAGE
0.687,8.264,1,1,1,NORMAL
0.936,11.242,0,1,1,WASTAGE
0.027,0.207,1,0,0,LOW
0.587,7.079,0,1,1,WASTAGE
0.041,0.485,0,0,0,NORMAL
0.003,0.027,1,0,0,LOW
0.43,5.203,0,0,1,WASTAGE
0.665,7.989,0,1,0,WASTAGE
0.295,3.463,0,0,1,WASTAGE
0.419,5.091,0,1,0,WASTAGE
0.004,0.058,0,0,0,NORMAL
0.866,10.316,1,1,1,NORMAL
0.004,0.017,1,0,0,LOW
0.023,0.309,0,0,0,NORMAL
0.019,0.312,1,0,0,LOW
0.414,4.982,0,1,0,WASTAGE
0.01,0.121,0,0,0,NORMAL
0.578,6.974,1,1,0,NORMAL
0.003,0.057,1,0,0,LOW
0.896,10.649,1,1,1,NORMAL
0.599,7.19,1,1,0,NORMAL
0.032,0.339,1,0,0,LOW
0.553,6.63,1,1,0,NORMAL
0.033,0.322,1,0,0,LOW
0.641,7.723,1,1,1,NORMAL
0.022,0.265,0,0,0,NORMAL
0.479,5.754,0,0,1,WASTAGE
0.417,4.996,0,1,0,WASTAGE
0.696,8.441,1,1,1,NORMAL
0.027,0.31,1,0,0,LOW
0.701,8.404,1,1,0,NORMAL
0.466,5.565,0,0,1,WASTAGE
0.875,10.551,1,1,1,NORMAL
0.015,0.177,1,0,0,LOW
0.823,9.862,0,1,1,WASTAGE
0.627,7.481,1,1,1,NORMAL
0.561,6.804,0,0,1,WASTAGE
0.733,8.91,1,1,1,NORMAL
0.0,0.015,0,0,0,NORMAL
0.635,7.626,1,1,0,NORMAL
0.002,0.011,1,0,0,LOW
0.751,8.964,0,1,0,WASTAGE
0.546,6.496,0,0,1,WASTAGE
0.003,0.132,0,0,0,NORMAL
0.693,8.284,1,1,0,NORMAL
0.561,6.713,0,0,1,WASTAGE
0.889,10.581,1,1,1,NORMAL
0.529,6.329,1,1,0,NORMAL
0.032,0.444,0,0,0,NORMAL
0.969,11.613,1,1,1,NORMAL
0.952,11.425,1,1,1,NORMAL
0.006,0.058,1,0,0,LOW
0.021,0.173,0,0,0,NORMAL
0.707,8.447,1,1,1,NORMAL
0.009,0.196,1,0,0,LOW
0.752,9.037,0,1,1,WASTAGE
0.909,10.935,0,1,1,WASTAGE
0.01,0.074,1,0,0,LOW
0.62,7.455,1,1,0,NORMAL
0.005,0.056,1,0,0,LOW
0.631,7.583,1,1,0,NORMAL
0.021,0.158,0,0,0,NORMAL
0.002,0.15,1,0,0,LOW
0.021,0.353,0,0,0,NORMAL
0.62,7.506,1,1,0,NORMAL
0.611,7.389,0,1,1,WASTAGE
0.392,4.681,0,0,1,WASTAGE
0.014,0.147,1,0,0,LOW
0.0,0.015,0,0,0,NORMAL
0.014,0.119,1,0,0,LOW
0.663,7.926,1,1,0,NORMAL
0.551,6.675,0,1,0,WASTAGE
0.455,5.434,0,0,1,WASTAGE
0.441,5.354,0,0,1,WASTAGE
0.578,6.981,1,1,0,NORMAL
0.013,0.061,0,0,0,NORMAL
0.009,0.151,0,0,0,NORMAL
0.74,8.777,0,1,1,WASTAGE
0.805,9.707,0,1,1,WASTAGE
0.482,5.79,0,1,0,WASTAGE
0.028,0.336,0,0,0,NORMAL
0.854,10.225,1,1,1,NORMAL
0.702,8.378,0,1,1,WASTAGE
0.651,7.883,1,1,1,NORMAL
0.991,11.93,1,1,1,NORMAL
0.024,0.391,1,0,0,LOW
0.436,5.275,0,1,0,WASTAGE
0.031,0.391,0,0,0,NORMAL
0.665,7.913,1,1,0,NORMAL
0.957,11.497,1,1,1,NORMAL
0.606,7.198,1,1,1,NORMAL
0.006,0.043,1,0,0,LOW
1.022,12.218,0,1,1,WASTAGE
0.709,8.531,1,1,1,NORMAL
0.879,10.578,1,1,1,NORMAL
0.038,0.448,0,0,0,NORMAL
0.03,0.289,0,0,0,NORMAL
0.4,4.887,0,1,0,WASTAGE
0.978,11.681,1,1,1,NORMAL
0.267,3.16,0,0,1,WASTAGE
0.635,7.678,0,1,1,WASTAGE
0.856,10.367,0,1,1,WASTAGE
0.65,7.678,1,1,0,NORMAL
0.025,0.268,1,0,0,LOW
0.305,3.623,0,0,1,WASTAGE
0.987,11.972,0,1,1,WASTAGE
0.541,6.51,0,0,1,WASTAGE
0.558,6.727,0,0,1,WASTAGE
0.397,4.806,0,1,0,WASTAGE
0.392,4.707,0,1,0,WASTAGE
0.0,0.033,0,0,0,NORMAL
0.413,4.963,0,1,0,WASTAGE
0.667,8.033,0,1,0,WASTAGE
0.919,10.968,0,1,1,WASTAGE
0.5,5.97,1,1,0,NORMAL
0.459,5.46,1,1,0,NORMAL
0.701,8.395,1,1,0,NORMAL
0.439,5.284,0,1,0,WASTAGE
0.025,0.361,1,0,0,LOW
0.016,0.193,0,0,0,NORMAL
0.019,0.175,1,0,0,LOW
0.624,7.466,1,1,1,NORMAL
0.539,6.434,0,1,0,WASTAGE
0.028,0.275,0,0,0,NORMAL
0.015,0.199,0,0,0,NORMAL
0.018,0.066,0,0,0,NORMAL
0.008,0.137,0,0,0,NORMAL
0.45,5.424,0,0,1,WASTAGE
0.682,8.158,1,1,1,NORMAL
0.695,8.424,0,1,0,WASTAGE
0.512,6.193,1,1,0,NORMAL
0.823,9.962,0,1,1,WASTAGE
0.039,0.347,1,0,0,LOW
0.71,8.583,1,1,1,NORMAL
0.736,8.813,1,1,1,NORMAL
0.568,6.714,1,1,0,NORMAL
0.662,7.903,1,1,0,NORMAL
0.003,0.113,1,0,0,LOW
1.057,12.738,0,1,1,WASTAGE
0.457,5.557,0,1,0,WASTAGE
0.855,10.308,0,1,1,WASTAGE
0.994,11.905,0,1,1,WASTAGE
0.475,5.815,1,1,0,NORMAL
0.499,5.964,0,1,0,WASTAGE
0.421,5.126,0,1,0,WASTAGE
0.514,6.224,0,0,1,WASTAGE
0.643,7.732,0,1,0,WASTAGE
0.03,0.374,0,0,0,NORMAL
0.018,0.28,0,0,0,NORMAL
0.016,0.152,1,0,0,LOW
0.454,5.549,1,1,0,NORMAL
0.581,6.932,0,0,1,WASTAGE
0.018,0.258,0,0,0,NORMAL
0.588,7.096,1,1,1,NORMAL
0.011,0.21,0,0,0,NORMAL
0.006,0.086,1,0,0,LOW
0.024,0.292,0,0,0,NORMAL
0.668,8.098,0,1,1,WASTAGE
1.044,12.432,0,1,1,WASTAGE
0.023,0.276,1,0,0,LOW
0.898,10.828,0,1,1,WASTAGE
0.637,7.532,1,1,0,NORMAL
0.568,6.706,0,1,0,WASTAGE
0.65,7.808,1,1,0,NORMAL
0.007,0.051,0,0,0,NORMAL
1.016,12.227,0,1,1,WASTAGE
0.024,0.384,0,0,0,NORMAL
0.636,7.549,0,1,1,WASTAGE
0.01,0.132,1,0,0,LOW
0.03,0.352,0,0,0,NORMAL
0.008,0.022,1,0,0,LOW
0.631,7.56,0,1,0,WASTAGE
0.515,6.19,1,1,0,NORMAL
0.012,0.086,1,0,0,LOW
0.591,7.169,1,1,1,NORMAL
0.026,0.312,0,0,0,NORMAL
0.77,9.231,0,1,1,WASTAGE
0.672,8.048,1,1,1,NORMAL
0.635,7.558,1,1,0,NORMAL
0.811,9.775,1,1,1,NORMAL
0.584,7.1,1,1,1,NORMAL
0.693,8.401,1,1,1,NORMAL
0.014,0.093,1,0,0,LOW
0.879,10.491,1,1,1,NORMAL
0.931,11.202,0,1,1,WASTAGE
0.625,7.483,1,1,0,NORMAL
0.04,0.436,0,0,0,NORMAL
0.863,10.374,0,1,1,WASTAGE
0.031,0.335,1,0,0,LOW
0.029,0.26,0,0,0,NORMAL
0.034,0.39,0,0,0,NORMAL
0.028,0.325,0,0,0,NORMAL
0.745,8.866,1,1,1,NORMAL
0.489,5.821,0,0,1,WASTAGE
0.696,8.281,0,1,1,WASTAGE
0.454,5.411,0,1,0,WASTAGE
0.551,6.621,0,1,0,WASTAGE
0.461,5.483,0,0,1,WASTAGE
0.722,8.674,0,1,1,WASTAGE
0.94,11.328,0,1,1,WASTAGE
0.766,9.137,0,1,1,WASTAGE
1.024,12.392,0,1,1,WASTAGE
0.575,6.815,0,1,0,WASTAGE
0.85,10.154,0,1,1,WASTAGE
0.38,4.583,0,1,0,WASTAGE
0.402,4.854,0,0,1,WASTAGE
0.413,4.868,0,1,0,WASTAGE
0.447,5.387,0,0,1,WASTAGE
0.019,0.26,0,0,0,NORMAL
0.428,5.093,1,1,0,NORMAL
0.584,6.953,0,1,0,WASTAGE
0.012,0.087,0,0,0,NORMAL
0.656,7.912,0,1,0,WASTAGE
0.737,8.788,1,1,1,NORMAL
0.009,0.07,0,0,0,NORMAL
0.379,4.553,0,1,0,WASTAGE
0.588,7.15,1,1,1,NORMAL
0.409,4.962,0,0,1,WASTAGE
0.59,7.071,1,1,0,NORMAL
0.27,3.233,0,0,1,WASTAGE
0.872,10.435,1,1,1,NORMAL
0.671,8.004,0,1,0,WASTAGE
0.015,0.292,0,0,0,NORMAL
0.713,8.461,1,1,0,NORMAL
0.692,8.259,1,1,1,NORMAL
0.499,6.058,0,0,1,WASTAGE
0.6,7.109,1,1,0,NORMAL
0.037,0.382,0,0,0,NORMAL
0.671,7.987,0,1,0,WASTAGE
0.677,8.175,0,1,0,WASTAGE
0.373,4.501,0,1,0,WASTAGE
0.469,5.668,0,0,1,WASTAGE
0.733,8.753,0,1,0,WASTAGE
0.016,0.241,1,0,0,LOW
0.543,6.505,1,1,0,NORMAL
0.966,11.606,0,1,1,WASTAGE
1.037,12.424,0,1,1,WASTAGE
0.585,7.039,1,1,0,NORMAL
0.46,5.516,0,0,1,WASTAGE
0.008,0.05,1,0,0,LOW
0.02,0.248,0,0,0,NORMAL
0.025,0.302,0,0,0,NORMAL
0.01,0.12,0,0,0,NORMAL
0.022,0.211,0,0,0,NORMAL
0.008,0.032,0,0,0,NORMAL
0.767,9.229,1,1,1,NORMAL
0.001,0.046,0,0,0,NORMAL
0.479,5.772,1,1,0,NORMAL
0.484,5.789,0,0,1,WASTAGE
0.586,7.086,1,1,0,NORMAL
0.911,11.022,1,1,1,NORMAL
0.0,0.039,1,0,0,LOW
0.026,0.346,0,0,0,NORMAL
0.442,5.325,0,0,1,WASTAGE
0.009,0.183,1,0,0,LOW
0.425,5.106,1,1,0,NORMAL
0.023,0.261,1,0,0,LOW
0.025,0.376,0,0,0,NORMAL
0.032,0.451,0,0,0,NORMAL
0.53,6.36,1,1,0,NORMAL
0.704,8.462,1,1,0,NORMAL
0.015,0.173,0,0,0,NORMAL
0.036,0.36,1,0,0,LOW
0.491,5.796,1,1,0,NORMAL
0.525,6.228,1,1,0,NORMAL
0.675,8.015,1,1,1,NORMAL
0.039,0.432,0,0,0,NORMAL
0.505,6.113,0,0,1,WASTAGE
0.32,3.785,0,0,1,WASTAGE
0.662,7.956,1,1,1,NORMAL
0.518,6.253,0,0,1,WASTAGE
0.001,0.008,1,0,0,LOW
0.44,5.173,0,1,0,WASTAGE
0.575,6.95,1,1,0,NORMAL
0.015,0.186,0,0,0,NORMAL
1.06,12.853,0,1,1,WASTAGE
0.777,9.266,0,1,1,WASTAGE
0.016,0.228,0,0,0,NORMAL
0.573,6.895,0,1,0,WASTAGE
0.922,11.055,0,1,1,WASTAGE
0.41,4.933,0,0,1,WASTAGE
0.027,0.46,0,0,0,NORMAL
0.011,0.119,0,0,0,NORMAL
0.62,7.416,1,1,0,NORMAL
0.681,8.178,1,1,1,NORMAL
0.762,9.154,0,1,1,WASTAGE
0.942,11.184,0,1,1,WASTAGE
0.793,9.477,1,1,1,NORMAL
0.031,0.37,0,0,0,NORMAL
0.42,4.933,0,1,0,WASTAGE
0.662,7.964,1,1,0,NORMAL
0.028,0.375,1,0,0,LOW
0.395,4.78,0,1,0,WASTAGE
0.383,4.611,0,1,0,WASTAGE
0.738,8.818,1,1,1,NORMAL
0.328,3.878,0,0,1,WASTAGE
0.578,6.793,1,1,0,NORMAL
0.528,6.326,0,0,1,WASTAGE
0.03,0.319,1,0,0,LOW
0.041,0.431,0,0,0,NORMAL
0.861,10.275,0,1,1,WASTAGE
0.576,6.855,1,1,0,NORMAL
0.432,5.176,1,1,0,NORMAL
0.688,8.211,0,1,1,WASTAGE
0.012,0.048,0,0,0,NORMAL
0.836,10.096,1,1,1,NORMAL
0.287,3.445,0,0,1,WASTAGE
0.611,7.276,0,1,1,WASTAGE
0.738,8.801,1,1,1,NORMAL
0.3,3.618,0,0,1,WASTAGE
0.027,0.305,0,0,0,NORMAL
0.607,7.238,1,1,0,NORMAL
0.014,0.143,1,0,0,LOW
0.971,11.661,1,1,1,NORMAL
0.634,7.77,0,1,1,WASTAGE
0.369,4.394,0,0,1,WASTAGE
0.024,0.33,1,0,0,LOW
0.888,10.68,1,1,1,NORMAL
0.014,0.147,1,0,0,LOW
0.813,9.688,1,1,1,NORMAL
0.484,5.84,0,1,0,WASTAGE
0.038,0.397,1,0,0,LOW
0.022,0.312,1,0,0,LOW
0.577,6.975,1,1,0,NORMAL
0.608,7.32,1,1,1,NORMAL
0.515,6.257,0,0,1,WASTAGE
0.599,7.052,0,1,0,WASTAGE
0.838,9.889,1,1,1,NORMAL
0.534,6.449,0,1,0,WASTAGE
0.317,3.843,0,0,1,WASTAGE
0.711,8.469,0,1,0,WASTAGE
0.028,0.331,1,0,0,LOW
0.997,12.039,0,1,1,WASTAGE
0.669,8.139,1,1,1,NORMAL
0.31,3.717,0,0,1,WASTAGE
0.568,6.864,1,1,0,NORMAL
0.588,7.091,1,1,0,NORMAL
0.024,0.322,0,0,0,NORMAL
0.843,10.096,0,1,1,WASTAGE
0.017,0.094,1,0,0,LOW
0.009,0.122,0,0,0,NORMAL
0.903,10.842,1,1,1,NORMAL
0.0,0.036,0,0,0,NORMAL
0.019,0.184,1,0,0,LOW
0.731,8.859,0,1,0,WASTAGE
0.446,5.375,0,0,1,WASTAGE
0.999,11.986,0,1,1,WASTAGE
0.775,9.251,1,1,1,NORMAL
0.035,0.483,0,0,0,NORMAL
0.97,11.695,0,1,1,WASTAGE
0.455,5.41,1,1,0,NORMAL
0.391,4.633,0,0,1,WASTAGE
0.787,9.377,1,1,1,NORMAL
0.019,0.265,1,0,0,LOW
0.768,9.212,1,1,1,NORMAL
0.011,0.043,1,0,0,LOW
0.034,0.352,1,0,0,LOW
0.701,8.313,1,1,1,NORMAL
0.616,7.322,0,1,0,WASTAGE
0.733,8.843,0,1,1,WASTAGE
0.642,7.658,1,1,0,NORMAL
0.016,0.171,1,0,0,LOW
0.975,11.745,1,1,1,NORMAL
0.031,0.361,0,0,0,NORMAL
0.009,0.111,0,0,0,NORMAL
0.805,9.601,1,1,1,NORMAL
0.467,5.792,0,1,0,WASTAGE
0.726,8.692,0,1,1,WASTAGE
0.011,0.143,1,0,0,LOW
0.016,0.214,0,0,0,NORMAL
0.528,6.303,0,1,0,WASTAGE
0.56,6.787,1,1,0,NORMAL
0.963,11.51,0,1,1,WASTAGE
0.04,0.444,0,0,0,NORMAL
0.537,6.546,1,1,0,NORMAL
0.673,8.105,0,1,0,WASTAGE
0.024,0.231,0,0,0,NORMAL
0.03,0.351,1,0,0,LOW
0.431,5.185,0,0,1,WASTAGE
0.042,0.436,0,0,0,NORMAL
0.01,0.097,0,0,0,NORMAL
0.001,0.017,1,0,0,LOW
0.036,0.402,0,0,0,NORMAL
0.638,7.691,1,1,1,NORMAL
0.026,0.216,1,0,0,LOW
0.013,0.143,0,0,0,NORMAL
0.528,6.343,1,1,0,NORMAL
0.914,11.019,0,1,1,WASTAGE
1.088,12.968,0,1,1,WASTAGE
0.044,0.394,0,0,0,NORMAL
0.93,11.242,1,1,1,NORMAL
1.006,12.002,0,1,1,WASTAGE
0.014,0.026,0,0,0,NORMAL
0.027,0.261,1,0,0,LOW
0.023,0.337,1,0,0,LOW
0.483,5.836,1,1,0,NORMAL
0.898,10.742,0,1,1,WASTAGE
0.495,5.843,0,0,1,WASTAGE
0.394,4.857,0,0,1,WASTAGE
0.372,4.518,0,1,0,WASTAGE
0.661,7.952,0,1,0,WASTAGE
0.905,10.832,0,1,1,WASTAGE
0.793,9.421,1,1,1,NORMAL
0.033,0.387,0,0,0,NORMAL
0.739,8.813,0,1,0,WASTAGE
0.03,0.331,0,0,0,NORMAL
0.027,0.372,0,0,0,NORMAL
0.047,0.44,0,0,0,NORMAL
0.596,7.159,1,1,1,NORMAL
0.501,6.043,0,0,1,WASTAGE
0.0,0.013,1,0,0,LOW
0.647,7.761,1,1,1,NORMAL
0.54,6.568,1,1,0,NORMAL
0.012,0.067,1,0,0,LOW
0.74,8.843,1,1,1,NORMAL
0.028,0.354,1,0,0,LOW
1.041,12.528,0,1,1,WASTAGE
0.75,8.953,0,1,0,WASTAGE
0.023,0.304,1,0,0,LOW
0.792,9.475,1,1,1,NORMAL
0.028,0.443,0,0,0,NORMAL
0.577,7.049,0,1,1,WASTAGE
0.013,0.049,0,0,0,NORMAL
0.0,0.022,1,0,0,LOW
0.986,11.728,1,1,1,NORMAL
0.742,8.92,1,1,1,NORMAL
0.536,6.422,0,0,1,WASTAGE
0.674,8.025,1,1,0,NORMAL
0.472,5.584,1,1,0,NORMAL
0.758,9.047,1,1,1,NORMAL
0.019,0.189,1,0,0,LOW
0.01,0.221,1,0,0,LOW
0.025,0.29,1,0,0,LOW
0.49,5.916,0,0,1,WASTAGE
0.289,3.517,0,0,1,WASTAGE
0.414,4.957,0,1,0,WASTAGE
0.457,5.479,0,1,0,WASTAGE
0.875,10.44,1,1,1,NORMAL
0.586,6.977,1,1,0,NORMAL
0.65,7.779,1,1,0,NORMAL
0.037,0.392,1,0,0,LOW
0.688,8.214,1,1,1,NORMAL
0.927,11.052,1,1,1,NORMAL
0.002,0.008,1,0,0,LOW
0.016,0.087,0,0,0,NORMAL
0.801,9.531,0,1,1,WASTAGE
0.663,8.053,1,1,1,NORMAL
0.579,7.015,1,1,0,NORMAL
0.618,7.482,0,1,0,WASTAGE
0.603,7.244,1,1,0,NORMAL
0.597,7.182,0,1,0,WASTAGE
0.417,5.091,0,0,1,WASTAGE
0.026,0.388,0,0,0,NORMAL
0.008,0.05,1,0,0,LOW
0.593,7.022,0,1,0,WASTAGE
1.01,12.033,0,1,1,WASTAGE
0.625,7.461,1,1,0,NORMAL
0.721,8.667,1,1,1,NORMAL
0.036,0.337,0,0,0,NORMAL
0.005,0.22,0,0,0,NORMAL
0.941,11.284,0,1,1,WASTAGE
0.016,0.265,1,0,0,LOW
0.483,5.772,1,1,0,NORMAL
0.849,10.236,0,1,1,WASTAGE
0.021,0.208,1,0,0,LOW
0.804,9.674,1,1,1,NORMAL
0.585,6.955,0,1,0,WASTAGE
0.023,0.238,0,0,0,NORMAL
0.022,0.262,0,0,0,NORMAL
0.874,10.483,1,1,1,NORMAL
0.008,0.105,0,0,0,NORMAL
0.006,0.139,1,0,0,LOW
0.013,0.194,1,0,0,LOW
0.62,7.398,1,1,1,NORMAL
0.786,9.481,0,1,1,WASTAGE
0.018,0.26,0,0,0,NORMAL
0.016,0.156,0,0,0,NORMAL
0.0,0.029,0,0,0,NORMAL
0.038,0.384,0,0,0,NORMAL
0.649,7.835,1,1,0,NORMAL
0.502,5.989,0,1,0,WASTAGE
0.549,6.626,0,1,0,WASTAGE
0.687,8.267,0,1,0,WASTAGE
0.666,7.96,1,1,1,NORMAL
0.833,9.984,0,1,1,WASTAGE
1.081,12.974,0,1,1,WASTAGE
0.283,3.39,0,0,1,WASTAGE
0.579,6.927,1,1,0,NORMAL
0.519,6.286,1,1,0,NORMAL
0.52,6.196,0,1,0,WASTAGE
0.013,0.064,0,0,0,NORMAL
0.303,3.597,0,0,1,WASTAGE
0.545,6.571,0,0,1,WASTAGE
0.513,6.129,0,0,1,WASTAGE
1.027,12.279,0,1,1,WASTAGE
0.539,6.437,1,1,0,NORMAL
0.822,9.837,0,1,1,WASTAGE
0.423,5.08,0,1,0,WASTAGE
0.703,8.413,1,1,0,NORMAL
0.685,8.174,0,1,1,WASTAGE
0.379,4.612,0,1,0,WASTAGE
0.27,3.225,0,0,1,WASTAGE
0.334,4.067,0,0,1,WASTAGE
0.01,0.199,0,0,0,NORMAL
0.514,6.181,1,1,0,NORMAL
0.703,8.497,1,1,0,NORMAL
0.657,7.931,1,1,1,NORMAL
0.61,7.342,1,1,0,NORMAL
0.035,0.393,1,0,0,LOW
0.317,3.808,0,0,1,WASTAGE
0.409,5.016,0,1,0,WASTAGE
0.436,5.314,1,1,0,NORMAL
0.442,5.275,1,1,0,NORMAL
0.825,9.991,0,1,1,WASTAGE
0.577,6.988,0,1,0,WASTAGE
0.774,9.231,0,1,1,WASTAGE
0.636,7.567,0,1,0,WASTAGE
0.535,6.363,1,1,0,NORMAL
0.96,11.494,0,1,1,WASTAGE
0.023,0.377,0,0,0,NORMAL
1.056,12.679,0,1,1,WASTAGE
0.011,0.166,0,0,0,NORMAL
0.645,7.662,0,1,0,WASTAGE
0.324,3.938,0,0,1,WASTAGE
0.02,0.178,0,0,0,NORMAL
0.762,9.278,1,1,1,NORMAL
0.015,0.234,1,0,0,LOW
0.557,6.725,0,0,1,WASTAGE
0.005,0.092,0,0,0,NORMAL
0.389,4.793,0,1,0,WASTAGE
1.058,12.689,0,1,1,WASTAGE
0.628,7.591,0,1,1,WASTAGE
0.479,5.792,1,1,0,NORMAL
0.946,11.312,1,1,1,NORMAL
0.796,9.598,0,1,1,WASTAGE
0.507,6.026,0,0,1,WASTAGE
0.677,8.204,1,1,0,NORMAL
0.54,6.462,1,1,0,NORMAL
0.656,7.834,1,1,1,NORMAL
0.948,11.474,0,1,1,WASTAGE
0.005,0.036,0,0,0,NORMAL
0.421,4.97,0,1,0,WASTAGE
0.501,6.122,0,1,0,WASTAGE
0.027,0.266,1,0,0,LOW
0.011,0.177,0,0,0,NORMAL
0.019,0.199,1,0,0,LOW
0.691,8.23,0,1,0,WASTAGE
0.002,0.011,1,0,0,LOW
0.579,7.028,1,1,0,NORMAL
0.029,0.29,0,0,0,NORMAL
0.023,0.178,1,0,0,LOW
0.703,8.434,0,1,0,WASTAGE
0.975,11.73,1,1,1,NORMAL
0.48,5.71,0,1,0,WASTAGE
0.761,9.151,1,1,1,NORMAL
0.715,8.618,0,1,1,WASTAGE
0.378,4.51,0,0,1,WASTAGE
0.031,0.399,1,0,0,LOW
0.025,0.334,0,0,0,NORMAL
0.99,11.84,1,1,1,NORMAL
0.505,5.977,0,1,0,WASTAGE
0.034,0.4,0,0,0,NORMAL
0.499,5.964,1,1,0,NORMAL
0.634,7.563,1,1,0,NORMAL
0.777,9.319,0,1,1,WASTAGE
0.015,0.17,1,0,0,LOW
0.018,0.167,0,0,0,NORMAL
0.461,5.439,0,0,1,WASTAGE
0.691,8.376,1,1,1,NORMAL
0.036,0.294,0,0,0,NORMAL
0.018,0.199,0,0,0,NORMAL
0.619,7.367,0,1,1,WASTAGE
0.808,9.703,1,1,1,NORMAL
0.983,11.77,1,1,1,NORMAL
0.984,11.862,0,1,1,WASTAGE
0.021,0.188,1,0,0,LOW
0.675,8.126,0,1,0,WASTAGE
0.389,4.646,0,0,1,WASTAGE
0.023,0.366,1,0,0,LOW
0.025,0.219,0,0,0,NORMAL
0.392,4.622,0,0,1,WASTAGE
0.636,7.695,0,1,1,WASTAGE
0.504,6.12,1,1,0,NORMAL
0.261,3.161,0,0,1,WASTAGE
0.029,0.295,0,0,0,NORMAL
0.034,0.329,1,0,0,LOW
0.026,0.323,1,0,0,LOW
0.029,0.396,0,0,0,NORMAL
0.79,9.524,1,1,1,NORMAL
0.439,5.186,0,0,1,WASTAGE
0.007,0.064,0,0,0,NORMAL
0.942,11.229,1,1,1,NORMAL
0.012,0.216,0,0,0,NORMAL
0.455,5.473,0,0,1,WASTAGE
0.401,4.858,0,0,1,WASTAGE
0.472,5.584,0,0,1,WASTAGE
0.817,9.881,0,1,1,WASTAGE
0.875,10.602,1,1,1,NORMAL
0.999,12.03,0,1,1,WASTAGE
0.609,7.31,0,1,0,WASTAGE
0.463,5.574,0,1,0,WASTAGE
0.699,8.347,1,1,1,NORMAL
0.041,0.403,0,0,0,NORMAL
0.667,8.029,1,1,0,NORMAL
0.502,6.104,1,1,0,NORMAL
0.553,6.575,1,1,0,NORMAL
0.465,5.624,0,0,1,WASTAGE
0.335,3.962,0,0,1,WASTAGE
0.711,8.461,0,1,0,WASTAGE
0.021,0.305,0,0,0,NORMAL
0.856,10.277,0,1,1,WASTAGE
0.011,0.207,0,0,0,NORMAL
0.746,9.002,0,1,1,WASTAGE
0.268,3.161,0,0,1,WASTAGE
0.007,0.124,0,0,0,NORMAL
0.484,5.789,0,0,1,WASTAGE
0.0,0.017,0,0,0,NORMAL
0.502,5.96,0,0,1,WASTAGE
0.468,5.656,1,1,0,NORMAL
0.518,6.202,0,1,0,WASTAGE
0.413,4.966,0,1,0,WASTAGE
0.434,5.235,1,1,0,NORMAL
0.508,6.176,0,1,0,WASTAGE
0.469,5.609,0,1,0,WASTAGE
0.472,5.692,0,0,1,WASTAGE
0.034,0.365,0,0,0,NORMAL
0.941,11.288,1,1,1,NORMAL
0.861,10.326,1,1,1,NORMAL
0.578,6.949,0,1,0,WASTAGE
0.0,0.102,0,0,0,NORMAL
0.603,7.208,1,1,1,NORMAL
0.0,0.019,1,0,0,LOW
0.494,5.951,1,1,0,NORMAL
0.513,6.192,0,0,1,WASTAGE
0.675,8.083,1,1,0,NORMAL
0.032,0.374,1,0,0,LOW
0.022,0.275,1,0,0,LOW
0.884,10.695,1,1,1,NORMAL
0.019,0.29,0,0,0,NORMAL
0.576,7.027,1,1,1,NORMAL
0.512,6.056,1,1,0,NORMAL
0.014,0.112,1,0,0,LOW
0.97,11.653,0,1,1,WASTAGE
0.795,9.584,1,1,1,NORMAL
0.682,8.155,1,1,1,NORMAL
0.688,8.379,1,1,0,NORMAL
0.008,0.18,0,0,0,NORMAL
0.032,0.38,0,0,0,NORMAL
0.712,8.404,1,1,0,NORMAL
0.276,3.275,0,0,1,WASTAGE
0.0,0.035,1,0,0,LOW
0.007,0.115,1,0,0,LOW
0.706,8.466,1,1,0,NORMAL
0.265,3.106,0,0,1,WASTAGE
0.002,0.088,0,0,0,NORMAL
0.575,6.877,0,0,1,WASTAGE
0.407,4.878,0,1,0,WASTAGE
0.033,0.376,1,0,0,LOW
0.538,6.339,0,0,1,WASTAGE
0.016,0.309,1,0,0,LOW
0.824,9.83,0,1,1,WASTAGE
0.02,0.296,0,0,0,NORMAL
0.391,4.731,0,1,0,WASTAGE
0.554,6.734,0,0,1,WASTAGE
0.0,0.026,0,0,0,NORMAL
0.039,0.382,0,0,0,NORMAL
0.012,0.132,1,0,0,LOW
0.984,11.84,0,1,1,WASTAGE
0.605,7.258,1,1,0,NORMAL
0.885,10.682,0,1,1,WASTAGE
0.442,5.356,0,0,1,WASTAGE
0.04,0.439,0,0,0,NORMAL
0.964,11.47,1,1,1,NORMAL
0.271,3.278,0,0,1,WASTAGE
0.545,6.543,0,1,0,WASTAGE
0.01,0.168,1,0,0,LOW
0.58,7.042,1,1,1,NORMAL
0.038,0.394,1,0,0,LOW
0.406,5.026,1,1,0,NORMAL
0.017,0.272,1,0,0,LOW
0.006,0.111,1,0,0,LOW
0.039,0.434,0,0,0,NORMAL
0.861,10.291,0,1,1,WASTAGE
0.0,0.008,1,0,0,LOW
0.723,8.553,1,1,1,NORMAL
0.796,9.576,0,1,1,WASTAGE
0.044,0.485,0,0,0,NORMAL
0.382,4.566,0,0,1,WASTAGE
0.518,6.365,0,1,0,WASTAGE
0.561,6.711,0,1,0,WASTAGE
0.891,10.75,0,1,1,WASTAGE
0.273,3.335,0,0,1,WASTAGE
0.737,8.771,0,1,1,WASTAGE
0.019,0.151,0,0,0,NORMAL
0.828,9.934,1,1,1,NORMAL
0.005,0.005,0,0,0,NORMAL
0.007,0.124,0,0,0,NORMAL
0.716,8.514,0,1,1,WASTAGE
0.926,11.114,0,1,1,WASTAGE
0.521,6.387,0,1,0,WASTAGE
0.504,6.061,0,1,0,WASTAGE
0.434,5.181,0,0,1,WASTAGE
0.524,6.331,0,1,0,WASTAGE
0.015,0.065,1,0,0,LOW
0.036,0.453,0,0,0,NORMAL
0.603,7.179,1,1,0,NORMAL
0.717,8.65,0,1,1,WASTAGE
0.033,0.367,0,0,0,NORMAL
0.449,5.456,1,1,0,NORMAL
0.273,3.388,0,0,1,WASTAGE
0.286,3.282,0,0,1,WASTAGE
0.632,7.474,1,1,1,NORMAL
0.69,8.272,1,1,0,NORMAL
0.01,0.082,0,0,0,NORMAL
0.747,8.832,0,1,1,WASTAGE
0.783,9.339,1,1,1,NORMAL
0.52,6.226,1,1,0,NORMAL
0.503,6.012,0,1,0,WASTAGE
0.695,8.366,1,1,1,NORMAL
0.883,10.538,1,1,1,NORMAL
0.836,10.062,0,1,1,WASTAGE
0.023,0.254,0,0,0,NORMAL
0.894,10.735,0,1,1,WASTAGE
0.005,0.053,0,0,0,NORMAL
0.418,5.002,1,1,0,NORMAL
0.479,5.643,0,1,0,WASTAGE
0.625,7.581,1,1,1,NORMAL
0.864,10.381,1,1,1,NORMAL
0.02,0.312,0,0,0,NORMAL
0.707,8.455,0,1,0,WASTAGE
0.0,0.064,1,0,0,LOW
0.922,11.096,1,1,1,NORMAL
0.582,6.993,1,1,0,NORMAL
0.524,6.337,1,1,0,NORMAL
0.648,7.713,0,1,1,WASTAGE
0.34,4.203,0,0,1,WASTAGE
0.447,5.34,0,0,1,WASTAGE
0.525,6.298,0,1,0,WASTAGE
0.022,0.287,1,0,0,LOW
0.889,10.598,1,1,1,NORMAL
0.025,0.382,1,0,0,LOW
0.579,6.813,1,1,0,NORMAL
0.035,0.447,0,0,0,NORMAL
0.037,0.411,0,0,0,NORMAL
0.706,8.506,0,1,0,WASTAGE
0.714,8.668,0,1,0,WASTAGE
0.869,10.354,0,1,1,WASTAGE
0.947,11.379,1,1,1,NORMAL
0.696,8.454,0,1,1,WASTAGE
0.336,4.075,0,0,1,WASTAGE
0.038,0.393,0,0,0,NORMAL
0.483,5.795,1,1,0,NORMAL
0.033,0.264,1,0,0,LOW
0.018,0.154,1,0,0,LOW
0.478,5.717,0,1,0,WASTAGE
0.453,5.421,1,1,0,NORMAL
0.59,7.059,1,1,0,NORMAL
0.609,7.262,1,1,1,NORMAL
0.655,7.953,0,1,1,WASTAGE
0.654,7.939,0,1,0,WASTAGE
0.561,6.73,0,0,1,WASTAGE
0.756,9.067,1,1,1,NORMAL
0.011,0.103,1,0,0,LOW
0.029,0.29,1,0,0,LOW
0.546,6.528,0,1,0,WASTAGE
0.029,0.268,0,0,0,NORMAL
0.035,0.385,0,0,0,NORMAL
0.015,0.229,1,0,0,LOW
0.471,5.63,0,0,1,WASTAGE
0.02,0.274,1,0,0,LOW
0.026,0.339,1,0,0,LOW
0.727,8.616,0,1,1,WASTAGE
0.389,4.68,0,0,1,WASTAGE
0.003,0.036,0,0,0,NORMAL
0.001,0.042,0,0,0,NORMAL
0.043,0.449,0,0,0,NORMAL
0.028,0.348,1,0,0,LOW
0.746,8.993,1,1,1,NORMAL
0.767,9.242,1,1,1,NORMAL
0.388,4.671,0,0,1,WASTAGE
0.008,0.025,1,0,0,LOW
0.55,6.695,0,1,0,WASTAGE
0.032,0.413,0,0,0,NORMAL
0.647,7.741,1,1,1,NORMAL
0.981,11.814,1,1,1,NORMAL
0.883,10.578,1,1,1,NORMAL
0.02,0.148,0,0,0,NORMAL
0.015,0.294,0,0,0,NORMAL
0.517,6.198,1,1,0,NORMAL
0.52,6.216,1,1,0,NORMAL
0.886,10.681,0,1,1,WASTAGE
0.939,11.212,0,1,1,WASTAGE
0.428,5.139,1,1,0,NORMAL
1.003,12.064,0,1,1,WASTAGE
0.595,7.042,1,1,0,NORMAL
0.741,8.952,1,1,1,NORMAL
0.826,9.856,0,1,1,WASTAGE
0.935,11.291,0,1,1,WASTAGE
0.881,10.613,1,1,1,NORMAL
0.329,3.992,0,0,1,WASTAGE
0.513,6.221,1,1,0,NORMAL
0.035,0.441,0,0,0,NORMAL
0.576,6.939,1,1,0,NORMAL
1.028,12.345,0,1,1,WASTAGE
0.006,0.165,1,0,0,LOW
0.008,0.073,1,0,0,LOW
0.865,10.321,1,1,1,NORMAL
0.828,9.997,0,1,1,WASTAGE
0.549,6.634,0,0,1,WASTAGE
0.384,4.607,0,0,1,WASTAGE
0.985,11.692,1,1,1,NORMAL
0.513,6.128,0,0,1,WASTAGE
0.556,6.668,0,1,0,WASTAGE
0.837,10.044,0,1,1,WASTAGE
0.58,7.079,1,1,1,NORMAL
0.388,4.712,0,0,1,WASTAGE
0.693,8.327,1,1,0,NORMAL
0.005,0.051,0,0,0,NORMAL
0.457,5.511,0,1,0,WASTAGE
0.014,0.116,0,0,0,NORMAL
0.553,6.628,1,1,0,NORMAL
0.467,5.748,0,1,0,WASTAGE
0.843,10.175,0,1,1,WASTAGE
0.031,0.225,0,0,0,NORMAL
0.586,7.034,0,1,1,WASTAGE
0.615,7.399,0,1,0,WASTAGE
0.612,7.353,0,1,0,WASTAGE
0.01,0.11,1,0,0,LOW
0.024,0.208,0,0,0,NORMAL
0.394,4.731,0,0,1,WASTAGE
0.429,5.219,1,1,0,NORMAL
1.082,12.941,0,1,1,WASTAGE
0.017,0.173,0,0,0,NORMAL
0.617,7.402,0,1,1,WASTAGE
0.002,0.072,1,0,0,LOW
0.956,11.426,0,1,1,WASTAGE
0.014,0.089,1,0,0,LOW
0.65,7.899,0,1,0,WASTAGE
0.608,7.231,0,1,0,WASTAGE
0.622,7.478,0,1,0,WASTAGE
0.578,7.038,1,1,0,NORMAL
0.986,11.9,0,1,1,WASTAGE
0.009,0.096,1,0,0,LOW
0.892,10.738,1,1,1,NORMAL
0.027,0.366,0,0,0,NORMAL
0.01,0.124,1,0,0,LOW
0.583,6.933,1,1,0,NORMAL
0.79,9.592,1,1,1,NORMAL
0.0,0.002,1,0,0,LOW
0.039,0.486,0,0,0,NORMAL
0.032,0.344,1,0,0,LOW
0.64,7.788,0,1,0,WASTAGE
0.025,0.315,1,0,0,LOW
0.459,5.525,0,1,0,WASTAGE
0.933,11.239,0,1,1,WASTAGE
1.014,12.215,0,1,1,WASTAGE
0.82,9.787,1,1,1,NORMAL
0.792,9.43,1,1,1,NORMAL
0.432,5.198,1,1,0,NORMAL
0.021,0.244,0,0,0,NORMAL
0.504,6.127,0,1,0,WASTAGE
0.008,0.112,1,0,0,LOW
0.0,0.029,0,0,0,NORMAL
0.025,0.249,0,0,0,NORMAL
0.03,0.397,1,0,0,LOW
0.857,10.219,1,1,1,NORMAL
0.009,0.038,1,0,0,LOW
0.02,0.234,1,0,0,LOW
0.936,11.289,0,1,1,WASTAGE
0.392,4.637,0,0,1,WASTAGE
0.62,7.419,0,1,0,WASTAGE
0.645,7.705,0,1,0,WASTAGE
0.304,3.651,0,0,1,WASTAGE
0.875,10.471,0,1,1,WASTAGE
0.742,8.919,0,1,0,WASTAGE
0.042,0.485,0,0,0,NORMAL
0.944,11.233,1,1,1,NORMAL
0.342,4.089,0,0,1,WASTAGE
0.841,10.105,0,1,1,WASTAGE
0.007,0.163,0,0,0,NORMAL
0.002,0.069,1,0,0,LOW
0.822,9.825,1,1,1,NORMAL
0.026,0.295,0,0,0,NORMAL
0.007,0.102,1,0,0,LOW
0.552,6.665,0,0,1,WASTAGE
0.024,0.295,1,0,0,LOW
0.957,11.486,0,1,1,WASTAGE
0.006,0.053,0,0,0,NORMAL
0.385,4.647,0,0,1,WASTAGE
0.566,6.77,0,0,1,WASTAGE
0.854,10.21,0,1,1,WASTAGE
0.63,7.52,1,1,1,NORMAL
0.601,7.201,0,1,0,WASTAGE
0.386,4.506,0,1,0,WASTAGE
1.025,12.244,0,1,1,WASTAGE
0.885,10.587,1,1,1,NORMAL
0.02,0.261,0,0,0,NORMAL
0.785,9.43,0,1,1,WASTAGE
0.009,0.156,1,0,0,LOW
0.266,3.166,0,0,1,WASTAGE
0.034,0.367,1,0,0,LOW
0.64,7.667,1,1,0,NORMAL
0.462,5.572,1,1,0,NORMAL
0.606,7.266,1,1,0,NORMAL
0.005,0.13,0,0,0,NORMAL
0.273,3.365,0,0,1,WASTAGE
0.033,0.469,0,0,0,NORMAL
0.451,5.395,1,1,0,NORMAL
0.945,11.361,0,1,1,WASTAGE
0.384,4.653,0,0,1,WASTAGE
0.699,8.473,0,1,0,WASTAGE
0.291,3.522,0,0,1,WASTAGE
0.432,5.279,1,1,0,NORMAL
0.015,0.179,1,0,0,LOW
0.679,8.169,1,1,0,NORMAL
0.359,4.392,0,0,1,WASTAGE
0.839,10.035,0,1,1,WASTAGE
0.743,8.84,0,1,1,WASTAGE
0.04,0.464,0,0,0,NORMAL
0.443,5.308,0,1,0,WASTAGE
0.267,3.157,0,0,1,WASTAGE
0.267,3.306,0,0,1,WASTAGE
0.839,10.025,1,1,1,NORMAL
0.044,0.483,0,0,0,NORMAL
0.899,10.758,0,1,1,WASTAGE
0.774,9.303,1,1,1,NORMAL
0.587,6.962,0,0,1,WASTAGE
0.349,4.166,0,0,1,WASTAGE
0.266,3.074,0,0,1,WASTAGE
0.59,7.046,0,1,0,WASTAGE
0.434,5.264,0,1,0,WASTAGE
0.716,8.597,1,1,1,NORMAL
0.018,0.159,0,0,0,NORMAL
0.34,4.104,0,0,1,WASTAGE
0.47,5.644,1,1,0,NORMAL
0.002,0.091,1,0,0,LOW
0.858,10.286,1,1,1,NORMAL
0.952,11.382,1,1,1,NORMAL
0.047,0.397,0,0,0,NORMAL
0.446,5.302,0,0,1,WASTAGE
0.014,0.171,0,0,0,NORMAL
0.509,6.09,0,0,1,WASTAGE
0.528,6.312,0,0,1,WASTAGE
0.43,5.096,0,0,1,WASTAGE
0.436,5.114,1,1,0,NORMAL
0.651,7.765,1,1,0,NORMAL
0.035,0.405,0,0,0,NORMAL
0.616,7.374,0,1,0,WASTAGE
0.432,5.243,0,0,1,WASTAGE
0.424,5.097,1,1,0,NORMAL
0.979,11.85,0,1,1,WASTAGE
0.634,7.539,0,1,0,WASTAGE
0.389,4.727,0,0,1,WASTAGE
0.431,5.204,1,1,0,NORMAL
0.779,9.339,1,1,1,NORMAL
0.469,5.574,1,1,0,NORMAL
0.305,3.672,0,0,1,WASTAGE
0.75,9.056,0,1,1,WASTAGE
0.015,0.163,1,0,0,LOW
0.59,7.093,1,1,1,NORMAL
0.279,3.276,0,0,1,WASTAGE
0.685,8.229,1,1,0,NORMAL
0.049,0.465,0,0,0,NORMAL
0.396,4.799,0,0,1,WASTAGE
0.408,4.936,0,1,0,WASTAGE
0.522,6.196,1,1,0,NORMAL
0.973,11.606,0,1,1,WASTAGE
0.728,8.674,1,1,1,NORMAL
0.281,3.371,0,0,1,WASTAGE
0.715,8.54,0,1,1,WASTAGE
0.629,7.507,0,1,0,WASTAGE
0.003,0.029,1,0,0,LOW
0.019,0.191,1,0,0,LOW
0.024,0.303,0,0,0,NORMAL
0.63,7.62,1,1,0,NORMAL
0.387,4.595,0,1,0,WASTAGE
0.647,7.748,1,1,1,NORMAL
0.389,4.628,0,0,1,WASTAGE
0.379,4.63,0,0,1,WASTAGE
0.003,0.082,1,0,0,LOW
0.54,6.557,0,0,1,WASTAGE
0.496,5.877,0,1,0,WASTAGE
0.847,10.133,0,1,1,WASTAGE
0.651,7.871,1,1,0,NORMAL
0.019,0.198,1,0,0,LOW
0.009,0.154,1,0,0,LOW
0.986,11.717,1,1,1,NORMAL
0.543,6.549,1,1,0,NORMAL
0.45,5.47,0,1,0,WASTAGE
1.048,12.681,0,1,1,WASTAGE
0.31,3.736,0,0,1,WASTAGE
0.008,0.221,1,0,0,LOW
0.007,0.106,0,0,0,NORMAL
0.424,5.073,0,0,1,WASTAGE
0.041,0.366,0,0,0,NORMAL
0.431,5.215,1,1,0,NORMAL
0.855,10.387,1,1,1,NORMAL
0.59,6.98,1,1,0,NORMAL
0.03,0.288,1,0,0,LOW
0.445,5.362,1,1,0,NORMAL
0.508,6.186,0,1,0,WASTAGE
0.546,6.602,1,1,0,NORMAL
0.517,6.237,0,0,1,WASTAGE
0.629,7.465,0,1,1,WASTAGE
0.685,8.222,1,1,0,NORMAL
0.75,8.985,0,1,0,WASTAGE
0.683,8.201,0,1,1,WASTAGE
0.856,10.209,0,1,1,WASTAGE
0.331,3.899,0,0,1,WASTAGE
0.032,0.38,0,0,0,NORMAL
0.423,5.03,0,1,0,WASTAGE
0.32,3.861,0,0,1,WASTAGE
1.061,12.704,0,1,1,WASTAGE
0.004,0.026,1,0,0,LOW
0.791,9.516,1,1,1,NORMAL
0.004,0.003,0,0,0,NORMAL
0.74,8.88,1,1,0,NORMAL
0.492,5.936,0,0,1,WASTAGE
0.862,10.294,1,1,1,NORMAL
0.409,4.822,0,0,1,WASTAGE
0.417,5.002,0,1,0,WASTAGE
0.05,0.482,0,0,0,NORMAL
0.499,6.054,0,1,0,WASTAGE
0.464,5.616,1,1,0,NORMAL
0.0,0.007,0,0,0,NORMAL
0.38,4.57,0,1,0,WASTAGE
0.001,0.062,1,0,0,LOW
0.679,8.21,1,1,0,NORMAL
0.542,6.463,1,1,0,NORMAL
0.3,3.629,0,0,1,WASTAGE
0.487,5.733,0,0,1,WASTAGE
0.571,6.85,1,1,0,NORMAL
0.033,0.362,1,0,0,LOW
0.765,9.201,0,1,1,WASTAGE
0.459,5.445,1,1,0,NORMAL
0.022,0.269,0,0,0,NORMAL
0.624,7.438,1,1,0,NORMAL
0.004,0.055,0,0,0,NORMAL
0.366,4.35,0,0,1,WASTAGE
0.528,6.318,0,0,1,WASTAGE
0.732,8.88,1,1,1,NORMAL
0.563,6.751,0,0,1,WASTAGE
0.02,0.296,0,0,0,NORMAL
0.716,8.555,0,1,0,WASTAGE
0.665,8.072,1,1,1,NORMAL
0.045,0.46,0,0,0,NORMAL
0.715,8.668,0,1,1,WASTAGE
0.442,5.285,0,0,1,WASTAGE
0.738,8.732,0,1,0,WASTAGE
0.421,5.047,0,1,0,WASTAGE
0.469,5.747,0,0,1,WASTAGE
0.0,0.038,0,0,0,NORMAL
0.984,11.85,0,1,1,WASTAGE
0.469,5.6,0,1,0,WASTAGE
0.017,0.242,1,0,0,LOW
0.654,8.01,0,1,0,WASTAGE
0.789,9.564,0,1,1,WASTAGE
0.63,7.609,1,1,1,NORMAL
0.683,8.272,1,1,0,NORMAL
0.8,9.586,1,1,1,NORMAL
0.023,0.34,1,0,0,LOW
0.586,7.057,0,1,1,WASTAGE
0.012,0.068,1,0,0,LOW
0.4,4.772,0,1,0,WASTAGE
0.047,0.49,0,0,0,NORMAL
0.027,0.323,1,0,0,LOW
0.555,6.608,1,1,0,NORMAL
0.012,0.211,0,0,0,NORMAL
0.022,0.184,0,0,0,NORMAL
0.68,8.103,0,1,1,WASTAGE
0.525,6.283,1,1,0,NORMAL
0.747,8.855,0,1,0,WASTAGE
0.488,5.861,0,0,1,WASTAGE
0.454,5.475,1,1,0,NORMAL
0.571,6.868,0,0,1,WASTAGE
0.377,4.584,0,0,1,WASTAGE
0.653,7.788,1,1,0,NORMAL
0.965,11.711,1,1,1,NORMAL
0.893,10.664,1,1,1,NORMAL
0.776,9.404,1,1,1,NORMAL
0.024,0.202,1,0,0,LOW
0.637,7.575,1,1,1,NORMAL
0.01,0.18,1,0,0,LOW
0.664,8.006,1,1,1,NORMAL
0.947,11.383,1,1,1,NORMAL
0.011,0.031,0,0,0,NORMAL
0.581,7.017,0,1,0,WASTAGE
0.671,8.063,0,1,1,WASTAGE
0.254,3.156,0,0,1,WASTAGE
0.699,8.45,1,1,0,NORMAL
0.444,5.342,0,1,0,WASTAGE
0.629,7.645,1,1,1,NORMAL
0.015,0.244,1,0,0,LOW
0.506,6.035,1,1,0,NORMAL
0.008,0.12,1,0,0,LOW
0.703,8.379,0,1,0,WASTAGE
0.541,6.475,1,1,0,NORMAL
0.713,8.557,0,1,0,WASTAGE
0.676,8.135,1,1,0,NORMAL
0.388,4.612,0,1,0,WASTAGE
0.01,0.187,0,0,0,NORMAL
0.935,11.226,1,1,1,NORMAL
0.864,10.372,0,1,1,WASTAGE
0.88,10.601,1,1,1,NORMAL
0.013,0.065,1,0,0,LOW
0.515,6.139,0,1,0,WASTAGE
0.572,6.751,1,1,0,NORMAL
0.615,7.349,0,1,1,WASTAGE
0.031,0.339,1,0,0,LOW
0.006,0.179,1,0,0,LOW
0.597,7.224,0,1,0,WASTAGE
0.384,4.667,0,0,1,WASTAGE
0.016,0.108,1,0,0,LOW
0.025,0.322,0,0,0,NORMAL
0.413,5.005,0,0,1,WASTAGE
0.591,7.038,0,1,0,WASTAGE
0.024,0.224,0,0,0,NORMAL
0.454,5.411,0,1,0,WASTAGE
0.5,5.944,1,1,0,NORMAL
0.019,0.246,1,0,0,LOW
1.034,12.34,0,1,1,WASTAGE
0.663,7.959,1,1,0,NORMAL
0.737,8.804,0,1,1,WASTAGE
0.869,10.387,1,1,1,NORMAL
0.605,7.213,0,1,1,WASTAGE
0.021,0.188,0,0,0,NORMAL
0.587,7.072,0,1,0,WASTAGE
1.017,12.258,0,1,1,WASTAGE
0.572,6.913,1,1,0,NORMAL
0.429,5.043,0,0,1,WASTAGE
0.014,0.326,1,0,0,LOW
0.613,7.243,0,1,0,WASTAGE
0.86,10.23,1,1,1,NORMAL
0.64,7.697,0,1,0,WASTAGE
0.949,11.495,0,1,1,WASTAGE
0.016,0.16,1,0,0,LOW
0.006,0.023,1,0,0,LOW
0.516,6.201,1,1,0,NORMAL
0.699,8.395,1,1,0,NORMAL
0.501,6.01,0,1,0,WASTAGE
0.697,8.382,1,1,0,NORMAL
0.655,7.875,0,1,0,WASTAGE
0.902,10.872,1,1,1,NORMAL
0.82,9.799,1,1,1,NORMAL
0.864,10.305,0,1,1,WASTAGE
0.015,0.187,1,0,0,LOW
0.529,6.364,0,1,0,WASTAGE
0.476,5.747,0,0,1,WASTAGE
0.018,0.36,1,0,0,LOW
0.437,5.093,0,0,1,WASTAGE
0.277,3.303,0,0,1,WASTAGE
0.49,5.988,0,1,0,WASTAGE
0.693,8.432,0,1,0,WASTAGE
0.0,0.064,1,0,0,LOW
0.713,8.499,0,1,0,WASTAGE
0.282,3.539,0,0,1,WASTAGE
0.708,8.508,0,1,1,WASTAGE
0.478,5.741,1,1,0,NORMAL
0.254,3.024,0,0,1,WASTAGE
0.027,0.206,0,0,0,NORMAL
0.771,9.327,0,1,1,WASTAGE
0.026,0.282,1,0,0,LOW
0.72,8.642,0,1,0,WASTAGE
0.001,0.072,1,0,0,LOW
0.481,5.86,1,1,0,NORMAL
0.645,7.774,1,1,1,NORMAL
0.75,9.011,1,1,1,NORMAL
0.49,5.837,1,1,0,NORMAL
0.512,6.135,0,1,0,WASTAGE
0.694,8.249,1,1,0,NORMAL
0.021,0.225,1,0,0,LOW
0.016,0.15,1,0,0,LOW
0.0,0.032,1,0,0,LOW
0.49,5.824,1,1,0,NORMAL
0.279,3.241,0,0,1,WASTAGE
0.698,8.373,0,1,1,WASTAGE
0.444,5.294,0,0,1,WASTAGE
0.939,11.151,1,1,1,NORMAL
0.012,0.234,1,0,0,LOW
0.038,0.415,0,0,0,NORMAL
0.777,9.213,0,1,1,WASTAGE
0.997,11.933,0,1,1,WASTAGE
0.62,7.353,1,1,0,NORMAL
0.839,10.08,0,1,1,WASTAGE
0.021,0.266,0,0,0,NORMAL
0.41,4.957,0,1,0,WASTAGE
0.799,9.533,1,1,1,NORMAL
0.725,8.668,0,1,0,WASTAGE
0.887,10.589,1,1,1,NORMAL
0.774,9.243,1,1,1,NORMAL
0.701,8.346,0,1,0,WASTAGE
0.758,9.092,1,1,1,NORMAL
1.044,12.514,0,1,1,WASTAGE
0.632,7.642,1,1,0,NORMAL
0.006,0.082,0,0,0,NORMAL
0.009,0.094,1,0,0,LOW
0.257,3.05,0,0,1,WASTAGE
0.452,5.452,0,1,0,WASTAGE
0.711,8.504,0,1,0,WASTAGE
1.05,12.553,0,1,1,WASTAGE
0.46,5.443,0,1,0,WASTAGE
0.502,6.003,1,1,0,NORMAL
0.027,0.308,0,0,0,NORMAL
0.712,8.573,0,1,0,WASTAGE
0.006,0.015,1,0,0,LOW
0.658,8.003,1,1,0,NORMAL
0.551,6.556,0,0,1,WASTAGE
0.528,6.302,1,1,0,NORMAL
0.628,7.576,1,1,0,NORMAL
0.812,9.689,0,1,1,WASTAGE
0.801,9.649,1,1,1,NORMAL
0.739,8.816,0,1,0,WASTAGE
0.788,9.481,1,1,1,NORMAL
0.005,0.072,1,0,0,LOW
0.033,0.36,0,0,0,NORMAL
0.656,7.896,1,1,0,NORMAL
0.722,8.549,0,1,0,WASTAGE
0.935,11.204,0,1,1,WASTAGE
0.601,7.159,1,1,1,NORMAL
0.015,0.156,0,0,0,NORMAL
0.942,11.336,1,1,1,NORMAL
0.009,0.137,0,0,0,NORMAL
0.004,0.063,1,0,0,LOW
0.52,6.167,1,1,0,NORMAL
0.013,0.22,1,0,0,LOW
0.63,7.542,0,1,0,WASTAGE
0.007,0.071,1,0,0,LOW
0.01,0.089,1,0,0,LOW
0.572,6.855,1,1,0,NORMAL
0.478,5.653,1,1,0,NORMAL
0.599,7.133,0,1,1,WASTAGE
0.455,5.435,0,1,0,WASTAGE
0.015,0.189,0,0,0,NORMAL
0.391,4.75,0,1,0,WASTAGE
0.764,9.211,1,1,1,NORMAL
0.998,11.928,1,1,1,NORMAL
0.481,5.699,0,1,0,WASTAGE
0.797,9.634,1,1,1,NORMAL
0.514,6.263,0,1,0,WASTAGE
0.594,7.103,1,1,1,NORMAL
0.641,7.589,0,1,1,WASTAGE
0.973,11.654,1,1,1,NORMAL
0.69,8.27,0,1,1,WASTAGE
0.021,0.316,0,0,0,NORMAL
0.595,7.075,0,1,0,WASTAGE
0.903,10.874,0,1,1,WASTAGE
0.921,11.018,1,1,1,NORMAL
0.351,4.235,0,0,1,WASTAGE
0.773,9.171,0,1,1,WASTAGE
0.423,5.147,1,1,0,NORMAL
0.254,3.068,0,0,1,WASTAGE
0.359,4.343,0,0,1,WASTAGE
0.808,9.66,1,1,1,NORMAL
0.048,0.486,0,0,0,NORMAL
0.298,3.559,0,0,1,WASTAGE
0.287,3.421,0,0,1,WASTAGE
0.558,6.661,1,1,0,NORMAL
0.009,0.094,0,0,0,NORMAL
0.023,0.143,1,0,0,LOW
0.024,0.316,1,0,0,LOW
0.03,0.388,1,0,0,LOW
0.726,8.729,0,1,1,WASTAGE
0.576,6.975,1,1,0,NORMAL
0.743,8.871,0,1,0,WASTAGE
0.85,10.226,0,1,1,WASTAGE
0.016,0.175,1,0,0,LOW
0.026,0.299,0,0,0,NORMAL
0.011,0.175,0,0,0,NORMAL
0.677,8.251,1,1,0,NORMAL
0.033,0.34,0,0,0,NORMAL
0.0,0.007,0,0,0,NORMAL
0.574,6.957,1,1,0,NORMAL
0.011,0.119,1,0,0,LOW
0.294,3.442,0,0,1,WASTAGE
0.012,0.168,1,0,0,LOW
0.56,6.659,0,0,1,WASTAGE
0.023,0.298,1,0,0,LOW
0.015,0.143,0,0,0,NORMAL
0.914,11.038,0,1,1,WASTAGE
0.687,8.203,1,1,0,NORMAL
0.794,9.55,1,1,1,NORMAL
0.646,7.809,1,1,1,NORMAL
0.609,7.255,1,1,0,NORMAL
0.734,8.868,1,1,1,NORMAL
0.036,0.443,0,0,0,NORMAL
0.013,0.202,0,0,0,NORMAL
0.003,0.146,1,0,0,LOW
0.61,7.27,1,1,0,NORMAL
0.02,0.261,0,0,0,NORMAL
0.033,0.358,1,0,0,LOW
0.013,0.132,1,0,0,LOW
0.034,0.357,0,0,0,NORMAL
0.306,3.777,0,0,1,WASTAGE
0.668,8.031,1,1,0,NORMAL
0.936,11.192,0,1,1,WASTAGE
0.484,5.812,0,1,0,WASTAGE
0.686,8.237,0,1,1,WASTAGE
0.643,7.799,0,1,1,WASTAGE
0.775,9.215,1,1,1,NORMAL
0.018,0.217,0,0,0,NORMAL
0.493,5.961,0,0,1,WASTAGE
0.691,8.355,1,1,1,NORMAL
0.033,0.491,0,0,0,NORMAL
0.019,0.266,1,0,0,LOW
0.036,0.379,1,0,0,LOW
0.586,7.04,0,1,0,WASTAGE
0.488,5.96,1,1,0,NORMAL
0.457,5.441,1,1,0,NORMAL
0.249,3.163,0,0,1,WASTAGE
0.659,7.885,1,1,1,NORMAL
0.009,0.049,0,0,0,NORMAL
0.615,7.268,1,1,1,NORMAL
0.567,6.88,1,1,0,NORMAL
0.005,0.059,1,0,0,LOW
0.385,4.543,0,0,1,WASTAGE
0.031,0.34,0,0,0,NORMAL
0.7,8.465,1,1,0,NORMAL
0.029,0.32,0,0,0,NORMAL
0.679,8.138,1,1,1,NORMAL
0.035,0.367,1,0,0,LOW
0.473,5.678,0,0,1,WASTAGE
0.888,10.691,1,1,1,NORMAL
0.543,6.514,0,1,0,WASTAGE
0.612,7.372,0,1,1,WASTAGE
0.478,5.7,0,1,0,WASTAGE
0.006,0.217,1,0,0,LOW
0.35,4.107,0,0,1,WASTAGE
0.021,0.271,0,0,0,NORMAL
0.554,6.659,0,0,1,WASTAGE
0.595,7.21,1,1,0,NORMAL
0.011,0.173,1,0,0,LOW
0.404,4.887,0,0,1,WASTAGE
0.003,0.052,0,0,0,NORMAL
0.74,8.919,0,1,0,WASTAGE
0.606,7.32,1,1,0,NORMAL
0.694,8.274,0,1,0,WASTAGE
0.449,5.345,0,0,1,WASTAGE
0.43,5.15,0,0,1,WASTAGE
0.02,0.14,0,0,0,NORMAL
0.845,10.113,1,1,1,NORMAL
0.513,6.2,1,1,0,NORMAL
0.006,0.034,1,0,0,LOW
0.859,10.218,1,1,1,NORMAL
0.023,0.269,1,0,0,LOW
0.581,6.968,1,1,0,NORMAL
0.029,0.377,0,0,0,NORMAL
0.031,0.32,1,0,0,LOW
0.698,8.457,0,1,0,WASTAGE
1.003,12.055,0,1,1,WASTAGE
0.51,6.148,0,1,0,WASTAGE
0.766,9.18,1,1,1,NORMAL
0.011,0.13,1,0,0,LOW
0.622,7.472,1,1,1,NORMAL
0.001,0.02,1,0,0,LOW
0.518,6.277,0,0,1,WASTAGE
0.756,9.15,0,1,1,WASTAGE
0.709,8.366,0,1,0,WASTAGE
0.697,8.396,0,1,1,WASTAGE
0.62,7.379,1,1,1,NORMAL
0.0,0.064,1,0,0,LOW
0.026,0.394,1,0,0,LOW
1.063,12.746,0,1,1,WASTAGE
0.64,7.667,1,1,0,NORMAL
0.695,8.315,1,1,0,NORMAL
0.606,7.316,0,1,0,WASTAGE
0.0,0.012,0,0,0,NORMAL
0.779,9.283,0,1,1,WASTAGE
0.442,5.373,1,1,0,NORMAL
0.431,5.255,0,0,1,WASTAGE
0.712,8.554,0,1,0,WASTAGE
0.016,0.164,0,0,0,NORMAL
0.01,0.077,1,0,0,LOW
0.7,8.324,1,1,1,NORMAL
0.981,11.808,0,1,1,WASTAGE
0.51,6.12,1,1,0,NORMAL
0.62,7.511,0,1,1,WASTAGE
0.256,3.03,0,0,1,WASTAGE
0.475,5.647,0,0,1,WASTAGE
0.505,6.03,0,0,1,WASTAGE
0.962,11.52,1,1,1,NORMAL
0.817,9.889,0,1,1,WASTAGE
0.636,7.707,0,1,0,WASTAGE
0.654,7.795,1,1,0,NORMAL
0.503,5.953,0,0,1,WASTAGE
0.518,6.255,0,0,1,WASTAGE
0.041,0.485,0,0,0,NORMAL
0.03,0.366,1,0,0,LOW
0.742,8.948,0,1,1,WASTAGE
0.546,6.577,0,1,0,WASTAGE
0.63,7.604,0,1,0,WASTAGE
0.019,0.164,0,0,0,NORMAL
0.92,11.013,1,1,1,NORMAL
0.52,6.214,1,1,0,NORMAL
0.442,5.338,1,1,0,NORMAL
0.334,3.921,0,0,1,WASTAGE
0.507,6.037,1,1,0,NORMAL
0.776,9.269,1,1,1,NORMAL
0.914,11.016,1,1,1,NORMAL
0.92,11.063,1,1,1,NORMAL
0.484,5.719,0,0,1,WASTAGE
0.028,0.374,0,0,0,NORMAL
0.0,0.103,0,0,0,NORMAL
0.437,5.354,0,1,0,WASTAGE
0.776,9.253,0,1,1,WASTAGE
0.011,0.186,0,0,0,NORMAL
0.7,8.415,1,1,0,NORMAL
0.259,3.07,0,0,1,WASTAGE
0.387,4.676,0,0,1,WASTAGE
0.316,3.862,0,0,1,WASTAGE
0.359,4.338,0,0,1,WASTAGE
0.749,9.047,1,1,1,NORMAL
0.709,8.457,0,1,1,WASTAGE
0.402,4.768,0,1,0,WASTAGE
0.011,0.206,0,0,0,NORMAL
0.635,7.525,1,1,0,NORMAL
0.687,8.293,0,1,1,WASTAGE
0.004,0.06,0,0,0,NORMAL
0.879,10.587,1,1,1,NORMAL
0.749,8.988,1,1,1,NORMAL
0.793,9.486,0,1,1,WASTAGE
0.723,8.664,0,1,1,WASTAGE
0.02,0.209,0,0,0,NORMAL
0.721,8.695,1,1,1,NORMAL
0.004,0.073,1,0,0,LOW
0.521,6.256,1,1,0,NORMAL
0.041,0.394,1,0,0,LOW
0.023,0.264,1,0,0,LOW
0.681,8.109,0,1,1,WASTAGE
0.626,7.453,1,1,0,NORMAL
0.439,5.185,1,1,0,NORMAL
0.286,3.457,0,0,1,WASTAGE
0.017,0.144,1,0,0,LOW
0.602,7.206,0,1,0,WASTAGE
0.675,8.073,1,1,0,NORMAL
0.816,9.785,1,1,1,NORMAL
0.948,11.374,1,1,1,NORMAL
0.018,0.17,1,0,0,LOW
0.274,3.383,0,0,1,WASTAGE
0.728,8.578,0,1,0,WASTAGE
0.412,4.95,0,1,0,WASTAGE
0.419,5.042,1,1,0,NORMAL
0.012,0.064,1,0,0,LOW
0.407,4.873,0,1,0,WASTAGE
0.895,10.82,1,1,1,NORMAL
0.551,6.502,0,0,1,WASTAGE
0.848,10.166,1,1,1,NORMAL
0.746,8.878,0,1,1,WASTAGE
0.011,0.1,1,0,0,LOW
0.676,8.143,1,1,0,NORMAL
0.755,9.08,1,1,1,NORMAL
0.023,0.395,0,0,0,NORMAL
0.7,8.419,0,1,1,WASTAGE
0.679,8.127,0,1,0,WASTAGE
0.652,7.906,1,1,0,NORMAL
0.555,6.673,0,0,1,WASTAGE
0.785,9.522,1,1,1,NORMAL
0.878,10.448,0,1,1,WASTAGE
0.594,7.154,1,1,0,NORMAL
0.039,0.408,0,0,0,NORMAL
0.042,0.459,0,0,0,NORMAL
0.639,7.721,0,1,0,WASTAGE
0.684,8.257,0,1,0,WASTAGE
0.677,8.013,0,1,0,WASTAGE
0.425,5.08,0,1,0,WASTAGE
0.627,7.486,1,1,0,NORMAL
0.66,7.791,1,1,1,NORMAL
0.007,0.011,0,0,0,NORMAL
0.671,8.11,0,1,0,WASTAGE
0.029,0.3,1,0,0,LOW
0.01,0.164,0,0,0,NORMAL
0.631,7.571,1,1,0,NORMAL
0.021,0.23,0,0,0,NORMAL
0.431,5.2,1,1,0,NORMAL
0.022,0.236,1,0,0,LOW
1.002,11.932,0,1,1,WASTAGE
0.009,0.064,1,0,0,LOW
0.021,0.223,0,0,0,NORMAL
0.636,7.596,1,1,0,NORMAL
0.026,0.262,1,0,0,LOW
0.017,0.102,1,0,0,LOW
0.626,7.498,1,1,0,NORMAL
0.837,9.992,0,1,1,WASTAGE
0.464,5.6,0,1,0,WASTAGE
0.036,0.465,0,0,0,NORMAL
0.636,7.702,1,1,1,NORMAL
0.698,8.304,0,1,0,WASTAGE
0.015,0.081,0,0,0,NORMAL
0.958,11.496,1,1,1,NORMAL
0.948,11.402,1,1,1,NORMAL
0.547,6.576,0,0,1,WASTAGE
0.002,0.07,1,0,0,LOW
0.655,7.831,0,1,1,WASTAGE
0.736,8.724,0,1,1,WASTAGE
0.929,11.094,0,1,1,WASTAGE
0.429,5.275,0,0,1,WASTAGE
0.291,3.483,0,0,1,WASTAGE
0.508,5.933,0,0,1,WASTAGE
0.904,10.96,1,1,1,NORMAL
0.024,0.2,1,0,0,LOW
0.528,6.304,1,1,0,NORMAL
0.03,0.34,1,0,0,LOW
0.039,0.424,0,0,0,NORMAL
0.02,0.254,0,0,0,NORMAL
0.617,7.391,1,1,0,NORMAL
0.002,0.042,0,0,0,NORMAL
0.538,6.406,0,1,0,WASTAGE
0.551,6.644,0,0,1,WASTAGE
1.047,12.522,0,1,1,WASTAGE
0.698,8.428,1,1,1,NORMAL
0.417,4.957,0,0,1,WASTAGE
0.04,0.374,0,0,0,NORMAL
0.003,0.058,1,0,0,LOW
0.499,6.015,0,1,0,WASTAGE
0.456,5.515,0,0,1,WASTAGE
1.033,12.392,0,1,1,WASTAGE
0.67,8.002,1,1,1,NORMAL
0.006,0.173,1,0,0,LOW
0.912,11.034,1,1,1,NORMAL
0.01,0.031,1,0,0,LOW
0.408,4.808,0,0,1,WASTAGE
0.702,8.432,1,1,0,NORMAL
0.721,8.686,1,1,1,NORMAL
0.007,0.056,0,0,0,NORMAL
0.327,3.925,0,0,1,WASTAGE
0.438,5.371,0,0,1,WASTAGE
0.806,9.6,0,1,1,WASTAGE
0.676,7.993,0,1,1,WASTAGE
0.604,7.171,0,1,0,WASTAGE
0.014,0.215,0,0,0,NORMAL
0.933,11.185,1,1,1,NORMAL
0.465,5.559,1,1,0,NORMAL
0.928,11.131,1,1,1,NORMAL
0.67,8.04,1,1,0,NORMAL
0.5,6.0,1,1,0,NORMAL
0.885,10.672,0,1,1,WASTAGE
0.631,7.487,0,1,0,WASTAGE
0.452,5.56,1,1,0,NORMAL
0.387,4.68,0,1,0,WASTAGE
0.007,0.07,1,0,0,LOW
0.019,0.394,0,0,0,NORMAL
0.487,5.721,0,0,1,WASTAGE
0.816,9.717,1,1,1,NORMAL
0.028,0.381,1,0,0,LOW
0.672,8.157,1,1,1,NORMAL
0.888,10.657,0,1,1,WASTAGE
0.969,11.637,0,1,1,WASTAGE
0.34,4.139,0,0,1,WASTAGE
0.831,10.092,1,1,1,NORMAL
0.658,7.914,0,1,1,WASTAGE
0.026,0.312,1,0,0,LOW
0.96,11.566,0,1,1,WASTAGE
0.679,8.212,1,1,1,NORMAL
0.465,5.597,1,1,0,NORMAL
0.435,5.149,0,0,1,WASTAGE
0.344,4.142,0,0,1,WASTAGE
0.012,0.16,0,0,0,NORMAL
0.016,0.242,1,0,0,LOW
0.467,5.547,0,1,0,WASTAGE
0.704,8.441,1,1,1,NORMAL
0.477,5.738,1,1,0,NORMAL
0.432,5.177,0,0,1,WASTAGE
0.595,7.117,1,1,1,NORMAL
0.298,3.652,0,0,1,WASTAGE
0.43,5.171,0,1,0,WASTAGE
0.646,7.672,1,1,0,NORMAL
0.666,7.935,0,1,0,WASTAGE
0.798,9.545,0,1,1,WASTAGE
0.893,10.627,0,1,1,WASTAGE
0.882,10.578,0,1,1,WASTAGE
0.672,8.109,0,1,0,WASTAGE
0.485,5.874,0,1,0,WASTAGE
0.035,0.322,0,0,0,NORMAL
0.011,0.2,0,0,0,NORMAL
0.024,0.284,1,0,0,LOW
0.675,8.158,1,1,0,NORMAL
0.016,0.15,0,0,0,NORMAL
0.595,7.136,1,1,0,NORMAL
0.041,0.406,0,0,0,NORMAL
0.03,0.351,0,0,0,NORMAL
0.828,9.828,1,1,1,NORMAL
0.032,0.365,1,0,0,LOW
0.945,11.397,1,1,1,NORMAL
0.476,5.793,1,1,0,NORMAL
0.557,6.639,0,1,0,WASTAGE
0.573,6.848,0,0,1,WASTAGE
0.611,7.27,1,1,0,NORMAL
0.47,5.561,1,1,0,NORMAL
0.021,0.22,0,0,0,NORMAL
0.003,0.097,1,0,0,LOW
0.649,7.77,0,1,0,WASTAGE
0.034,0.421,0,0,0,NORMAL
0.289,3.398,0,0,1,WASTAGE
0.039,0.39,1,0,0,LOW
0.531,6.393,0,1,0,WASTAGE
0.04,0.419,0,0,0,NORMAL
0.507,6.109,1,1,0,NORMAL
0.51,6.134,0,1,0,WASTAGE
0.66,7.857,1,1,1,NORMAL
0.015,0.129,1,0,0,LOW
0.371,4.506,0,1,0,WASTAGE
0.004,0.145,1,0,0,LOW
0.497,5.966,0,0,1,WASTAGE
0.962,11.652,0,1,1,WASTAGE
0.03,0.394,1,0,0,LOW
0.702,8.372,1,1,1,NORMAL
0.571,6.866,1,1,0,NORMAL
0.337,4.003,0,0,1,WASTAGE
0.671,7.999,0,1,1,WASTAGE
0.513,6.113,0,1,0,WASTAGE
0.029,0.336,1,0,0,LOW
0.645,7.719,0,1,1,WASTAGE
0.63,7.532,1,1,1,NORMAL
0.01,0.131,1,0,0,LOW
0.557,6.725,1,1,0,NORMAL
0.583,7.026,0,1,1,WASTAGE
0.925,11.015,1,1,1,NORMAL
0.715,8.622,1,1,1,NORMAL
0.696,8.446,0,1,1,WASTAGE
0.325,3.867,0,0,1,WASTAGE
1.0,11.929,0,1,1,WASTAGE
0.633,7.644,1,1,1,NORMAL
0.025,0.291,0,0,0,NORMAL
0.75,8.994,0,1,0,WASTAGE
0.313,3.767,0,0,1,WASTAGE
0.014,0.268,0,0,0,NORMAL
0.003,0.148,0,0,0,NORMAL
0.754,9.049,1,1,1,NORMAL
0.596,7.077,1,1,0,NORMAL
0.025,0.332,0,0,0,NORMAL
0.272,3.315,0,0,1,WASTAGE
0.647,7.691,1,1,1,NORMAL
0.498,5.968,0,1,0,WASTAGE
0.89,10.571,1,1,1,NORMAL
0.917,11.055,1,1,1,NORMAL
0.957,11.406,0,1,1,WASTAGE
0.588,7.084,1,1,0,NORMAL
0.008,0.101,1,0,0,LOW
0.641,7.673,0,1,1,WASTAGE
0.025,0.24,0,0,0,NORMAL
0.372,4.445,0,0,1,WASTAGE
0.328,3.952,0,0,1,WASTAGE
0.51,6.248,0,1,0,WASTAGE
0.035,0.429,0,0,0,NORMAL
0.026,0.168,1,0,0,LOW
0.033,0.445,0,0,0,NORMAL
0.026,0.358,1,0,0,LOW
0.039,0.465,0,0,0,NORMAL
0.907,10.945,1,1,1,NORMAL
0.595,7.189,1,1,1,NORMAL
0.003,0.05,1,0,0,LOW
0.016,0.058,0,0,0,NORMAL
0.382,4.563,0,1,0,WASTAGE
0.021,0.295,1,0,0,LOW
0.024,0.333,0,0,0,NORMAL
0.721,8.734,0,1,1,WASTAGE
0.535,6.407,1,1,0,NORMAL
0.911,11.03,1,1,1,NORMAL
0.768,9.278,0,1,1,WASTAGE
0.692,8.198,0,1,1,WASTAGE
0.008,0.119,0,0,0,NORMAL
0.022,0.389,0,0,0,NORMAL
0.008,0.144,0,0,0,NORMAL
0.009,0.174,1,0,0,LOW
0.248,3.087,0,0,1,WASTAGE
0.025,0.248,1,0,0,LOW
0.417,4.951,0,1,0,WASTAGE
0.592,7.121,0,1,1,WASTAGE
0.626,7.448,0,1,0,WASTAGE
0.436,5.137,1,1,0,NORMAL
0.525,6.3,0,0,1,WASTAGE
0.735,8.797,0,1,0,WASTAGE
0.832,9.891,0,1,1,WASTAGE
0.017,0.264,0,0,0,NORMAL
0.035,0.286,1,0,0,LOW
0.61,7.293,0,1,1,WASTAGE
0.518,6.338,1,1,0,NORMAL
0.008,0.094,1,0,0,LOW
0.033,0.374,1,0,0,LOW
0.636,7.64,0,1,0,WASTAGE
0.014,0.242,0,0,0,NORMAL
0.022,0.335,0,0,0,NORMAL
0.769,9.193,1,1,1,NORMAL
0.041,0.497,0,0,0,NORMAL
0.645,7.716,1,1,0,NORMAL
0.026,0.331,1,0,0,LOW
0.448,5.342,1,1,0,NORMAL
0.671,7.985,0,1,0,WASTAGE
0.668,8.028,0,1,0,WASTAGE
0.991,11.854,1,1,1,NORMAL
0.438,5.272,1,1,0,NORMAL
0.34,4.021,0,0,1,WASTAGE
0.321,3.92,0,0,1,WASTAGE
0.039,0.438,0,0,0,NORMAL
0.459,5.456,0,0,1,WASTAGE
0.011,0.141,0,0,0,NORMAL
0.639,7.683,1,1,0,NORMAL
0.633,7.556,0,1,0,WASTAGE
0.022,0.121,0,0,0,NORMAL
0.749,8.943,1,1,1,NORMAL
0.939,11.232,1,1,1,NORMAL
0.701,8.498,1,1,0,NORMAL
0.01,0.149,1,0,0,LOW
0.566,6.75,1,1,0,NORMAL
0.442,5.281,1,1,0,NORMAL
0.97,11.583,1,1,1,NORMAL
0.384,4.607,0,0,1,WASTAGE
0.754,8.964,1,1,1,NORMAL
0.002,0.073,1,0,0,LOW
0.008,0.07,0,0,0,NORMAL
0.602,7.19,1,1,0,NORMAL
0.857,10.245,1,1,1,NORMAL
0.764,9.235,0,1,1,WASTAGE
0.768,9.225,1,1,1,NORMAL
0.027,0.406,0,0,0,NORMAL
0.688,8.32,0,1,1,WASTAGE
0.391,4.7,0,1,0,WASTAGE
0.704,8.453,0,1,1,WASTAGE
0.37,4.418,0,0,1,WASTAGE
0.033,0.396,0,0,0,NORMAL
0.853,10.254,1,1,1,NORMAL
0.846,10.081,1,1,1,NORMAL
0.565,6.732,0,0,1,WASTAGE
0.685,8.223,1,1,0,NORMAL
0.881,10.593,1,1,1,NORMAL
0.03,0.331,1,0,0,LOW
0.031,0.368,1,0,0,LOW
0.351,4.164,0,0,1,WASTAGE
0.784,9.305,1,1,1,NORMAL
0.599,7.236,0,1,0,WASTAGE
0.81,9.813,1,1,1,NORMAL
0.673,8.055,0,1,0,WASTAGE
0.601,7.35,0,1,1,WASTAGE
0.02,0.21,1,0,0,LOW
0.969,11.646,1,1,1,NORMAL
0.021,0.254,0,0,0,NORMAL
0.351,4.141,0,0,1,WASTAGE
0.317,3.799,0,0,1,WASTAGE
0.813,9.738,0,1,1,WASTAGE
0.58,6.927,1,1,0,NORMAL
0.97,11.612,1,1,1,NORMAL
0.006,0.01,1,0,0,LOW
0.018,0.26,1,0,0,LOW
0.527,6.353,1,1,0,NORMAL
0.432,5.277,0,1,0,WASTAGE
0.472,5.662,1,1,0,NORMAL
0.039,0.383,0,0,0,NORMAL
0.273,3.182,0,0,1,WASTAGE
0.043,0.434,0,0,0,NORMAL
0.027,0.325,0,0,0,NORMAL
0.985,11.8,1,1,1,NORMAL
0.01,0.042,0,0,0,NORMAL
0.548,6.541,0,0,1,WASTAGE
0.754,9.074,1,1,1,NORMAL
0.841,10.042,0,1,1,WASTAGE
0.691,8.312,1,1,0,NORMAL
0.884,10.657,0,1,1,WASTAGE
0.347,4.036,0,0,1,WASTAGE
0.675,8.139,1,1,0,NORMAL
0.972,11.664,1,1,1,NORMAL
0.036,0.399,1,0,0,LOW
0.439,5.303,0,0,1,WASTAGE
0.505,6.08,0,1,0,WASTAGE
0.528,6.258,0,1,0,WASTAGE
0.819,9.876,0,1,1,WASTAGE
0.003,0.012,1,0,0,LOW
0.004,0.037,1,0,0,LOW
0.555,6.682,0,1,0,WASTAGE
0.019,0.168,1,0,0,LOW
0.568,6.773,0,1,0,WASTAGE
0.694,8.327,0,1,0,WASTAGE
0.595,7.106,0,1,0,WASTAGE
0.633,7.639,0,1,1,WASTAGE
0.474,5.632,0,1,0,WASTAGE
0.802,9.721,1,1,1,NORMAL
0.644,7.879,0,1,1,WASTAGE
0.018,0.196,0,0,0,NORMAL
0.013,0.081,0,0,0,NORMAL
0.44,5.254,1,1,0,NORMAL
0.494,5.888,0,1,0,WASTAGE
0.458,5.595,1,1,0,NORMAL
0.805,9.686,1,1,1,NORMAL
0.799,9.591,1,1,1,NORMAL
0.04,0.498,0,0,0,NORMAL
0.029,0.395,0,0,0,NORMAL
0.439,5.223,1,1,0,NORMAL
0.612,7.191,1,1,1,NORMAL
1.075,12.895,0,1,1,WASTAGE
0.463,5.539,0,1,0,WASTAGE
0.956,11.361,1,1,1,NORMAL
0.565,6.838,1,1,0,NORMAL
0.643,7.631,0,1,1,WASTAGE
0.656,7.894,0,1,1,WASTAGE
0.01,0.202,1,0,0,LOW
0.451,5.448,0,1,0,WASTAGE
0.022,0.231,0,0,0,NORMAL
0.013,0.216,1,0,0,LOW
0.282,3.411,0,0,1,WASTAGE
0.687,8.321,0,1,0,WASTAGE
0.02,0.192,0,0,0,NORMAL
0.581,6.973,0,0,1,WASTAGE
0.583,6.898,0,0,1,WASTAGE
0.009,0.195,1,0,0,LOW
0.722,8.554,0,1,0,WASTAGE
0.518,6.173,0,0,1,WASTAGE
0.029,0.317,1,0,0,LOW
0.53,6.29,0,0,1,WASTAGE
0.577,6.924,1,1,0,NORMAL
0.625,7.484,1,1,1,NORMAL
0.027,0.305,0,0,0,NORMAL
0.002,0.006,1,0,0,LOW
0.006,0.104,1,0,0,LOW
0.968,11.563,0,1,1,WASTAGE
0.558,6.613,0,0,1,WASTAGE
0.741,8.93,0,1,1,WASTAGE
0.417,5.059,0,0,1,WASTAGE
0.032,0.39,1,0,0,LOW
0.037,0.468,0,0,0,NORMAL
0.022,0.327,1,0,0,LOW
0.04,0.436,0,0,0,NORMAL
0.042,0.333,0,0,0,NORMAL
0.736,8.782,0,1,0,WASTAGE
0.022,0.247,1,0,0,LOW
1.04,12.569,0,1,1,WASTAGE
0.639,7.649,1,1,0,NORMAL
0.012,0.238,0,0,0,NORMAL
0.464,5.545,1,1,0,NORMAL
0.656,7.853,1,1,1,NORMAL
0.599,7.32,0,1,1,WASTAGE
0.496,5.946,0,1,0,WASTAGE
0.005,0.056,1,0,0,LOW
0.623,7.53,0,1,0,WASTAGE
0.941,11.373,1,1,1,NORMAL
1.086,12.986,0,1,1,WASTAGE
0.443,5.297,0,1,0,WASTAGE
0.838,10.076,1,1,1,NORMAL
0.022,0.278,1,0,0,LOW
0.696,8.391,1,1,0,NORMAL
0.614,7.381,1,1,0,NORMAL
0.629,7.419,1,1,1,NORMAL
0.556,6.758,0,1,0,WASTAGE
0.022,0.309,0,0,0,NORMAL
0.597,7.084,0,1,1,WASTAGE
0.849,10.264,0,1,1,WASTAGE
0.288,3.346,0,0,1,WASTAGE
0.782,9.353,0,1,1,WASTAGE
0.339,4.076,0,0,1,WASTAGE
0.436,5.195,1,1,0,NORMAL
0.011,0.024,1,0,0,LOW
0.723,8.671,1,1,1,NORMAL
0.582,7.001,1,1,1,NORMAL
0.004,0.046,1,0,0,LOW
0.822,9.776,1,1,1,NORMAL
0.717,8.67,0,1,0,WASTAGE
0.254,3.064,0,0,1,WASTAGE
0.468,5.658,0,1,0,WASTAGE
0.017,0.146,1,0,0,LOW
0.016,0.089,1,0,0,LOW
0.671,7.995,1,1,1,NORMAL
0.449,5.429,0,1,0,WASTAGE
0.5,5.988,0,1,0,WASTAGE
0.511,6.135,0,1,0,WASTAGE
0.682,8.096,1,1,0,NORMAL
0.812,9.78,0,1,1,WASTAGE
0.844,10.044,0,1,1,WASTAGE
0.901,10.882,0,1,1,WASTAGE
0.016,0.161,0,0,0,NORMAL
0.298,3.606,0,0,1,WASTAGE
0.43,5.151,0,0,1,WASTAGE
0.803,9.596,1,1,1,NORMAL
0.425,5.201,1,1,0,NORMAL
0.046,0.481,0,0,0,NORMAL
0.03,0.457,0,0,0,NORMAL
0.03,0.305,0,0,0,NORMAL
0.822,9.797,0,1,1,WASTAGE
0.582,6.98,0,1,0,WASTAGE
0.593,7.085,0,1,0,WASTAGE
0.026,0.317,0,0,0,NORMAL
0.014,0.276,0,0,0,NORMAL
0.483,5.738,0,0,1,WASTAGE
0.748,8.978,0,1,1,WASTAGE
0.656,7.961,1,1,0,NORMAL
0.55,6.552,0,1,0,WASTAGE
1.07,12.9,0,1,1,WASTAGE
0.531,6.407,1,1,0,NORMAL
0.574,6.78,1,1,0,NORMAL
0.455,5.441,1,1,0,NORMAL
0.526,6.289,0,0,1,WASTAGE
0.983,11.776,0,1,1,WASTAGE
0.373,4.652,0,0,1,WASTAGE
0.706,8.426,1,1,1,NORMAL
0.522,6.293,0,1,0,WASTAGE
0.708,8.43,1,1,0,NORMAL
0.035,0.256,0,0,0,NORMAL
0.589,7.17,0,1,0,WASTAGE
1.036,12.439,0,1,1,WASTAGE
0.011,0.189,0,0,0,NORMAL
0.012,0.057,0,0,0,NORMAL
0.793,9.525,1,1,1,NORMAL
0.022,0.301,1,0,0,LOW
1.013,12.165,0,1,1,WASTAGE
0.007,0.067,0,0,0,NORMAL
0.58,6.998,0,0,1,WASTAGE
0.871,10.449,1,1,1,NORMAL
0.452,5.474,0,1,0,WASTAGE
0.032,0.389,1,0,0,LOW
0.031,0.352,1,0,0,LOW
0.983,11.78,0,1,1,WASTAGE
0.858,10.272,0,1,1,WASTAGE
0.533,6.414,0,0,1,WASTAGE
0.009,0.122,1,0,0,LOW
0.026,0.283,0,0,0,NORMAL
0.487,5.724,0,0,1,WASTAGE
0.02,0.24,0,0,0,NORMAL
0.031,0.326,0,0,0,NORMAL
0.616,7.44,1,1,0,NORMAL
0.032,0.345,0,0,0,NORMAL
0.001,0.025,0,0,0,NORMAL
0.354,4.063,0,0,1,WASTAGE
0.3,3.668,0,0,1,WASTAGE
0.454,5.513,0,1,0,WASTAGE
0.671,7.928,0,1,0,WASTAGE
0.809,9.733,0,1,1,WASTAGE
0.417,5.045,1,1,0,NORMAL
0.558,6.635,1,1,0,NORMAL
0.575,6.948,0,1,0,WASTAGE
0.867,10.406,1,1,1,NORMAL
0.012,0.138,0,0,0,NORMAL
0.452,5.441,0,0,1,WASTAGE
0.534,6.349,0,1,0,WASTAGE
0.039,0.444,0,0,0,NORMAL
0.526,6.277,0,0,1,WASTAGE
0.514,6.199,1,1,0,NORMAL
0.812,9.813,0,1,1,WASTAGE
0.738,8.774,1,1,1,NORMAL
0.657,7.881,0,1,1,WASTAGE
0.438,5.243,1,1,0,NORMAL
0.479,5.733,0,1,0,WASTAGE
0.596,7.255,0,1,0,WASTAGE
0.38,4.587,0,1,0,WASTAGE
0.409,4.905,0,0,1,WASTAGE
0.677,8.103,0,1,0,WASTAGE
0.75,9.03,1,1,1,NORMAL
0.555,6.573,0,0,1,WASTAGE
0.663,7.995,1,1,1,NORMAL
0.008,0.091,0,0,0,NORMAL
0.009,0.064,0,0,0,NORMAL
0.025,0.256,0,0,0,NORMAL
0.805,9.732,0,1,1,WASTAGE
0.874,10.573,0,1,1,WASTAGE
0.695,8.445,0,1,0,WASTAGE
0.041,0.425,0,0,0,NORMAL
0.783,9.491,1,1,1,NORMAL
0.015,0.31,0,0,0,NORMAL
0.288,3.573,0,0,1,WASTAGE
0.566,6.699,0,0,1,WASTAGE
0.009,0.087,0,0,0,NORMAL
0.949,11.284,1,1,1,NORMAL
0.651,7.831,1,1,0,NORMAL
0.025,0.386,1,0,0,LOW
0.028,0.331,1,0,0,LOW
0.66,7.92,1,1,0,NORMAL
0.742,8.957,1,1,1,NORMAL
0.956,11.443,0,1,1,WASTAGE
0.034,0.369,1,0,0,LOW
0.715,8.565,1,1,1,NORMAL
0.56,6.756,1,1,0,NORMAL
0.714,8.61,1,1,1,NORMAL
0.032,0.394,0,0,0,NORMAL
0.03,0.368,1,0,0,LOW
0.375,4.62,0,1,0,WASTAGE
0.018,0.202,0,0,0,NORMAL
0.029,0.276,1,0,0,LOW
0.656,7.912,1,1,1,NORMAL
0.786,9.415,1,1,1,NORMAL
0.99,11.909,0,1,1,WASTAGE
0.592,7.113,0,1,0,WASTAGE
0.715,8.525,0,1,0,WASTAGE
0.976,11.836,1,1,1,NORMAL
0.316,3.781,0,0,1,WASTAGE
0.017,0.196,1,0,0,LOW
0.963,11.652,1,1,1,NORMAL
0.003,0.007,0,0,0,NORMAL
0.952,11.334,1,1,1,NORMAL
0.702,8.401,0,1,0,WASTAGE
0.042,0.484,0,0,0,NORMAL
0.887,10.718,1,1,1,NORMAL
0.025,0.365,0,0,0,NORMAL
0.007,0.04,1,0,0,LOW
0.364,4.289,0,0,1,WASTAGE
0.466,5.437,0,1,0,WASTAGE
0.25,3.051,0,0,1,WASTAGE
0.416,5.026,1,1,0,NORMAL
0.853,10.171,0,1,1,WASTAGE
0.616,7.442,0,1,0,WASTAGE
0.321,3.806,0,0,1,WASTAGE
0.033,0.387,1,0,0,LOW
0.807,9.672,0,1,1,WASTAGE
0.903,10.786,1,1,1,NORMAL
0.33,4.074,0,0,1,WASTAGE
0.874,10.44,1,1,1,NORMAL
0.758,8.992,0,1,1,WASTAGE
0.858,10.275,1,1,1,NORMAL
0.422,5.083,1,1,0,NORMAL
0.836,9.99,0,1,1,WASTAGE
0.457,5.483,1,1,0,NORMAL
0.979,11.753,0,1,1,WASTAGE
0.453,5.383,0,1,0,WASTAGE
0.716,8.702,1,1,1,NORMAL
0.496,5.818,1,1,0,NORMAL
0.666,7.953,0,1,0,WASTAGE
0.462,5.558,0,0,1,WASTAGE
0.584,7.02,0,1,0,WASTAGE
0.915,10.969,0,1,1,WASTAGE
0.0,0.044,0,0,0,NORMAL
0.526,6.378,1,1,0,NORMAL
0.294,3.557,0,0,1,WASTAGE
0.007,0.089,0,0,0,NORMAL
0.465,5.561,0,1,0,WASTAGE
0.026,0.313,1,0,0,LOW
1.081,12.891,0,1,1,WASTAGE
0.402,4.802,0,1,0,WASTAGE
1.085,12.993,0,1,1,WASTAGE
0.028,0.311,1,0,0,LOW
0.487,5.801,1,1,0,NORMAL
0.037,0.474,0,0,0,NORMAL
0.018,0.184,0,0,0,NORMAL
0.764,9.244,1,1,1,NORMAL
0.043,0.41,0,0,0,NORMAL
0.506,6.158,0,1,0,WASTAGE
0.469,5.542,1,1,0,NORMAL
0.801,9.699,0,1,1,WASTAGE
0.496,5.943,0,1,0,WASTAGE
0.32,3.935,0,0,1,WASTAGE
0.518,6.149,1,1,0,NORMAL
0.515,6.21,1,1,0,NORMAL
0.523,6.312,1,1,0,NORMAL
0.67,8.056,1,1,0,NORMAL
0.025,0.285,1,0,0,LOW
0.454,5.389,0,1,0,WASTAGE
0.019,0.153,0,0,0,NORMAL
0.005,0.123,1,0,0,LOW
0.524,6.234,0,0,1,WASTAGE
0.966,11.556,0,1,1,WASTAGE
0.436,5.337,0,1,0,WASTAGE
0.324,3.874,0,0,1,WASTAGE
0.012,0.203,1,0,0,LOW
0.026,0.322,1,0,0,LOW
0.826,9.916,0,1,1,WASTAGE
0.427,5.199,1,1,0,NORMAL
0.759,9.06,1,1,1,NORMAL
0.324,3.894,0,0,1,WASTAGE
0.478,5.913,1,1,0,NORMAL
0.544,6.464,1,1,0,NORMAL
0.451,5.502,0,0,1,WASTAGE
0.692,8.243,1,1,1,NORMAL
0.033,0.39,1,0,0,LOW
0.002,0.13,1,0,0,LOW
0.923,11.062,1,1,1,NORMAL
0.012,0.093,0,0,0,NORMAL
0.354,4.38,0,0,1,WASTAGE
0.035,0.368,1,0,0,LOW
0.797,9.481,0,1,1,WASTAGE
0.016,0.169,0,0,0,NORMAL
0.011,0.084,1,0,0,LOW
0.939,11.357,1,1,1,NORMAL
0.002,0.052,0,0,0,NORMAL
0.492,5.898,1,1,0,NORMAL
0.604,7.197,0,1,1,WASTAGE
0.303,3.605,0,0,1,WASTAGE
1.069,12.804,0,1,1,WASTAGE
0.009,0.129,1,0,0,LOW
0.649,7.803,1,1,0,NORMAL
0.744,8.995,1,1,1,NORMAL
1.057,12.76,0,1,1,WASTAGE
0.972,11.732,1,1,1,NORMAL
0.977,11.676,0,1,1,WASTAGE
0.037,0.312,0,0,0,NORMAL
0.732,8.835,0,1,1,WASTAGE
0.015,0.157,0,0,0,NORMAL
0.023,0.274,0,0,0,NORMAL
0.526,6.379,0,1,0,WASTAGE
0.036,0.362,0,0,0,NORMAL
0.659,7.886,0,1,1,WASTAGE
0.429,5.251,0,1,0,WASTAGE
0.481,5.742,0,0,1,WASTAGE
0.028,0.331,1,0,0,LOW
0.513,6.13,0,1,0,WASTAGE
0.713,8.607,1,1,1,NORMAL
0.716,8.598,1,1,1,NORMAL
0.368,4.4,0,0,1,WASTAGE
0.467,5.703,0,1,0,WASTAGE
0.019,0.123,0,0,0,NORMAL
0.004,0.063,0,0,0,NORMAL
0.543,6.5,1,1,0,NORMAL
0.329,3.95,0,0,1,WASTAGE
0.013,0.206,1,0,0,LOW
0.742,8.903,0,1,0,WASTAGE
0.691,8.353,0,1,0,WASTAGE
0.905,10.9,1,1,1,NORMAL
0.0,0.068,0,0,0,NORMAL
0.402,4.763,0,1,0,WASTAGE
0.537,6.422,1,1,0,NORMAL
0.791,9.488,1,1,1,NORMAL
0.503,6.031,0,0,1,WASTAGE
0.022,0.075,1,0,0,LOW
0.596,7.153,1,1,0,NORMAL
0.527,6.34,1,1,0,NORMAL
0.68,8.184,1,1,0,NORMAL
0.026,0.277,0,0,0,NORMAL
0.69,8.277,1,1,0,NORMAL
0.694,8.215,0,1,0,WASTAGE
0.689,8.259,1,1,1,NORMAL
0.009,0.091,0,0,0,NORMAL
0.007,0.016,1,0,0,LOW
0.01,0.158,0,0,0,NORMAL
0.86,10.371,1,1,1,NORMAL
0.444,5.352,0,0,1,WASTAGE
0.546,6.612,1,1,0,NORMAL
0.484,5.785,0,0,1,WASTAGE
0.742,8.992,0,1,1,WASTAGE
0.487,5.893,0,1,0,WASTAGE
0.0,0.055,0,0,0,NORMAL
0.79,9.587,1,1,1,NORMAL
0.588,7.041,1,1,0,NORMAL
0.009,0.153,0,0,0,NORMAL
0.631,7.605,0,1,0,WASTAGE
0.707,8.417,1,1,1,NORMAL
0.037,0.397,0,0,0,NORMAL
0.482,5.739,1,1,0,NORMAL
0.659,7.855,0,1,0,WASTAGE
0.506,6.077,1,1,0,NORMAL
0.527,6.364,0,0,1,WASTAGE
0.364,4.38,0,0,1,WASTAGE
0.026,0.355,1,0,0,LOW
0.731,8.742,1,1,1,NORMAL
0.042,0.496,0,0,0,NORMAL
0.644,7.661,0,1,0,WASTAGE
0.488,5.828,1,1,0,NORMAL
0.298,3.667,0,0,1,WASTAGE
0.011,0.079,1,0,0,LOW
0.727,8.773,0,1,0,WASTAGE
0.632,7.634,0,1,1,WASTAGE
0.0,0.006,0,0,0,NORMAL
0.479,5.768,0,0,1,WASTAGE
0.862,10.395,0,1,1,WASTAGE
0.44,5.191,1,1,0,NORMAL
0.574,6.907,1,1,0,NORMAL
0.399,4.713,0,0,1,WASTAGE
0.831,9.973,0,1,1,WASTAGE
0.296,3.518,0,0,1,WASTAGE
1.029,12.314,0,1,1,WASTAGE
0.546,6.42,1,1,0,NORMAL
0.941,11.401,0,1,1,WASTAGE
0.014,0.289,0,0,0,NORMAL
0.441,5.179,0,0,1,WASTAGE
0.799,9.662,1,1,1,NORMAL
0.755,9.093,0,1,1,WASTAGE
0.64,7.631,1,1,0,NORMAL
0.8,9.594,1,1,1,NORMAL
0.813,9.78,0,1,1,WASTAGE
0.028,0.295,1,0,0,LOW
0.838,10.031,0,1,1,WASTAGE
1.006,12.035,0,1,1,WASTAGE
0.582,6.978,0,0,1,WASTAGE
0.776,9.359,0,1,1,WASTAGE
0.024,0.273,0,0,0,NORMAL
0.0,0.049,1,0,0,LOW
0.275,3.319,0,0,1,WASTAGE
0.406,4.914,0,1,0,WASTAGE
0.386,4.591,0,1,0,WASTAGE
0.538,6.504,0,1,0,WASTAGE
0.041,0.484,0,0,0,NORMAL
0.025,0.289,1,0,0,LOW
0.032,0.466,0,0,0,NORMAL
0.02,0.164,1,0,0,LOW
0.003,0.008,1,0,0,LOW
0.003,0.091,0,0,0,NORMAL
0.277,3.347,0,0,1,WASTAGE
0.762,9.246,1,1,1,NORMAL
0.901,10.775,0,1,1,WASTAGE
0.721,8.701,1,1,1,NORMAL
0.434,5.262,0,0,1,WASTAGE
0.684,8.141,0,1,1,WASTAGE
0.988,11.728,1,1,1,NORMAL
0.005,0.117,1,0,0,LOW
0.548,6.612,1,1,0,NORMAL
0.027,0.206,1,0,0,LOW
0.024,0.359,0,0,0,NORMAL
0.71,8.456,1,1,0,NORMAL
0.497,5.895,0,0,1,WASTAGE
0.01,0.19,0,0,0,NORMAL
0.687,8.287,1,1,1,NORMAL
0.495,5.84,0,1,0,WASTAGE
0.947,11.325,0,1,1,WASTAGE
0.979,11.743,0,1,1,WASTAGE
0.622,7.441,0,1,0,WASTAGE
0.021,0.253,1,0,0,LOW
0.693,8.383,1,1,0,NORMAL
0.965,11.663,0,1,1,WASTAGE
0.005,0.1,0,0,0,NORMAL
0.791,9.501,0,1,1,WASTAGE
0.035,0.37,1,0,0,LOW
0.493,5.895,0,1,0,WASTAGE
0.006,0.076,1,0,0,LOW
1.015,12.106,0,1,1,WASTAGE
0.479,5.687,1,1,0,NORMAL
0.348,4.239,0,0,1,WASTAGE
0.92,11.019,0,1,1,WASTAGE
0.824,9.883,0,1,1,WASTAGE
0.559,6.798,1,1,0,NORMAL
0.01,0.044,1,0,0,LOW
0.047,0.5,0,0,0,NORMAL
0.517,6.074,0,0,1,WASTAGE
0.022,0.229,0,0,0,NORMAL
0.596,7.183,0,1,0,WASTAGE
1.074,12.945,0,1,1,WASTAGE
0.439,5.29,0,1,0,WASTAGE
0.53,6.391,0,1,0,WASTAGE
0.481,5.75,0,0,1,WASTAGE
0.504,6.083,1,1,0,NORMAL
0.006,0.013,1,0,0,LOW
0.464,5.575,0,0,1,WASTAGE
0.488,5.879,0,0,1,WASTAGE
0.415,4.978,0,0,1,WASTAGE
0.018,0.205,0,0,0,NORMAL
0.59,7.01,1,1,0,NORMAL
0.474,5.65,0,0,1,WASTAGE
0.884,10.637,0,1,1,WASTAGE
0.458,5.604,1,1,0,NORMAL
0.954,11.391,1,1,1,NORMAL
0.469,5.615,0,0,1,WASTAGE
0.555,6.725,0,0,1,WASTAGE
0.739,8.894,0,1,0,WASTAGE
0.825,9.926,1,1,1,NORMAL
0.287,3.38,0,0,1,WASTAGE
0.955,11.489,0,1,1,WASTAGE
0.01,0.074,0,0,0,NORMAL
0.483,5.698,0,1,0,WASTAGE
0.001,0.112,1,0,0,LOW
0.871,10.599,0,1,1,WASTAGE
0.308,3.677,0,0,1,WASTAGE
0.442,5.436,0,0,1,WASTAGE
0.716,8.627,0,1,1,WASTAGE
0.87,10.394,0,1,1,WASTAGE
0.632,7.649,1,1,0,NORMAL
0.003,0.016,0,0,0,NORMAL
0.849,10.197,1,1,1,NORMAL
0.749,9.01,1,1,1,NORMAL
0.625,7.39,0,1,0,WASTAGE
0.012,0.13,0,0,0,NORMAL
0.866,10.471,0,1,1,WASTAGE
0.028,0.374,0,0,0,NORMAL
0.629,7.586,1,1,0,NORMAL
0.59,7.111,0,1,0,WASTAGE
0.027,0.365,1,0,0,LOW
0.358,4.33,0,0,1,WASTAGE
0.392,4.658,0,1,0,WASTAGE
0.591,7.108,1,1,1,NORMAL
0.882,10.603,1,1,1,NORMAL
0.035,0.402,0,0,0,NORMAL
1.03,12.418,0,1,1,WASTAGE
0.686,8.212,1,1,0,NORMAL
0.885,10.656,1,1,1,NORMAL
0.764,9.135,0,1,1,WASTAGE
0.352,4.288,0,0,1,WASTAGE
0.025,0.341,1,0,0,LOW
0.283,3.35,0,0,1,WASTAGE
0.014,0.215,1,0,0,LOW
0.57,6.947,0,1,0,WASTAGE
0.023,0.335,1,0,0,LOW
0.513,6.168,0,1,0,WASTAGE
0.694,8.446,0,1,0,WASTAGE
0.022,0.247,0,0,0,NORMAL
0.562,6.806,0,0,1,WASTAGE
0.546,6.535,0,0,1,WASTAGE
0.002,0.021,0,0,0,NORMAL
0.484,5.806,0,0,1,WASTAGE
0.847,10.154,0,1,1,WASTAGE
0.458,5.484,1,1,0,NORMAL
0.634,7.664,1,1,0,NORMAL
0.278,3.293,0,0,1,WASTAGE
0.027,0.356,0,0,0,NORMAL
1.087,12.969,0,1,1,WASTAGE
0.569,6.89,0,1,0,WASTAGE
0.004,0.005,1,0,0,LOW
0.646,7.774,1,1,0,NORMAL
0.626,7.595,0,1,0,WASTAGE
0.904,10.852,1,1,1,NORMAL
0.399,4.722,0,0,1,WASTAGE
0.434,5.065,0,0,1,WASTAGE
0.335,3.955,0,0,1,WASTAGE
0.939,11.292,0,1,1,WASTAGE
0.434,5.251,0,0,1,WASTAGE
0.033,0.494,0,0,0,NORMAL
0.493,5.895,0,1,0,WASTAGE
0.698,8.378,0,1,0,WASTAGE
0.757,8.977,1,1,1,NORMAL
0.55,6.525,0,0,1,WASTAGE
0.568,6.791,0,1,0,WASTAGE
0.659,8.026,1,1,0,NORMAL
0.036,0.391,1,0,0,LOW
0.017,0.124,0,0,0,NORMAL
0.001,0.087,0,0,0,NORMAL
0.45,5.365,0,0,1,WASTAGE
0.536,6.398,1,1,0,NORMAL
0.731,8.88,1,1,1,NORMAL
0.801,9.583,1,1,1,NORMAL
0.525,6.281,0,1,0,WASTAGE
0.492,5.902,1,1,0,NORMAL
0.765,9.21,0,1,1,WASTAGE
0.361,4.271,0,0,1,WASTAGE
0.682,8.114,0,1,1,WASTAGE
0.011,0.157,0,0,0,NORMAL
0.586,6.992,0,0,1,WASTAGE
0.033,0.357,1,0,0,LOW
0.005,0.172,1,0,0,LOW
0.435,5.217,1,1,0,NORMAL
0.444,5.289,0,1,0,WASTAGE
0.039,0.395,1,0,0,LOW
0.619,7.374,1,1,1,NORMAL
0.944,11.278,0,1,1,WASTAGE
0.034,0.453,0,0,0,NORMAL
0.031,0.405,0,0,0,NORMAL
0.423,5.048,0,0,1,WASTAGE
0.432,5.2,1,1,0,NORMAL
0.03,0.274,1,0,0,LOW
0.003,0.005,0,0,0,NORMAL
0.022,0.313,1,0,0,LOW
0.679,8.129,1,1,0,NORMAL
0.016,0.217,0,0,0,NORMAL
0.815,9.847,1,1,1,NORMAL
0.03,0.363,0,0,0,NORMAL
0.393,4.738,0,1,0,WASTAGE
0.58,6.973,0,0,1,WASTAGE
0.557,6.675,0,0,1,WASTAGE
0.519,6.27,0,0,1,WASTAGE
0.25,3.038,0,0,1,WASTAGE
0.023,0.281,1,0,0,LOW
0.683,8.204,0,1,0,WASTAGE
1.068,12.902,0,1,1,WASTAGE
0.873,10.423,0,1,1,WASTAGE
0.592,7.05,1,1,0,NORMAL
0.684,8.254,0,1,1,WASTAGE
0.724,8.751,0,1,1,WASTAGE
0.656,7.799,1,1,0,NORMAL
0.535,6.416,0,1,0,WASTAGE
0.738,8.821,0,1,0,WASTAGE
0.495,5.878,0,0,1,WASTAGE
0.002,0.031,1,0,0,LOW
1.047,12.563,0,1,1,WASTAGE
0.015,0.119,1,0,0,LOW
0.364,4.365,0,0,1,WASTAGE
0.022,0.265,0,0,0,NORMAL
0.639,7.636,1,1,1,NORMAL
0.61,7.323,0,1,0,WASTAGE
0.94,11.306,1,1,1,NORMAL
0.015,0.22,1,0,0,LOW
0.017,0.145,1,0,0,LOW
0.648,7.821,0,1,1,WASTAGE
0.412,4.973,0,0,1,WASTAGE
0.795,9.563,1,1,1,NORMAL
0.548,6.584,0,0,1,WASTAGE
0.017,0.126,1,0,0,LOW
0.699,8.391,1,1,1,NORMAL
0.37,4.456,0,0,1,WASTAGE
0.813,9.85,0,1,1,WASTAGE
0.039,0.496,0,0,0,NORMAL
0.88,10.549,1,1,1,NORMAL
0.529,6.401,0,0,1,WASTAGE
0.481,5.755,0,0,1,WASTAGE
0.036,0.432,0,0,0,NORMAL
0.471,5.695,1,1,0,NORMAL
0.731,8.731,0,1,0,WASTAGE
0.574,7.009,0,1,0,WASTAGE
1.063,12.677,0,1,1,WASTAGE
0.311,3.685,0,0,1,WASTAGE
0.0,0.071,0,0,0,NORMAL
1.058,12.644,0,1,1,WASTAGE
0.005,0.087,1,0,0,LOW
0.463,5.573,0,0,1,WASTAGE
0.014,0.157,1,0,0,LOW
0.033,0.349,1,0,0,LOW
0.924,11.178,1,1,1,NORMAL
1.079,12.938,0,1,1,WASTAGE
1.029,12.39,0,1,1,WASTAGE
0.41,4.954,0,0,1,WASTAGE
0.526,6.324,0,0,1,WASTAGE
0.641,7.788,0,1,0,WASTAGE
0.377,4.636,0,0,1,WASTAGE
0.7,8.369,0,1,0,WASTAGE
0.525,6.376,0,0,1,WASTAGE
0.916,10.939,0,1,1,WASTAGE
0.017,0.213,1,0,0,LOW
0.766,9.128,0,1,1,WASTAGE
0.723,8.622,1,1,1,NORMAL
0.821,9.791,0,1,1,WASTAGE
0.76,9.018,1,1,1,NORMAL
0.597,7.141,1,1,0,NORMAL
0.012,0.248,0,0,0,NORMAL
0.453,5.513,1,1,0,NORMAL
0.554,6.606,0,0,1,WASTAGE
0.618,7.478,0,1,0,WASTAGE
0.701,8.458,1,1,0,NORMAL
0.479,5.774,0,0,1,WASTAGE
0.023,0.23,1,0,0,LOW
0.928,11.097,1,1,1,NORMAL
0.634,7.605,1,1,1,NORMAL
0.012,0.117,0,0,0,NORMAL
0.014,0.231,1,0,0,LOW
0.554,6.648,1,1,0,NORMAL
0.28,3.398,0,0,1,WASTAGE
0.569,6.855,0,0,1,WASTAGE
0.548,6.601,0,1,0,WASTAGE
0.416,4.918,0,1,0,WASTAGE
0.722,8.627,1,1,1,NORMAL
0.011,0.097,0,0,0,NORMAL
0.668,8.047,1,1,0,NORMAL
0.01,0.051,1,0,0,LOW
0.568,6.818,0,0,1,WASTAGE
0.651,7.767,1,1,1,NORMAL
0.649,7.815,0,1,0,WASTAGE
0.027,0.317,1,0,0,LOW
0.028,0.318,0,0,0,NORMAL
0.532,6.395,0,0,1,WASTAGE
0.01,0.139,1,0,0,LOW
0.538,6.439,0,0,1,WASTAGE
0.877,10.584,0,1,1,WASTAGE
0.431,5.157,1,1,0,NORMAL
0.824,9.767,1,1,1,NORMAL
0.555,6.719,1,1,0,NORMAL
0.505,6.099,0,1,0,WASTAGE
0.757,9.162,0,1,1,WASTAGE
0.017,0.267,1,0,0,LOW
0.022,0.232,1,0,0,LOW
0.023,0.346,0,0,0,NORMAL
0.032,0.342,1,0,0,LOW
0.441,5.355,0,0,1,WASTAGE
0.437,5.232,0,1,0,WASTAGE
0.025,0.327,1,0,0,LOW
0.707,8.566,1,1,1,NORMAL
0.024,0.31,0,0,0,NORMAL
0.672,8.078,1,1,0,NORMAL
0.013,0.116,0,0,0,NORMAL
0.628,7.507,0,1,0,WASTAGE
0.015,0.094,0,0,0,NORMAL
0.621,7.547,1,1,1,NORMAL
0.025,0.328,0,0,0,NORMAL
0.018,0.177,0,0,0,NORMAL
0.602,7.169,1,1,0,NORMAL
0.004,0.147,1,0,0,LOW
0.039,0.413,0,0,0,NORMAL
0.016,0.162,1,0,0,LOW
0.324,3.773,0,0,1,WASTAGE
0.613,7.394,0,1,1,WASTAGE
0.026,0.318,0,0,0,NORMAL
0.037,0.337,1,0,0,LOW
0.512,6.05,1,1,0,NORMAL
0.013,0.167,1,0,0,LOW
0.309,3.742,0,0,1,WASTAGE
0.02,0.374,0,0,0,NORMAL
0.492,5.963,1,1,0,NORMAL
0.022,0.293,0,0,0,NORMAL
0.345,4.187,0,0,1,WASTAGE
0.664,7.944,1,1,1,NORMAL
0.471,5.654,0,1,0,WASTAGE
0.645,7.787,1,1,1,NORMAL
0.696,8.38,0,1,1,WASTAGE
0.03,0.399,1,0,0,LOW
0.642,7.7,1,1,1,NORMAL
0.512,6.117,0,0,1,WASTAGE
0.013,0.209,1,0,0,LOW
0.433,5.179,1,1,0,NORMAL
0.035,0.448,0,0,0,NORMAL
0.703,8.453,1,1,0,NORMAL
0.001,0.05,1,0,0,LOW
0.034,0.425,0,0,0,NORMAL
0.459,5.472,1,1,0,NORMAL
0.291,3.573,0,0,1,WASTAGE
0.49,5.954,0,0,1,WASTAGE
0.788,9.519,1,1,1,NORMAL
0.282,3.373,0,0,1,WASTAGE
0.932,11.158,1,1,1,NORMAL
0.664,7.949,1,1,0,NORMAL
0.021,0.3,1,0,0,LOW
0.486,5.9,0,1,0,WASTAGE
0.035,0.314,1,0,0,LOW
0.681,8.055,0,1,0,WASTAGE
0.895,10.753,1,1,1,NORMAL
0.02,0.252,0,0,0,NORMAL
0.863,10.357,1,1,1,NORMAL
0.029,0.375,1,0,0,LOW
0.024,0.305,0,0,0,NORMAL
0.019,0.148,0,0,0,NORMAL
0.482,5.726,0,1,0,WASTAGE
0.031,0.308,1,0,0,LOW
0.716,8.519,1,1,1,NORMAL
1.086,12.979,0,1,1,WASTAGE
0.915,10.968,1,1,1,NORMAL
0.509,6.043,0,0,1,WASTAGE
0.989,11.876,0,1,1,WASTAGE
0.612,7.321,1,1,0,NORMAL
0.027,0.156,0,0,0,NORMAL
0.333,4.034,0,0,1,WASTAGE
0.759,9.127,0,1,1,WASTAGE
0.468,5.583,0,0,1,WASTAGE
0.681,8.158,0,1,1,WASTAGE
0.455,5.45,0,1,0,WASTAGE
0.529,6.372,1,1,0,NORMAL
0.578,6.937,0,1,0,WASTAGE
0.488,5.892,0,0,1,WASTAGE
0.303,3.677,0,0,1,WASTAGE
0.008,0.078,1,0,0,LOW
0.034,0.429,0,0,0,NORMAL
0.382,4.596,0,1,0,WASTAGE
0.866,10.462,0,1,1,WASTAGE
0.422,5.024,1,1,0,NORMAL
0.572,6.887,1,1,0,NORMAL
0.025,0.243,1,0,0,LOW
0.688,8.225,1,1,0,NORMAL
0.983,11.812,1,1,1,NORMAL
0.61,7.275,1,1,1,NORMAL
0.466,5.64,1,1,0,NORMAL
1.05,12.598,0,1,1,WASTAGE
0.485,5.841,1,1,0,NORMAL
0.435,5.135,0,1,0,WASTAGE
0.565,6.785,0,1,0,WASTAGE
0.599,7.109,0,1,1,WASTAGE
0.016,0.234,1,0,0,LOW
0.324,3.838,0,0,1,WASTAGE
0.037,0.423,0,0,0,NORMAL
0.947,11.298,0,1,1,WASTAGE
0.811,9.804,0,1,1,WASTAGE
0.553,6.629,0,0,1,WASTAGE
0.571,6.792,1,1,0,NORMAL
0.0,0.039,0,0,0,NORMAL
0.945,11.366,1,1,1,NORMAL
0.591,7.022,1,1,0,NORMAL
0.011,0.18,1,0,0,LOW
0.573,6.832,1,1,0,NORMAL
0.007,0.14,1,0,0,LOW
0.809,9.697,0,1,1,WASTAGE
0.551,6.614,0,1,0,WASTAGE
0.009,0.114,0,0,0,NORMAL
0.505,6.144,0,0,1,WASTAGE
0.993,11.868,1,1,1,NORMAL
0.033,0.4,0,0,0,NORMAL
0.011,0.12,0,0,0,NORMAL
0.398,4.842,0,1,0,WASTAGE
0.863,10.275,0,1,1,WASTAGE
0.789,9.465,0,1,1,WASTAGE
0.666,7.946,1,1,0,NORMAL
0.968,11.738,1,1,1,NORMAL
0.019,0.233,1,0,0,LOW
0.952,11.372,0,1,1,WASTAGE
0.865,10.388,0,1,1,WASTAGE
0.034,0.29,0,0,0,NORMAL
0.567,6.846,0,1,0,WASTAGE
0.478,5.8,0,1,0,WASTAGE
0.026,0.172,1,0,0,LOW
0.729,8.665,0,1,0,WASTAGE
0.717,8.559,1,1,1,NORMAL
0.692,8.338,0,1,1,WASTAGE
0.741,8.974,0,1,1,WASTAGE
0.986,11.785,0,1,1,WASTAGE
1.052,12.643,0,1,1,WASTAGE
0.027,0.347,0,0,0,NORMAL
0.003,0.089,1,0,0,LOW
0.543,6.461,1,1,0,NORMAL
0.431,5.105,0,1,0,WASTAGE
0.599,7.281,0,1,0,WASTAGE
0.263,3.132,0,0,1,WASTAGE
0.015,0.187,1,0,0,LOW
0.269,3.294,0,0,1,WASTAGE
0.7,8.379,0,1,1,WASTAGE
0.712,8.511,0,1,1,WASTAGE
0.825,9.877,0,1,1,WASTAGE
0.043,0.37,1,0,0,LOW
0.883,10.602,1,1,1,NORMAL
0.919,10.981,0,1,1,WASTAGE
0.977,11.668,1,1,1,NORMAL
1.006,12.06,0,1,1,WASTAGE
0.0,0.051,0,0,0,NORMAL
0.701,8.433,0,1,0,WASTAGE
0.011,0.186,1,0,0,LOW
0.037,0.369,1,0,0,LOW
0.821,9.971,0,1,1,WASTAGE
0.663,7.975,0,1,1,WASTAGE
0.977,11.71,1,1,1,NORMAL
0.716,8.636,1,1,1,NORMAL
1.026,12.467,0,1,1,WASTAGE
0.927,11.159,1,1,1,NORMAL
0.584,6.921,1,1,0,NORMAL
0.884,10.657,0,1,1,WASTAGE
0.03,0.325,1,0,0,LOW
0.532,6.388,0,1,0,WASTAGE
0.774,9.264,0,1,1,WASTAGE
0.91,11.007,1,1,1,NORMAL
0.026,0.285,1,0,0,LOW
0.823,9.771,1,1,1,NORMAL
0.653,7.866,1,1,0,NORMAL
0.921,11.054,1,1,1,NORMAL
0.024,0.253,0,0,0,NORMAL
0.019,0.246,0,0,0,NORMAL
0.27,3.31,0,0,1,WASTAGE
0.795,9.609,1,1,1,NORMAL
1.038,12.39,0,1,1,WASTAGE
0.023,0.186,0,0,0,NORMAL
0.021,0.149,0,0,0,NORMAL
0.489,5.817,0,1,0,WASTAGE
0.018,0.149,0,0,0,NORMAL
0.029,0.33,0,0,0,NORMAL
0.017,0.259,0,0,0,NORMAL
0.788,9.383,1,1,1,NORMAL
0.585,7.085,1,1,0,NORMAL
0.255,3.133,0,0,1,WASTAGE
0.574,7.013,1,1,1,NORMAL
0.031,0.35,1,0,0,LOW
0.898,10.744,0,1,1,WASTAGE
0.681,8.196,1,1,0,NORMAL
0.969,11.681,0,1,1,WASTAGE
1.012,12.192,0,1,1,WASTAGE
0.51,6.106,0,1,0,WASTAGE
0.485,5.826,0,1,0,WASTAGE
0.984,11.788,0,1,1,WASTAGE
0.646,7.74,1,1,0,NORMAL
0.811,9.692,1,1,1,NORMAL
0.596,7.158,1,1,0,NORMAL
0.032,0.354,0,0,0,NORMAL
0.662,7.856,1,1,0,NORMAL
0.56,6.695,1,1,0,NORMAL
0.004,0.07,0,0,0,NORMAL
0.346,4.095,0,0,1,WASTAGE
0.777,9.438,0,1,1,WASTAGE
0.522,6.37,0,0,1,WASTAGE
0.926,11.156,1,1,1,NORMAL
0.592,7.079,0,1,1,WASTAGE
0.597,7.154,0,1,0,WASTAGE
0.013,0.089,1,0,0,LOW
0.738,8.865,0,1,0,WASTAGE
0.64,7.681,1,1,1,NORMAL
0.035,0.302,0,0,0,NORMAL
0.428,5.295,1,1,0,NORMAL
0.746,8.962,0,1,0,WASTAGE
0.385,4.573,0,0,1,WASTAGE
0.011,0.238,0,0,0,NORMAL
0.017,0.294,1,0,0,LOW
1.09,12.999,0,1,1,WASTAGE
0.462,5.621,0,0,1,WASTAGE
0.038,0.36,1,0,0,LOW
0.502,6.007,0,1,0,WASTAGE
0.422,4.973,0,0,1,WASTAGE
0.014,0.239,1,0,0,LOW
0.721,8.612,0,1,0,WASTAGE
0.433,5.282,1,1,0,NORMAL
0.253,3.026,0,0,1,WASTAGE
0.392,4.803,0,0,1,WASTAGE
0.027,0.311,0,0,0,NORMAL
0.405,4.909,0,1,0,WASTAGE
0.0,0.04,0,0,0,NORMAL
0.011,0.129,1,0,0,LOW
0.388,4.68,0,1,0,WASTAGE
0.03,0.403,0,0,0,NORMAL
0.717,8.598,0,1,0,WASTAGE
0.611,7.266,0,1,0,WASTAGE
0.556,6.781,1,1,0,NORMAL
0.017,0.225,1,0,0,LOW
0.4,4.987,0,1,0,WASTAGE
0.858,10.23,1,1,1,NORMAL
0.672,8.086,0,1,0,WASTAGE
0.823,9.799,1,1,1,NORMAL
0.687,8.186,1,1,1,NORMAL
0.021,0.232,1,0,0,LOW
0.466,5.534,0,0,1,WASTAGE
0.991,11.988,0,1,1,WASTAGE
0.468,5.666,1,1,0,NORMAL
0.011,0.165,0,0,0,NORMAL
0.01,0.093,1,0,0,LOW
0.706,8.379,1,1,0,NORMAL
0.017,0.202,1,0,0,LOW
0.72,8.647,1,1,1,NORMAL
0.487,5.95,0,1,0,WASTAGE
1.01,12.24,0,1,1,WASTAGE
0.717,8.604,1,1,1,NORMAL
0.462,5.603,1,1,0,NORMAL
0.432,5.215,0,1,0,WASTAGE
0.698,8.352,0,1,1,WASTAGE
0.032,0.408,0,0,0,NORMAL
1.077,12.834,0,1,1,WASTAGE
0.016,0.06,1,0,0,LOW
0.709,8.481,0,1,0,WASTAGE
0.01,0.162,1,0,0,LOW
0.698,8.295,0,1,1,WASTAGE
0.364,4.37,0,0,1,WASTAGE
0.256,3.14,0,0,1,WASTAGE
0.697,8.413,1,1,1,NORMAL
0.744,8.915,1,1,1,NORMAL
0.466,5.613,0,1,0,WASTAGE
0.65,7.828,1,1,0,NORMAL
0.762,9.095,0,1,1,WASTAGE
0.421,5.044,0,0,1,WASTAGE
0.74,8.921,0,1,1,WASTAGE
0.872,10.522,1,1,1,NORMAL
0.007,0.09,1,0,0,LOW
0.0,0.002,1,0,0,LOW
0.934,11.182,0,1,1,WASTAGE
0.418,5.0,1,1,0,NORMAL
0.76,9.101,0,1,1,WASTAGE
0.663,7.938,0,1,0,WASTAGE
0.024,0.244,1,0,0,LOW
0.581,7.095,0,1,0,WASTAGE
0.663,7.884,1,1,0,NORMAL
0.018,0.137,0,0,0,NORMAL
0.032,0.347,0,0,0,NORMAL
0.53,6.403,0,0,1,WASTAGE
0.006,0.158,1,0,0,LOW
0.287,3.416,0,0,1,WASTAGE
0.034,0.28,1,0,0,LOW
0.013,0.064,1,0,0,LOW
0.574,7.014,0,1,0,WASTAGE
0.562,6.764,0,0,1,WASTAGE
0.642,7.678,1,1,1,NORMAL
0.033,0.395,1,0,0,LOW
0.915,11.146,1,1,1,NORMAL
0.789,9.379,1,1,1,NORMAL
0.536,6.386,0,1,0,WASTAGE
1.038,12.41,0,1,1,WASTAGE
0.588,7.012,1,1,1,NORMAL
0.028,0.361,1,0,0,LOW
0.643,7.838,0,1,1,WASTAGE
0.529,6.421,0,1,0,WASTAGE
0.641,7.74,1,1,0,NORMAL
0.57,6.832,0,1,0,WASTAGE
0.03,0.338,1,0,0,LOW
0.65,7.73,0,1,0,WASTAGE
0.028,0.281,0,0,0,NORMAL
0.796,9.52,1,1,1,NORMAL
0.499,5.938,0,0,1,WASTAGE
0.458,5.547,0,0,1,WASTAGE
0.543,6.5,0,1,0,WASTAGE
0.026,0.237,0,0,0,NORMAL
0.434,5.247,1,1,0,NORMAL
0.626,7.517,1,1,0,NORMAL
0.576,6.99,0,1,0,WASTAGE
0.904,10.764,0,1,1,WASTAGE
0.864,10.269,1,1,1,NORMAL
0.418,5.074,1,1,0,NORMAL
0.024,0.222,1,0,0,LOW
0.854,10.269,1,1,1,NORMAL
0.6,7.251,0,1,0,WASTAGE
0.451,5.454,1,1,0,NORMAL
0.01,0.13,1,0,0,LOW
0.498,6.086,1,1,0,NORMAL
0.292,3.509,0,0,1,WASTAGE
0.642,7.631,1,1,1,NORMAL
0.328,3.897,0,0,1,WASTAGE
0.695,8.347,0,1,0,WASTAGE
0.587,7.091,0,1,1,WASTAGE
0.012,0.092,1,0,0,LOW
0.012,0.121,0,0,0,NORMAL
0.549,6.665,0,1,0,WASTAGE
0.027,0.343,0,0,0,NORMAL
0.867,10.459,1,1,1,NORMAL
0.012,0.142,0,0,0,NORMAL
0.038,0.453,0,0,0,NORMAL
0.504,6.091,1,1,0,NORMAL
0.029,0.309,1,0,0,LOW
0.024,0.349,0,0,0,NORMAL
0.514,6.216,0,1,0,WASTAGE
0.012,0.065,1,0,0,LOW
0.584,6.844,0,1,0,WASTAGE
0.041,0.492,0,0,0,NORMAL
0.596,7.11,0,1,0,WASTAGE
0.262,3.104,0,0,1,WASTAGE
0.642,7.708,1,1,1,NORMAL
0.442,5.193,1,1,0,NORMAL
0.577,6.946,0,1,0,WASTAGE
0.625,7.484,1,1,0,NORMAL
0.611,7.315,0,1,1,WASTAGE
0.497,5.967,0,1,0,WASTAGE
0.007,0.025,1,0,0,LOW
0.709,8.467,1,1,1,NORMAL
0.439,5.263,0,1,0,WASTAGE
0.691,8.301,1,1,1,NORMAL
0.709,8.486,0,1,1,WASTAGE
0.656,7.892,1,1,0,NORMAL
0.028,0.201,0,0,0,NORMAL
0.879,10.44,0,1,1,WASTAGE
0.005,0.064,0,0,0,NORMAL
0.589,7.14,1,1,0,NORMAL
0.844,10.071,1,1,1,NORMAL
0.515,6.234,1,1,0,NORMAL
0.487,5.817,0,1,0,WASTAGE
0.765,9.269,0,1,1,WASTAGE
0.569,6.796,0,1,0,WASTAGE
0.018,0.241,1,0,0,LOW
0.007,0.032,1,0,0,LOW
0.754,9.135,1,1,1,NORMAL
0.58,6.831,0,0,1,WASTAGE
0.752,9.004,0,1,1,WASTAGE
0.612,7.456,1,1,1,NORMAL
0.964,11.547,0,1,1,WASTAGE
0.361,4.34,0,0,1,WASTAGE
0.677,8.186,0,1,1,WASTAGE
0.45,5.369,1,1,0,NORMAL
0.503,6.11,0,1,0,WASTAGE
0.467,5.695,0,0,1,WASTAGE
0.997,11.995,0,1,1,WASTAGE
0.911,11.108,0,1,1,WASTAGE
0.647,7.728,1,1,0,NORMAL
0.683,8.118,0,1,1,WASTAGE
0.674,8.037,0,1,1,WASTAGE
0.009,0.174,1,0,0,LOW
0.673,8.117,0,1,0,WASTAGE
0.008,0.084,0,0,0,NORMAL
0.848,10.209,0,1,1,WASTAGE
0.025,0.182,0,0,0,NORMAL
0.41,4.927,0,0,1,WASTAGE
0.929,11.206,0,1,1,WASTAGE
0.028,0.12,1,0,0,LOW
0.854,10.279,1,1,1,NORMAL
0.021,0.278,0,0,0,NORMAL
0.026,0.329,0,0,0,NORMAL
1.083,12.953,0,1,1,WASTAGE
0.272,3.169,0,0,1,WASTAGE
0.491,5.815,0,1,0,WASTAGE
0.546,6.547,1,1,0,NORMAL
0.494,5.939,1,1,0,NORMAL
0.707,8.442,1,1,0,NORMAL
0.034,0.487,0,0,0,NORMAL
0.008,0.125,1,0,0,LOW
0.501,6.109,1,1,0,NORMAL
0.601,7.132,0,1,0,WASTAGE
0.006,0.049,1,0,0,LOW
0.357,4.308,0,0,1,WASTAGE
0.034,0.388,1,0,0,LOW
0.023,0.292,1,0,0,LOW
0.768,9.092,1,1,1,NORMAL
1.015,12.247,0,1,1,WASTAGE
0.784,9.481,1,1,1,NORMAL
0.799,9.584,1,1,1,NORMAL
0.574,6.931,1,1,0,NORMAL
0.606,7.358,1,1,1,NORMAL
0.681,8.132,1,1,1,NORMAL
0.567,6.781,0,0,1,WASTAGE
0.693,8.319,1,1,1,NORMAL
0.031,0.345,1,0,0,LOW
0.254,3.018,0,0,1,WASTAGE
0.734,8.798,0,1,0,WASTAGE
0.488,5.917,0,1,0,WASTAGE
0.034,0.409,0,0,0,NORMAL
0.038,0.45,0,0,0,NORMAL
0.826,9.893,0,1,1,WASTAGE
0.686,8.204,1,1,0,NORMAL
0.87,10.4,1,1,1,NORMAL
0.559,6.701,1,1,0,NORMAL
0.512,6.08,0,1,0,WASTAGE
0.023,0.278,1,0,0,LOW
0.676,8.135,1,1,1,NORMAL
0.483,5.799,1,1,0,NORMAL
0.011,0.084,0,0,0,NORMAL
0.438,5.316,1,1,0,NORMAL
0.545,6.506,0,0,1,WASTAGE
1.024,12.347,0,1,1,WASTAGE
0.021,0.358,1,0,0,LOW
0.54,6.46,0,1,0,WASTAGE
1.029,12.371,0,1,1,WASTAGE
0.021,0.226,0,0,0,NORMAL
0.587,7.022,0,1,1,WASTAGE
0.433,5.137,1,1,0,NORMAL
0.004,0.029,0,0,0,NORMAL
0.833,10.02,1,1,1,NORMAL
0.001,0.022,1,0,0,LOW
0.465,5.575,1,1,0,NORMAL
0.003,0.114,1,0,0,LOW
0.539,6.539,0,0,1,WASTAGE
0.037,0.361,0,0,0,NORMAL
0.704,8.343,0,1,0,WASTAGE
0.02,0.274,1,0,0,LOW
0.413,5.011,0,0,1,WASTAGE
0.015,0.208,0,0,0,NORMAL
0.689,8.244,0,1,0,WASTAGE
0.666,7.953,0,1,1,WASTAGE
0.991,11.941,0,1,1,WASTAGE
0.01,0.163,0,0,0,NORMAL
0.6,7.25,1,1,0,NORMAL
0.622,7.513,0,1,1,WASTAGE
0.329,3.938,0,0,1,WASTAGE
0.781,9.478,1,1,1,NORMAL
0.348,4.169,0,0,1,WASTAGE
0.784,9.494,0,1,1,WASTAGE
0.022,0.17,0,0,0,NORMAL
0.892,10.697,0,1,1,WASTAGE
0.035,0.459,0,0,0,NORMAL
0.636,7.655,1,1,1,NORMAL
0.639,7.555,0,1,0,WASTAGE
0.589,7.084,1,1,0,NORMAL
0.888,10.648,1,1,1,NORMAL
0.7,8.4,1,1,0,NORMAL
0.945,11.293,0,1,1,WASTAGE
0.798,9.574,0,1,1,WASTAGE
0.704,8.44,1,1,1,NORMAL
0.916,10.961,1,1,1,NORMAL
0.023,0.316,1,0,0,LOW
0.022,0.31,0,0,0,NORMAL
0.441,5.251,0,0,1,WASTAGE
0.001,0.018,1,0,0,LOW
0.907,10.747,1,1,1,NORMAL
0.675,8.055,1,1,0,NORMAL
0.028,0.226,1,0,0,LOW
0.384,4.555,0,1,0,WASTAGE
0.539,6.539,1,1,0,NORMAL
0.533,6.457,0,1,0,WASTAGE
0.729,8.849,0,1,0,WASTAGE
0.033,0.327,1,0,0,LOW
0.039,0.445,0,0,0,NORMAL
0.036,0.309,0,0,0,NORMAL
0.033,0.302,1,0,0,LOW
0.953,11.326,0,1,1,WASTAGE
0.041,0.42,0,0,0,NORMAL
0.29,3.477,0,0,1,WASTAGE
0.477,5.82,1,1,0,NORMAL
0.863,10.357,1,1,1,NORMAL
0.424,5.074,1,1,0,NORMAL
0.463,5.52,0,1,0,WASTAGE
1.01,12.067,0,1,1,WASTAGE
0.547,6.624,0,0,1,WASTAGE
0.535,6.461,1,1,0,NORMAL
0.909,10.977,0,1,1,WASTAGE
0.755,9.038,0,1,1,WASTAGE
1.073,12.831,0,1,1,WASTAGE
0.448,5.272,0,1,0,WASTAGE
0.0,0.0,0,0,0,NORMAL
0.409,4.925,0,1,0,WASTAGE
0.451,5.452,1,1,0,NORMAL
0.726,8.619,1,1,1,NORMAL
0.687,8.203,1,1,0,NORMAL
0.961,11.555,0,1,1,WASTAGE
0.26,3.232,0,0,1,WASTAGE
0.026,0.362,0,0,0,NORMAL
0.014,0.175,1,0,0,LOW
0.015,0.11,1,0,0,LOW
0.558,6.623,0,0,1,WASTAGE
0.32,3.952,0,0,1,WASTAGE
0.773,9.354,1,1,1,NORMAL
0.0,0.023,1,0,0,LOW
0.017,0.116,0,0,0,NORMAL
0.866,10.351,1,1,1,NORMAL
0.525,6.355,1,1,0,NORMAL
0.394,4.737,0,1,0,WASTAGE
0.364,4.334,0,0,1,WASTAGE
0.269,3.171,0,0,1,WASTAGE
0.609,7.369,1,1,0,NORMAL
0.449,5.375,1,1,0,NORMAL
0.841,10.092,0,1,1,WASTAGE
0.441,5.291,0,0,1,WASTAGE
0.587,7.139,0,1,1,WASTAGE
0.001,0.115,1,0,0,LOW
0.25,3.042,0,0,1,WASTAGE
0.002,0.01,1,0,0,LOW
0.02,0.273,0,0,0,NORMAL
0.625,7.44,1,1,0,NORMAL
0.626,7.461,0,1,1,WASTAGE
0.538,6.463,0,0,1,WASTAGE
0.024,0.392,1,0,0,LOW
0.019,0.3,1,0,0,LOW
0.514,6.08,0,1,0,WASTAGE
0.012,0.053,1,0,0,LOW
0.866,10.393,0,1,1,WASTAGE
0.656,7.936,0,1,0,WASTAGE
0.47,5.703,0,0,1,WASTAGE
0.895,10.784,1,1,1,NORMAL
0.686,8.097,1,1,1,NORMAL
0.001,0.088,1,0,0,LOW
0.664,7.982,0,1,0,WASTAGE
0.959,11.487,1,1,1,NORMAL
0.432,5.267,0,0,1,WASTAGE
0.027,0.32,1,0,0,LOW
0.426,5.117,1,1,0,NORMAL
0.502,5.991,0,0,1,WASTAGE
0.547,6.589,1,1,0,NORMAL
0.024,0.285,1,0,0,LOW
0.547,6.582,0,0,1,WASTAGE
0.468,5.557,0,0,1,WASTAGE
0.027,0.328,1,0,0,LOW
0.038,0.482,0,0,0,NORMAL
1.021,12.258,0,1,1,WASTAGE
0.002,0.147,1,0,0,LOW
0.974,11.644,0,1,1,WASTAGE
0.488,5.788,1,1,0,NORMAL
0.018,0.281,1,0,0,LOW
0.77,9.201,0,1,1,WASTAGE
0.487,5.818,1,1,0,NORMAL
0.032,0.434,0,0,0,NORMAL
1.06,12.757,0,1,1,WASTAGE
0.473,5.667,0,0,1,WASTAGE
0.457,5.584,0,0,1,WASTAGE
0.034,0.306,0,0,0,NORMAL
0.03,0.307,0,0,0,NORMAL
0.009,0.097,1,0,0,LOW
0.381,4.577,0,0,1,WASTAGE
0.661,7.886,0,1,1,WASTAGE
0.96,11.475,0,1,1,WASTAGE
0.614,7.445,1,1,1,NORMAL
0.855,10.309,0,1,1,WASTAGE
0.494,5.825,0,1,0,WASTAGE
0.807,9.708,1,1,1,NORMAL
0.69,8.381,0,1,0,WASTAGE
0.438,5.253,1,1,0,NORMAL
0.784,9.519,1,1,1,NORMAL
0.302,3.642,0,0,1,WASTAGE
0.597,7.15,0,1,1,WASTAGE
0.64,7.651,0,1,0,WASTAGE
0.027,0.314,1,0,0,LOW
0.413,4.902,0,1,0,WASTAGE
0.464,5.583,1,1,0,NORMAL
0.932,11.198,0,1,1,WASTAGE
0.035,0.411,0,0,0,NORMAL
0.661,7.827,1,1,1,NORMAL
0.023,0.297,1,0,0,LOW
0.559,6.731,1,1,0,NORMAL
0.978,11.77,0,1,1,WASTAGE
0.007,0.026,1,0,0,LOW
0.476,5.748,0,0,1,WASTAGE
0.472,5.637,0,1,0,WASTAGE
0.024,0.378,0,0,0,NORMAL
0.389,4.719,0,0,1,WASTAGE
0.023,0.21,1,0,0,LOW
0.429,5.245,0,1,0,WASTAGE
0.441,5.293,0,0,1,WASTAGE
0.77,9.175,0,1,1,WASTAGE
0.543,6.537,0,0,1,WASTAGE
0.653,7.82,1,1,1,NORMAL
0.015,0.184,1,0,0,LOW
0.864,10.344,1,1,1,NORMAL
0.918,10.924,0,1,1,WASTAGE
0.466,5.665,0,1,0,WASTAGE
0.635,7.736,1,1,0,NORMAL
0.482,5.736,0,1,0,WASTAGE
0.614,7.365,1,1,1,NORMAL
0.709,8.444,0,1,1,WASTAGE
0.833,9.972,1,1,1,NORMAL
0.042,0.425,0,0,0,NORMAL
0.363,4.423,0,0,1,WASTAGE
0.582,7.022,1,1,0,NORMAL
0.567,6.874,1,1,0,NORMAL
0.87,10.415,1,1,1,NORMAL
0.444,5.352,0,1,0,WASTAGE
0.494,6.062,1,1,0,NORMAL
0.344,4.03,0,0,1,WASTAGE
0.904,10.82,0,1,1,WASTAGE
0.019,0.251,0,0,0,NORMAL
0.021,0.289,1,0,0,LOW
0.282,3.385,0,0,1,WASTAGE
0.366,4.408,0,0,1,WASTAGE
0.028,0.315,1,0,0,LOW
0.034,0.399,0,0,0,NORMAL
0.458,5.465,0,1,0,WASTAGE
0.036,0.45,0,0,0,NORMAL
0.009,0.107,1,0,0,LOW
0.003,0.055,1,0,0,LOW
0.282,3.383,0,0,1,WASTAGE
0.431,5.204,0,0,1,WASTAGE
0.593,7.189,1,1,1,NORMAL
0.765,9.18,0,1,1,WASTAGE
0.813,9.764,0,1,1,WASTAGE
0.546,6.583,0,0,1,WASTAGE
0.03,0.43,0,0,0,NORMAL
0.023,0.198,1,0,0,LOW
0.378,4.56,0,0,1,WASTAGE
0.753,9.055,0,1,1,WASTAGE
0.601,7.306,0,1,0,WASTAGE
0.019,0.261,1,0,0,LOW
0.498,6.02,1,1,0,NORMAL
0.282,3.443,0,0,1,WASTAGE
0.861,10.321,0,1,1,WASTAGE
0.452,5.451,1,1,0,NORMAL
0.851,10.17,0,1,1,WASTAGE
0.514,6.197,1,1,0,NORMAL
0.018,0.262,1,0,0,LOW
0.55,6.452,0,1,0,WASTAGE
0.81,9.766,0,1,1,WASTAGE
0.564,6.732,0,0,1,WASTAGE
0.575,6.96,1,1,0,NORMAL
0.546,6.503,0,0,1,WASTAGE
0.022,0.319,0,0,0,NORMAL
0.659,7.982,1,1,0,NORMAL
0.56,6.694,1,1,0,NORMAL
0.706,8.466,0,1,1,WASTAGE
0.928,11.16,0,1,1,WASTAGE
0.529,6.418,1,1,0,NORMAL
0.53,6.343,0,0,1,WASTAGE
0.048,0.446,0,0,0,NORMAL
0.021,0.175,0,0,0,NORMAL
0.954,11.394,0,1,1,WASTAGE
0.002,0.079,1,0,0,LOW
0.553,6.604,1,1,0,NORMAL
0.926,11.059,1,1,1,NORMAL
0.0,0.026,0,0,0,NORMAL
0.342,4.116,0,0,1,WASTAGE
0.573,6.914,0,1,0,WASTAGE
0.019,0.13,1,0,0,LOW
0.537,6.424,0,0,1,WASTAGE
0.04,0.499,0,0,0,NORMAL
0.784,9.365,0,1,1,WASTAGE
0.44,5.329,0,1,0,WASTAGE
0.579,6.908,0,1,0,WASTAGE
0.493,5.965,0,1,0,WASTAGE
0.901,10.818,1,1,1,NORMAL
0.369,4.403,0,0,1,WASTAGE
0.016,0.188,1,0,0,LOW
0.027,0.258,1,0,0,LOW
0.267,3.143,0,0,1,WASTAGE
0.372,4.497,0,0,1,WASTAGE
0.025,0.39,1,0,0,LOW
0.412,4.957,0,0,1,WASTAGE
0.03,0.361,1,0,0,LOW
0.895,10.727,0,1,1,WASTAGE
0.442,5.303,1,1,0,NORMAL
0.633,7.682,1,1,1,NORMAL
0.431,5.242,1,1,0,NORMAL
0.0,0.007,0,0,0,NORMAL
0.609,7.332,0,1,1,WASTAGE
0.332,4.028,0,0,1,WASTAGE
0.435,5.163,0,1,0,WASTAGE
0.004,0.006,0,0,0,NORMAL
0.616,7.47,0,1,0,WASTAGE
0.468,5.598,0,0,1,WASTAGE
0.038,0.493,0,0,0,NORMAL
0.625,7.553,1,1,0,NORMAL
0.435,5.202,0,0,1,WASTAGE
0.026,0.377,1,0,0,LOW
0.002,0.037,0,0,0,NORMAL
0.015,0.154,1,0,0,LOW
0.387,4.74,0,1,0,WASTAGE
0.673,8.055,0,1,0,WASTAGE
0.651,7.786,1,1,0,NORMAL
0.034,0.364,0,0,0,NORMAL
0.448,5.276,0,1,0,WASTAGE
0.441,5.311,1,1,0,NORMAL
0.645,7.668,0,1,0,WASTAGE
0.976,11.79,1,1,1,NORMAL
0.003,0.116,1,0,0,LOW
0.89,10.514,1,1,1,NORMAL
0.533,6.312,1,1,0,NORMAL
0.459,5.564,0,0,1,WASTAGE
0.606,7.297,0,1,0,WASTAGE
0.358,4.252,0,0,1,WASTAGE
0.023,0.121,0,0,0,NORMAL
0.785,9.459,1,1,1,NORMAL
0.69,8.265,0,1,0,WASTAGE
0.023,0.243,1,0,0,LOW
0.57,6.933,0,0,1,WASTAGE
0.507,6.032,1,1,0,NORMAL
0.024,0.257,0,0,0,NORMAL
0.004,0.077,1,0,0,LOW
0.006,0.167,0,0,0,NORMAL
1.027,12.398,0,1,1,WASTAGE
0.395,4.728,0,0,1,WASTAGE
0.005,0.071,1,0,0,LOW
0.559,6.661,1,1,0,NORMAL
0.026,0.284,0,0,0,NORMAL
0.839,10.035,0,1,1,WASTAGE
0.0,0.035,0,0,0,NORMAL
0.515,6.242,0,1,0,WASTAGE
0.354,4.261,0,0,1,WASTAGE
0.82,9.906,0,1,1,WASTAGE
0.738,8.882,1,1,1,NORMAL
0.037,0.474,0,0,0,NORMAL
0.889,10.642,0,1,1,WASTAGE
0.626,7.473,1,1,1,NORMAL
0.394,4.723,0,1,0,WASTAGE
0.627,7.551,1,1,0,NORMAL
0.029,0.376,1,0,0,LOW
0.658,7.869,1,1,0,NORMAL
0.428,5.114,1,1,0,NORMAL
0.512,6.046,1,1,0,NORMAL
0.484,5.851,1,1,0,NORMAL
0.734,8.819,1,1,1,NORMAL
0.54,6.531,0,1,0,WASTAGE
0.027,0.335,1,0,0,LOW
0.607,7.284,1,1,1,NORMAL
0.51,6.083,1,1,0,NORMAL
0.006,0.16,0,0,0,NORMAL
0.005,0.033,0,0,0,NORMAL
0.024,0.334,0,0,0,NORMAL
0.3,3.69,0,0,1,WASTAGE
0.74,8.966,1,1,1,NORMAL
0.015,0.175,0,0,0,NORMAL
0.519,6.255,1,1,0,NORMAL
0.023,0.299,0,0,0,NORMAL
0.006,0.005,1,0,0,LOW
0.538,6.454,1,1,0,NORMAL
0.446,5.382,0,0,1,WASTAGE
0.634,7.652,1,1,1,NORMAL
0.659,7.893,1,1,0,NORMAL
0.716,8.67,0,1,0,WASTAGE
0.853,10.227,1,1,1,NORMAL
0.026,0.371,1,0,0,LOW
0.68,8.111,0,1,1,WASTAGE
0.021,0.143,0,0,0,NORMAL
0.508,6.114,0,0,1,WASTAGE
0.012,0.094,0,0,0,NORMAL
0.003,0.133,0,0,0,NORMAL
0.556,6.593,0,0,1,WASTAGE
0.754,9.15,0,1,1,WASTAGE
0.646,7.649,1,1,0,NORMAL
0.823,9.807,0,1,1,WASTAGE
0.004,0.071,1,0,0,LOW
0.019,0.168,0,0,0,NORMAL
0.763,9.159,1,1,1,NORMAL
0.683,8.161,1,1,0,NORMAL
0.671,7.961,0,1,0,WASTAGE
0.02,0.257,1,0,0,LOW
0.663,7.966,1,1,0,NORMAL
0.435,5.267,0,0,1,WASTAGE
0.417,4.997,0,1,0,WASTAGE
0.644,7.598,1,1,0,NORMAL
0.0,0.047,1,0,0,LOW
0.492,5.908,0,1,0,WASTAGE
0.036,0.382,1,0,0,LOW
0.514,6.227,1,1,0,NORMAL
0.474,5.753,0,1,0,WASTAGE
0.738,8.871,0,1,0,WASTAGE
0.683,8.195,0,1,0,WASTAGE
0.472,5.655,0,1,0,WASTAGE
0.532,6.318,0,1,0,WASTAGE
0.299,3.662,0,0,1,WASTAGE
0.025,0.316,0,0,0,NORMAL
0.576,6.925,1,1,0,NORMAL
0.307,3.508,0,0,1,WASTAGE
0.569,6.752,1,1,0,NORMAL
0.765,9.242,1,1,1,NORMAL
0.657,7.913,0,1,0,WASTAGE
0.68,8.256,1,1,0,NORMAL
0.839,10.15,1,1,1,NORMAL
0.336,4.054,0,0,1,WASTAGE
0.431,5.227,0,0,1,WASTAGE
0.672,8.134,1,1,0,NORMAL
0.617,7.399,1,1,1,NORMAL
0.613,7.456,1,1,1,NORMAL
0.042,0.366,0,0,0,NORMAL
0.656,7.915,0,1,0,WASTAGE
0.431,5.127,1,1,0,NORMAL
0.662,7.877,0,1,1,WASTAGE
0.019,0.252,1,0,0,LOW
0.87,10.516,0,1,1,WASTAGE
0.562,6.617,0,1,0,WASTAGE
0.0,0.018,1,0,0,LOW
0.867,10.361,1,1,1,NORMAL
0.402,4.791,0,1,0,WASTAGE
0.026,0.321,0,0,0,NORMAL
0.62,7.408,1,1,0,NORMAL
0.847,10.153,0,1,1,WASTAGE
0.643,7.673,0,1,0,WASTAGE
0.264,3.186,0,0,1,WASTAGE
0.469,5.677,1,1,0,NORMAL
0.023,0.374,0,0,0,NORMAL
0.731,8.677,0,1,0,WASTAGE
0.479,5.825,1,1,0,NORMAL
0.72,8.617,0,1,0,WASTAGE
0.01,0.233,0,0,0,NORMAL
1.042,12.498,0,1,1,WASTAGE
0.627,7.468,1,1,0,NORMAL
0.001,0.06,1,0,0,LOW
0.881,10.597,1,1,1,NORMAL
0.562,6.771,1,1,0,NORMAL
0.002,0.058,0,0,0,NORMAL
0.013,0.219,0,0,0,NORMAL
0.032,0.388,1,0,0,LOW
0.023,0.205,0,0,0,NORMAL
0.919,11.03,1,1,1,NORMAL
0.692,8.334,0,1,1,WASTAGE
0.421,5.048,0,1,0,WASTAGE
0.028,0.276,0,0,0,NORMAL
0.287,3.586,0,0,1,WASTAGE
0.882,10.52,1,1,1,NORMAL
0.013,0.11,1,0,0,LOW
0.01,0.016,0,0,0,NORMAL
0.478,5.776,1,1,0,NORMAL
0.638,7.661,1,1,0,NORMAL
0.024,0.283,0,0,0,NORMAL
0.007,0.116,1,0,0,LOW
0.032,0.323,1,0,0,LOW
0.495,5.886,1,1,0,NORMAL
0.928,11.146,0,1,1,WASTAGE
0.746,8.963,0,1,1,WASTAGE
0.389,4.599,0,0,1,WASTAGE
0.52,6.234,0,0,1,WASTAGE
0.005,0.088,1,0,0,LOW
0.586,7.052,1,1,0,NORMAL
0.022,0.283,1,0,0,LOW
0.943,11.234,1,1,1,NORMAL
0.437,5.197,1,1,0,NORMAL
0.526,6.262,0,0,1,WASTAGE
0.013,0.183,1,0,0,LOW
0.897,10.77,1,1,1,NORMAL
0.596,7.137,0,1,0,WASTAGE
0.402,4.86,0,1,0,WASTAGE
0.687,8.093,0,1,0,WASTAGE
0.969,11.507,0,1,1,WASTAGE
0.945,11.281,1,1,1,NORMAL
0.59,7.174,1,1,1,NORMAL
0.019,0.263,1,0,0,LOW
0.669,7.918,0,1,1,WASTAGE
0.595,7.149,0,1,0,WASTAGE
0.016,0.241,1,0,0,LOW
0.509,6.012,0,1,0,WASTAGE
0.56,6.766,1,1,0,NORMAL
0.882,10.644,1,1,1,NORMAL
0.598,7.091,0,1,0,WASTAGE
0.792,9.56,1,1,1,NORMAL
0.52,6.269,1,1,0,NORMAL
0.51,6.073,0,1,0,WASTAGE
0.653,7.783,1,1,0,NORMAL
0.474,5.716,0,0,1,WASTAGE
0.564,6.576,0,0,1,WASTAGE
0.014,0.136,0,0,0,NORMAL
0.456,5.54,0,1,0,WASTAGE
0.658,7.8,1,1,1,NORMAL
0.921,11.103,1,1,1,NORMAL
0.273,3.343,0,0,1,WASTAGE
0.007,0.109,1,0,0,LOW
0.554,6.636,0,0,1,WASTAGE
0.398,4.798,0,0,1,WASTAGE
0.481,5.738,1,1,0,NORMAL
0.812,9.722,0,1,1,WASTAGE
0.437,5.212,0,1,0,WASTAGE
0.818,9.841,0,1,1,WASTAGE
0.533,6.441,0,1,0,WASTAGE
0.004,0.166,1,0,0,LOW
0.008,0.124,1,0,0,LOW
0.574,7.018,1,1,0,NORMAL
0.871,10.471,0,1,1,WASTAGE
0.891,10.804,0,1,1,WASTAGE
0.624,7.486,0,1,1,WASTAGE
0.033,0.343,1,0,0,LOW
0.327,3.988,0,0,1,WASTAGE
0.678,8.159,1,1,1,NORMAL
0.475,5.675,0,1,0,WASTAGE
0.907,10.863,1,1,1,NORMAL
0.469,5.722,0,0,1,WASTAGE
0.946,11.342,0,1,1,WASTAGE
0.017,0.141,1,0,0,LOW
0.463,5.518,0,1,0,WASTAGE
0.378,4.551,0,1,0,WASTAGE
0.03,0.39,0,0,0,NORMAL
0.253,3.087,0,0,1,WASTAGE
0.554,6.577,0,0,1,WASTAGE
0.644,7.697,0,1,1,WASTAGE
0.011,0.221,1,0,0,LOW
0.623,7.47,0,1,1,WASTAGE
0.452,5.378,0,0,1,WASTAGE
0.016,0.186,0,0,0,NORMAL
0.499,5.948,0,1,0,WASTAGE
0.903,10.797,1,1,1,NORMAL
0.457,5.542,1,1,0,NORMAL
0.514,6.229,0,0,1,WASTAGE
0.377,4.592,0,1,0,WASTAGE
0.659,7.876,0,1,0,WASTAGE
0.008,0.085,1,0,0,LOW
0.025,0.256,0,0,0,NORMAL
0.85,10.124,1,1,1,NORMAL
0.398,4.751,0,0,1,WASTAGE
1.04,12.413,0,1,1,WASTAGE
0.595,7.196,1,1,1,NORMAL
0.432,5.224,1,1,0,NORMAL
0.85,10.27,1,1,1,NORMAL
0.796,9.539,0,1,1,WASTAGE
0.89,10.662,0,1,1,WASTAGE
0.324,3.879,0,0,1,WASTAGE
0.325,3.898,0,0,1,WASTAGE
0.294,3.527,0,0,1,WASTAGE
0.02,0.216,1,0,0,LOW
0.021,0.314,0,0,0,NORMAL
0.541,6.426,0,0,1,WASTAGE
0.727,8.72,0,1,0,WASTAGE
0.946,11.404,0,1,1,WASTAGE
0.777,9.342,1,1,1,NORMAL
0.783,9.409,1,1,1,NORMAL
0.02,0.24,0,0,0,NORMAL
0.599,7.248,0,1,0,WASTAGE
0.017,0.207,1,0,0,LOW
0.026,0.249,0,0,0,NORMAL
0.313,3.682,0,0,1,WASTAGE
0.668,7.978,0,1,0,WASTAGE
0.555,6.661,1,1,0,NORMAL
0.005,0.093,0,0,0,NORMAL
0.655,7.913,1,1,1,NORMAL
0.634,7.588,1,1,0,NORMAL
0.0,0.011,0,0,0,NORMAL
0.008,0.081,0,0,0,NORMAL
0.534,6.355,1,1,0,NORMAL
0.475,5.645,1,1,0,NORMAL
0.979,11.729,1,1,1,NORMAL
0.419,5.05,0,1,0,WASTAGE
0.004,0.15,0,0,0,NORMAL
0.579,6.957,0,1,0,WASTAGE
0.404,4.901,0,1,0,WASTAGE
0.001,0.028,1,0,0,LOW
0.602,7.219,1,1,1,NORMAL
0.52,6.309,0,1,0,WASTAGE
1.008,12.104,0,1,1,WASTAGE
0.84,10.088,1,1,1,NORMAL
0.722,8.656,1,1,1,NORMAL
0.009,0.1,1,0,0,LOW
0.678,8.23,1,1,1,NORMAL
0.404,4.868,0,0,1,WASTAGE
0.434,5.257,0,0,1,WASTAGE
0.836,10.005,1,1,1,NORMAL
0.614,7.421,1,1,1,NORMAL
0.037,0.384,1,0,0,LOW
0.006,0.028,1,0,0,LOW
0.782,9.367,0,1,1,WASTAGE
0.639,7.882,1,1,1,NORMAL
0.921,11.117,0,1,1,WASTAGE
0.0,0.009,0,0,0,NORMAL
0.797,9.586,1,1,1,NORMAL
0.008,0.081,1,0,0,LOW
0.602,7.244,0,1,0,WASTAGE
0.812,9.814,1,1,1,NORMAL
0.478,5.891,1,1,0,NORMAL
0.006,0.074,0,0,0,NORMAL
0.45,5.418,0,1,0,WASTAGE
0.574,6.919,1,1,0,NORMAL
0.74,8.89,0,1,0,WASTAGE
0.012,0.13,0,0,0,NORMAL
0.02,0.231,0,0,0,NORMAL
0.654,7.94,1,1,1,NORMAL
0.522,6.311,0,0,1,WASTAGE
0.035,0.411,0,0,0,NORMAL
0.655,7.937,1,1,0,NORMAL
0.698,8.367,1,1,0,NORMAL
0.029,0.294,1,0,0,LOW
0.037,0.419,0,0,0,NORMAL
0.71,8.537,0,1,0,WASTAGE
0.609,7.289,1,1,1,NORMAL
0.565,6.836,1,1,0,NORMAL
0.794,9.539,1,1,1,NORMAL
0.655,7.842,0,1,1,WASTAGE
0.0,0.043,1,0,0,LOW
0.678,8.155,0,1,1,WASTAGE
0.514,6.139,0,1,0,WASTAGE
0.032,0.475,0,0,0,NORMAL
0.662,7.885,1,1,0,NORMAL
0.547,6.542,1,1,0,NORMAL
0.94,11.272,1,1,1,NORMAL
0.628,7.596,1,1,0,NORMAL
0.023,0.273,1,0,0,LOW
0.583,7.041,1,1,0,NORMAL
0.53,6.36,1,1,0,NORMAL
0.002,0.055,1,0,0,LOW
0.001,0.151,0,0,0,NORMAL
0.578,6.807,0,1,0,WASTAGE
0.031,0.423,0,0,0,NORMAL
0.467,5.628,1,1,0,NORMAL
0.763,9.218,0,1,1,WASTAGE
0.339,4.09,0,0,1,WASTAGE
0.305,3.731,0,0,1,WASTAGE
0.023,0.294,1,0,0,LOW
0.915,11.048,1,1,1,NORMAL
0.962,11.517,1,1,1,NORMAL
0.645,7.621,1,1,0,NORMAL
0.276,3.338,0,0,1,WASTAGE
0.0,0.018,0,0,0,NORMAL
0.613,7.232,1,1,0,NORMAL
0.022,0.378,0,0,0,NORMAL
0.697,8.438,0,1,1,WASTAGE
0.677,8.056,1,1,1,NORMAL
0.03,0.403,0,0,0,NORMAL
0.492,5.918,1,1,0,NORMAL
0.025,0.174,1,0,0,LOW
0.005,0.028,0,0,0,NORMAL
0.772,9.286,0,1,1,WASTAGE
0.582,6.976,0,0,1,WASTAGE
0.428,5.04,0,1,0,WASTAGE
1.029,12.299,0,1,1,WASTAGE
0.97,11.685,0,1,1,WASTAGE
0.019,0.202,0,0,0,NORMAL
0.019,0.139,1,0,0,LOW
1.063,12.825,0,1,1,WASTAGE
0.884,10.667,1,1,1,NORMAL
0.012,0.055,1,0,0,LOW
0.654,7.937,1,1,0,NORMAL
0.022,0.34,0,0,0,NORMAL
0.019,0.147,0,0,0,NORMAL
0.748,8.994,0,1,0,WASTAGE
0.855,10.263,0,1,1,WASTAGE
0.038,0.429,0,0,0,NORMAL
0.839,10.013,0,1,1,WASTAGE
0.526,6.386,1,1,0,NORMAL
0.796,9.58,1,1,1,NORMAL
0.024,0.252,1,0,0,LOW
0.023,0.222,1,0,0,LOW
0.619,7.324,0,1,1,WASTAGE
0.485,5.757,0,1,0,WASTAGE
0.523,6.234,1,1,0,NORMAL
0.007,0.17,0,0,0,NORMAL
0.675,8.115,1,1,1,NORMAL
0.96,11.418,0,1,1,WASTAGE
0.444,5.245,1,1,0,NORMAL
0.482,5.738,0,1,0,WASTAGE
0.681,8.248,0,1,0,WASTAGE
0.72,8.685,0,1,1,WASTAGE
0.443,5.28,1,1,0,NORMAL
0.806,9.742,0,1,1,WASTAGE
0.719,8.587,0,1,0,WASTAGE
0.021,0.246,0,0,0,NORMAL
0.708,8.419,0,1,0,WASTAGE
0.755,8.967,0,1,1,WASTAGE
0.487,5.84,0,1,0,WASTAGE
0.669,8.049,1,1,1,NORMAL
0.016,0.175,1,0,0,LOW
0.691,8.191,1,1,0,NORMAL
0.458,5.475,1,1,0,NORMAL
0.443,5.274,0,0,1,WASTAGE
0.739,8.818,1,1,1,NORMAL
0.6,7.164,1,1,1,NORMAL
0.436,5.241,0,0,1,WASTAGE
0.026,0.379,0,0,0,NORMAL
0.97,11.614,0,1,1,WASTAGE
0.008,0.007,1,0,0,LOW
0.972,11.646,1,1,1,NORMAL
0.506,6.061,0,0,1,WASTAGE
0.832,9.809,0,1,1,WASTAGE
0.48,5.842,1,1,0,NORMAL
0.657,7.861,1,1,1,NORMAL
0.517,6.222,0,0,1,WASTAGE
0.025,0.276,1,0,0,LOW
0.607,7.347,1,1,0,NORMAL
0.012,0.128,1,0,0,LOW
0.03,0.314,0,0,0,NORMAL
0.918,11.086,1,1,1,NORMAL
0.263,3.173,0,0,1,WASTAGE
1.069,12.779,0,1,1,WASTAGE
0.723,8.682,1,1,1,NORMAL
0.709,8.402,1,1,1,NORMAL
0.746,8.941,1,1,1,NORMAL
0.442,5.154,0,1,0,WASTAGE
0.898,10.81,1,1,1,NORMAL
0.58,6.988,0,1,0,WASTAGE
0.03,0.47,0,0,0,NORMAL
0.005,0.002,1,0,0,LOW
0.03,0.287,0,0,0,NORMAL
0.022,0.326,1,0,0,LOW
0.573,6.889,1,1,0,NORMAL
0.616,7.26,1,1,1,NORMAL
0.0,0.06,0,0,0,NORMAL
0.629,7.57,1,1,0,NORMAL
0.266,3.182,0,0,1,WASTAGE
0.031,0.311,1,0,0,LOW
0.459,5.499,1,1,0,NORMAL
0.783,9.367,1,1,1,NORMAL
0.628,7.592,1,1,0,NORMAL
0.847,10.125,1,1,1,NORMAL
0.706,8.447,0,1,0,WASTAGE
0.751,9.003,0,1,1,WASTAGE
0.642,7.683,1,1,1,NORMAL
0.652,7.857,0,1,0,WASTAGE
0.641,7.724,1,1,1,NORMAL
0.707,8.463,1,1,0,NORMAL
0.906,10.961,0,1,1,WASTAGE
0.011,0.156,1,0,0,LOW
0.849,10.224,0,1,1,WASTAGE
0.014,0.115,0,0,0,NORMAL
0.576,6.977,0,1,0,WASTAGE
0.98,11.725,1,1,1,NORMAL
0.864,10.319,1,1,1,NORMAL
0.803,9.636,1,1,1,NORMAL
0.539,6.375,0,0,1,WASTAGE
0.01,0.155,1,0,0,LOW
0.252,3.005,0,0,1,WASTAGE
0.522,6.321,1,1,0,NORMAL
0.506,6.195,0,0,1,WASTAGE
0.802,9.664,0,1,1,WASTAGE
0.014,0.094,1,0,0,LOW
1.015,12.154,0,1,1,WASTAGE
0.012,0.109,1,0,0,LOW
0.845,10.111,0,1,1,WASTAGE
0.961,11.536,1,1,1,NORMAL
0.0,0.084,1,0,0,LOW
0.6,7.108,0,1,0,WASTAGE
0.644,7.639,1,1,1,NORMAL
0.005,0.037,0,0,0,NORMAL
0.517,6.156,0,0,1,WASTAGE
0.011,0.128,1,0,0,LOW
0.878,10.646,0,1,1,WASTAGE
0.031,0.336,0,0,0,NORMAL
0.661,7.952,1,1,1,NORMAL
0.567,6.749,0,0,1,WASTAGE
0.555,6.604,1,1,0,NORMAL
0.039,0.452,0,0,0,NORMAL
0.421,5.034,0,0,1,WASTAGE
0.794,9.515,1,1,1,NORMAL
0.777,9.406,1,1,1,NORMAL
0.592,7.207,1,1,0,NORMAL
0.351,4.14,0,0,1,WASTAGE
0.286,3.493,0,0,1,WASTAGE
0.42,5.1,0,1,0,WASTAGE
0.309,3.732,0,0,1,WASTAGE
0.566,6.817,0,0,1,WASTAGE
0.7,8.456,0,1,1,WASTAGE
0.019,0.387,1,0,0,LOW
0.823,9.817,0,1,1,WASTAGE
0.007,0.164,1,0,0,LOW
0.516,6.219,0,0,1,WASTAGE
0.954,11.475,1,1,1,NORMAL
0.021,0.234,0,0,0,NORMAL
0.431,5.192,0,1,0,WASTAGE
0.533,6.446,0,1,0,WASTAGE
0.626,7.522,1,1,1,NORMAL
0.802,9.581,1,1,1,NORMAL
0.539,6.442,1,1,0,NORMAL
0.007,0.103,1,0,0,LOW
0.011,0.114,1,0,0,LOW
0.882,10.628,1,1,1,NORMAL
0.971,11.611,1,1,1,NORMAL
0.023,0.291,0,0,0,NORMAL
0.353,4.158,0,0,1,WASTAGE
0.816,9.769,1,1,1,NORMAL
0.613,7.344,1,1,1,NORMAL
0.024,0.353,1,0,0,LOW
0.533,6.401,1,1,0,NORMAL
0.017,0.325,0,0,0,NORMAL
0.028,0.432,0,0,0,NORMAL
0.024,0.38,0,0,0,NORMAL
0.015,0.209,1,0,0,LOW
0.715,8.503,0,1,1,WASTAGE
0.67,7.979,0,1,0,WASTAGE
0.595,7.179,1,1,1,NORMAL
0.471,5.7,0,1,0,WASTAGE
0.644,7.786,0,1,1,WASTAGE
0.435,5.212,0,0,1,WASTAGE
0.592,7.089,1,1,0,NORMAL
0.675,8.059,0,1,1,WASTAGE
0.015,0.141,1,0,0,LOW
0.962,11.675,0,1,1,WASTAGE
0.695,8.341,1,1,0,NORMAL
0.936,11.086,1,1,1,NORMAL
0.547,6.56,1,1,0,NORMAL
0.013,0.045,1,0,0,LOW
0.339,4.12,0,0,1,WASTAGE
0.865,10.286,0,1,1,WASTAGE
0.512,6.173,0,1,0,WASTAGE
0.018,0.2,1,0,0,LOW
0.607,7.264,0,1,0,WASTAGE
0.03,0.36,1,0,0,LOW
0.0,0.081,1,0,0,LOW
0.309,3.644,0,0,1,WASTAGE
0.029,0.316,1,0,0,LOW
0.802,9.666,0,1,1,WASTAGE
0.51,6.006,1,1,0,NORMAL
0.472,5.602,0,1,0,WASTAGE
0.0,0.01,0,0,0,NORMAL
0.017,0.126,1,0,0,LOW
0.698,8.499,0,1,0,WASTAGE
1.008,12.059,0,1,1,WASTAGE
0.027,0.334,0,0,0,NORMAL
0.637,7.675,1,1,1,NORMAL
0.63,7.501,1,1,1,NORMAL
0.7,8.463,0,1,1,WASTAGE
1.069,12.831,0,1,1,WASTAGE
0.634,7.675,0,1,0,WASTAGE
0.457,5.474,0,1,0,WASTAGE
0.031,0.379,1,0,0,LOW
0.734,8.673,0,1,0,WASTAGE
0.455,5.433,1,1,0,NORMAL
0.646,7.863,1,1,0,NORMAL
0.031,0.353,1,0,0,LOW
0.023,0.271,0,0,0,NORMAL
0.357,4.326,0,0,1,WASTAGE
0.033,0.432,0,0,0,NORMAL
0.475,5.786,1,1,0,NORMAL
0.501,5.961,0,1,0,WASTAGE
0.026,0.215,1,0,0,LOW
0.846,10.134,0,1,1,WASTAGE
0.801,9.57,1,1,1,NORMAL
0.43,5.196,1,1,0,NORMAL
0.868,10.433,1,1,1,NORMAL
0.698,8.439,0,1,1,WASTAGE
0.005,0.059,1,0,0,LOW
0.007,0.086,1,0,0,LOW
0.702,8.42,0,1,1,WASTAGE
0.04,0.363,0,0,0,NORMAL
0.644,7.8,1,1,0,NORMAL
0.004,0.026,1,0,0,LOW
0.557,6.668,0,0,1,WASTAGE
0.653,7.864,1,1,1,NORMAL
0.009,0.103,1,0,0,LOW
0.681,8.243,1,1,0,NORMAL
0.016,0.243,1,0,0,LOW
0.84,10.03,1,1,1,NORMAL
0.534,6.447,1,1,0,NORMAL
0.024,0.287,1,0,0,LOW
0.384,4.766,0,0,1,WASTAGE
0.023,0.351,1,0,0,LOW
0.982,11.853,1,1,1,NORMAL
0.797,9.529,0,1,1,WASTAGE
0.527,6.307,1,1,0,NORMAL
0.917,10.96,1,1,1,NORMAL
0.519,6.337,0,0,1,WASTAGE
0.67,7.968,1,1,0,NORMAL
0.592,7.095,1,1,1,NORMAL
0.841,10.017,1,1,1,NORMAL
0.422,5.03,1,1,0,NORMAL
0.515,6.182,0,0,1,WASTAGE
0.612,7.163,1,1,0,NORMAL
0.743,8.854,0,1,0,WASTAGE
0.013,0.223,1,0,0,LOW
0.604,7.276,1,1,0,NORMAL
0.756,9.124,0,1,1,WASTAGE
0.662,8.003,1,1,0,NORMAL
0.403,4.908,0,1,0,WASTAGE
0.492,5.957,0,1,0,WASTAGE
0.633,7.604,1,1,0,NORMAL
0.433,5.167,0,1,0,WASTAGE
0.52,6.197,1,1,0,NORMAL
0.724,8.839,1,1,1,NORMAL
0.765,9.115,0,1,1,WASTAGE
0.865,10.385,1,1,1,NORMAL
0.03,0.286,1,0,0,LOW
0.893,10.712,1,1,1,NORMAL
0.305,3.584,0,0,1,WASTAGE
0.667,8.112,1,1,0,NORMAL
0.329,4.017,0,0,1,WASTAGE
0.876,10.513,1,1,1,NORMAL
0.019,0.155,0,0,0,NORMAL
0.856,10.213,0,1,1,WASTAGE
0.437,5.239,0,1,0,WASTAGE
0.626,7.52,1,1,0,NORMAL
0.633,7.485,1,1,1,NORMAL
0.734,8.798,1,1,1,NORMAL
0.0,0.021,1,0,0,LOW
0.0,0.02,1,0,0,LOW
0.472,5.733,0,1,0,WASTAGE
0.401,4.752,0,1,0,WASTAGE
0.442,5.359,0,1,0,WASTAGE
0.477,5.565,1,1,0,NORMAL
0.762,9.191,1,1,1,NORMAL
0.577,6.913,1,1,0,NORMAL
0.801,9.632,0,1,1,WASTAGE
0.029,0.371,1,0,0,LOW
0.9,10.749,1,1,1,NORMAL
0.035,0.442,0,0,0,NORMAL
0.698,8.314,0,1,0,WASTAGE
0.694,8.43,0,1,1,WASTAGE
0.287,3.55,0,0,1,WASTAGE
0.665,7.944,1,1,0,NORMAL
0.046,0.453,0,0,0,NORMAL
0.559,6.617,0,1,0,WASTAGE
0.457,5.435,0,1,0,WASTAGE
0.036,0.366,1,0,0,LOW
0.795,9.573,1,1,1,NORMAL
0.902,10.784,0,1,1,WASTAGE
0.908,10.849,0,1,1,WASTAGE
0.497,5.991,0,0,1,WASTAGE
0.474,5.681,0,0,1,WASTAGE
0.448,5.488,0,0,1,WASTAGE
0.968,11.572,0,1,1,WASTAGE
0.691,8.248,0,1,0,WASTAGE
0.3,3.607,0,0,1,WASTAGE
0.709,8.474,1,1,0,NORMAL
0.025,0.338,0,0,0,NORMAL
0.027,0.278,0,0,0,NORMAL
0.484,5.776,0,0,1,WASTAGE
0.008,0.031,1,0,0,LOW
0.951,11.313,0,1,1,WASTAGE
0.689,8.159,0,1,0,WASTAGE
0.029,0.206,0,0,0,NORMAL
0.013,0.149,1,0,0,LOW
0.508,6.05,0,1,0,WASTAGE
0.023,0.34,1,0,0,LOW
0.558,6.796,0,0,1,WASTAGE
0.492,5.928,1,1,0,NORMAL
0.666,8.084,0,1,1,WASTAGE
0.023,0.317,0,0,0,NORMAL
0.587,7.025,1,1,0,NORMAL
0.01,0.055,1,0,0,LOW
0.0,0.005,1,0,0,LOW
0.545,6.665,0,0,1,WASTAGE
0.023,0.297,1,0,0,LOW
0.988,11.913,1,1,1,NORMAL
0.608,7.245,0,1,0,WASTAGE
0.581,6.903,0,1,0,WASTAGE
0.005,0.019,0,0,0,NORMAL
0.34,4.062,0,0,1,WASTAGE
0.588,7.121,1,1,0,NORMAL
0.265,3.147,0,0,1,WASTAGE
0.943,11.305,1,1,1,NORMAL
0.838,10.058,1,1,1,NORMAL
0.9,10.838,0,1,1,WASTAGE
0.652,7.874,1,1,1,NORMAL
0.037,0.362,0,0,0,NORMAL
0.98,11.72,1,1,1,NORMAL
0.335,4.036,0,0,1,WASTAGE
0.028,0.285,0,0,0,NORMAL
0.586,7.021,0,1,0,WASTAGE
0.003,0.06,1,0,0,LOW
0.486,5.786,0,0,1,WASTAGE
0.008,0.058,1,0,0,LOW
0.025,0.329,1,0,0,LOW
0.534,6.331,0,0,1,WASTAGE
0.592,7.02,0,1,1,WASTAGE
0.283,3.408,0,0,1,WASTAGE
0.035,0.344,1,0,0,LOW
0.272,3.287,0,0,1,WASTAGE
0.012,0.197,1,0,0,LOW
0.791,9.432,1,1,1,NORMAL
0.703,8.411,1,1,0,NORMAL
0.548,6.666,0,1,0,WASTAGE
0.651,7.774,0,1,1,WASTAGE
0.384,4.636,0,1,0,WASTAGE
0.941,11.165,0,1,1,WASTAGE
0.56,6.738,1,1,0,NORMAL
0.306,3.74,0,0,1,WASTAGE
0.756,8.99,1,1,1,NORMAL
0.298,3.525,0,0,1,WASTAGE
0.019,0.197,1,0,0,LOW
0.457,5.461,1,1,0,NORMAL
0.531,6.439,1,1,0,NORMAL
0.661,7.941,0,1,0,WASTAGE
1.043,12.484,0,1,1,WASTAGE
0.89,10.775,0,1,1,WASTAGE
0.394,4.735,0,0,1,WASTAGE
0.47,5.681,0,1,0,WASTAGE
0.586,6.976,1,1,0,NORMAL
0.492,5.931,1,1,0,NORMAL
0.468,5.655,0,0,1,WASTAGE
0.653,7.812,1,1,1,NORMAL
0.427,5.193,0,1,0,WASTAGE
0.523,6.229,0,0,1,WASTAGE
0.705,8.439,0,1,1,WASTAGE
0.896,10.732,0,1,1,WASTAGE
0.445,5.353,1,1,0,NORMAL
0.432,5.176,1,1,0,NORMAL
0.015,0.141,0,0,0,NORMAL
0.631,7.628,0,1,1,WASTAGE
0.394,4.736,0,0,1,WASTAGE
0.88,10.655,0,1,1,WASTAGE
0.008,0.06,0,0,0,NORMAL
0.013,0.227,1,0,0,LOW
0.6,7.122,1,1,1,NORMAL
0.587,6.962,0,1,0,WASTAGE
0.56,6.761,0,1,0,WASTAGE
0.606,7.192,1,1,1,NORMAL
0.453,5.433,0,0,1,WASTAGE
1.075,12.778,0,1,1,WASTAGE
0.026,0.302,0,0,0,NORMAL
0.398,4.809,0,0,1,WASTAGE
0.253,3.112,0,0,1,WASTAGE
0.639,7.627,0,1,0,WASTAGE
0.6,7.2,1,1,0,NORMAL
0.71,8.479,1,1,1,NORMAL
0.525,6.346,1,1,0,NORMAL
0.951,11.439,1,1,1,NORMAL
0.477,5.88,0,1,0,WASTAGE
0.0,0.083,1,0,0,LOW
0.528,6.362,1,1,0,NORMAL
0.01,0.022,1,0,0,LOW
0.011,0.159,1,0,0,LOW
0.742,8.783,0,1,1,WASTAGE
0.803,9.669,1,1,1,NORMAL
0.96,11.474,1,1,1,NORMAL
0.67,7.922,1,1,1,NORMAL
0.019,0.236,0,0,0,NORMAL
0.698,8.446,1,1,0,NORMAL
0.486,5.765,1,1,0,NORMAL
0.727,8.718,0,1,1,WASTAGE
0.682,8.222,0,1,1,WASTAGE
0.796,9.543,0,1,1,WASTAGE
0.905,10.796,0,1,1,WASTAGE
0.671,8.038,0,1,0,WASTAGE
0.007,0.115,0,0,0,NORMAL
0.021,0.218,1,0,0,LOW
0.028,0.361,1,0,0,LOW
0.021,0.258,1,0,0,LOW
0.038,0.444,0,0,0,NORMAL
0.989,11.745,1,1,1,NORMAL
1.055,12.606,0,1,1,WASTAGE
1.009,12.14,0,1,1,WASTAGE
0.442,5.383,1,1,0,NORMAL
0.008,0.182,1,0,0,LOW
0.011,0.075,1,0,0,LOW
0.722,8.613,1,1,1,NORMAL
0.025,0.379,0,0,0,NORMAL
0.402,4.91,0,1,0,WASTAGE
0.024,0.387,0,0,0,NORMAL
0.605,7.272,0,1,1,WASTAGE
0.608,7.249,1,1,1,NORMAL
0.753,8.999,1,1,1,NORMAL
0.574,6.865,0,0,1,WASTAGE
0.675,8.048,1,1,1,NORMAL
0.379,4.586,0,0,1,WASTAGE
0.03,0.244,1,0,0,LOW
0.778,9.253,1,1,1,NORMAL
0.327,4.019,0,0,1,WASTAGE
0.026,0.24,1,0,0,LOW
0.69,8.241,1,1,0,NORMAL
0.673,8.057,0,1,0,WASTAGE
0.81,9.774,1,1,1,NORMAL
0.0,0.086,1,0,0,LOW
0.905,10.925,1,1,1,NORMAL
0.0,0.006,0,0,0,NORMAL
0.493,5.925,0,1,0,WASTAGE
0.427,5.057,0,0,1,WASTAGE
0.418,5.055,0,0,1,WASTAGE
0.031,0.305,0,0,0,NORMAL
0.511,6.221,0,0,1,WASTAGE
0.52,6.219,0,0,1,WASTAGE
0.027,0.311,1,0,0,LOW
0.89,10.717,1,1,1,NORMAL
0.515,6.181,1,1,0,NORMAL
0.502,6.063,1,1,0,NORMAL
0.809,9.822,1,1,1,NORMAL
0.517,6.259,0,0,1,WASTAGE
0.61,7.32,1,1,0,NORMAL
0.592,7.048,0,1,1,WASTAGE
0.008,0.135,1,0,0,LOW
0.039,0.371,1,0,0,LOW
0.731,8.629,1,1,1,NORMAL
0.03,0.343,1,0,0,LOW
0.538,6.447,0,1,0,WASTAGE
0.533,6.408,1,1,0,NORMAL
0.673,8.19,1,1,0,NORMAL
0.655,7.841,1,1,0,NORMAL
0.402,4.912,0,1,0,WASTAGE
0.018,0.251,1,0,0,LOW
0.667,8.034,1,1,1,NORMAL
0.66,7.887,1,1,1,NORMAL
0.465,5.587,0,0,1,WASTAGE
0.009,0.207,1,0,0,LOW
0.024,0.221,1,0,0,LOW
0.317,3.808,0,0,1,WASTAGE
1.022,12.309,0,1,1,WASTAGE
0.992,11.929,1,1,1,NORMAL
0.568,6.841,1,1,0,NORMAL
0.796,9.592,1,1,1,NORMAL
0.664,7.945,1,1,1,NORMAL
0.639,7.703,1,1,1,NORMAL
0.661,7.982,1,1,1,NORMAL
0.569,6.758,1,1,0,NORMAL
0.296,3.672,0,0,1,WASTAGE
0.776,9.35,0,1,1,WASTAGE
0.031,0.319,0,0,0,NORMAL
0.006,0.137,0,0,0,NORMAL
0.484,5.734,0,0,1,WASTAGE
0.947,11.455,1,1,1,NORMAL
0.011,0.136,1,0,0,LOW
0.621,7.475,0,1,0,WASTAGE
0.861,10.35,1,1,1,NORMAL
0.928,11.002,1,1,1,NORMAL
0.028,0.347,1,0,0,LOW
0.434,5.275,1,1,0,NORMAL
0.551,6.612,0,0,1,WASTAGE
0.766,9.155,0,1,1,WASTAGE
0.031,0.329,0,0,0,NORMAL
0.951,11.403,0,1,1,WASTAGE
0.335,4.06,0,0,1,WASTAGE
0.585,6.989,0,0,1,WASTAGE
0.756,9.091,1,1,1,NORMAL
0.53,6.264,1,1,0,NORMAL
0.758,9.034,0,1,1,WASTAGE
0.007,0.131,1,0,0,LOW
0.021,0.154,1,0,0,LOW
0.735,8.883,0,1,0,WASTAGE
0.022,0.219,1,0,0,LOW
0.602,7.115,1,1,0,NORMAL
0.502,5.938,0,1,0,WASTAGE
0.377,4.605,0,0,1,WASTAGE
0.52,6.208,1,1,0,NORMAL
0.553,6.613,1,1,0,NORMAL
0.765,9.243,1,1,1,NORMAL
0.737,8.814,0,1,1,WASTAGE
0.036,0.312,0,0,0,NORMAL
0.696,8.366,0,1,1,WASTAGE
0.359,4.281,0,0,1,WASTAGE
0.706,8.524,1,1,1,NORMAL
0.884,10.62,0,1,1,WASTAGE
0.028,0.38,0,0,0,NORMAL
0.601,7.276,0,1,0,WASTAGE
0.029,0.351,0,0,0,NORMAL
0.879,10.487,0,1,1,WASTAGE
0.466,5.582,0,0,1,WASTAGE
0.011,0.172,1,0,0,LOW
0.824,10.025,1,1,1,NORMAL
0.024,0.325,0,0,0,NORMAL
0.006,0.043,1,0,0,LOW
0.505,6.013,0,1,0,WASTAGE
0.391,4.667,0,0,1,WASTAGE
0.547,6.507,0,1,0,WASTAGE
0.659,8.021,0,1,1,WASTAGE
0.543,6.446,1,1,0,NORMAL
0.675,8.078,1,1,1,NORMAL
0.022,0.189,1,0,0,LOW
0.503,6.138,1,1,0,NORMAL
0.016,0.18,0,0,0,NORMAL
0.455,5.298,1,1,0,NORMAL
0.412,5.025,1,1,0,NORMAL
0.721,8.678,1,1,1,NORMAL
0.552,6.693,1,1,0,NORMAL
0.466,5.633,1,1,0,NORMAL
0.764,9.192,0,1,1,WASTAGE
0.941,11.329,1,1,1,NORMAL
0.008,0.05,1,0,0,LOW
0.955,11.475,1,1,1,NORMAL
0.583,7.016,1,1,1,NORMAL
0.44,5.317,0,1,0,WASTAGE
0.003,0.086,1,0,0,LOW
0.429,5.219,1,1,0,NORMAL
0.689,8.146,0,1,0,WASTAGE
0.039,0.463,0,0,0,NORMAL
0.621,7.475,1,1,0,NORMAL
0.741,8.88,0,1,1,WASTAGE
0.577,6.986,0,0,1,WASTAGE
0.721,8.615,1,1,1,NORMAL
0.659,7.943,0,1,0,WASTAGE
0.633,7.537,0,1,1,WASTAGE
0.01,0.218,1,0,0,LOW
0.59,7.114,0,1,0,WASTAGE
0.755,9.183,0,1,1,WASTAGE
0.507,6.073,0,0,1,WASTAGE
0.618,7.372,0,1,1,WASTAGE
0.029,0.346,0,0,0,NORMAL
1.091,12.987,0,1,1,WASTAGE
0.005,0.038,0,0,0,NORMAL
0.537,6.457,0,1,0,WASTAGE
0.026,0.299,0,0,0,NORMAL
0.49,5.885,1,1,0,NORMAL
0.646,7.677,0,1,1,WASTAGE
1.081,12.979,0,1,1,WASTAGE
0.617,7.378,0,1,0,WASTAGE
0.018,0.255,1,0,0,LOW
0.597,7.219,0,1,0,WASTAGE
0.474,5.841,1,1,0,NORMAL
0.828,9.807,0,1,1,WASTAGE
0.484,5.872,0,1,0,WASTAGE
0.445,5.337,0,1,0,WASTAGE
0.553,6.55,0,0,1,WASTAGE
0.742,8.856,0,1,1,WASTAGE
0.685,8.288,0,1,0,WASTAGE
0.466,5.648,1,1,0,NORMAL
0.706,8.446,0,1,0,WASTAGE
0.763,9.288,1,1,1,NORMAL
0.617,7.27,1,1,1,NORMAL
0.389,4.7,0,1,0,WASTAGE
0.007,0.112,0,0,0,NORMAL
0.828,10.048,1,1,1,NORMAL
0.02,0.14,1,0,0,LOW
0.417,5.003,0,1,0,WASTAGE
0.518,6.166,0,0,1,WASTAGE
0.009,0.059,0,0,0,NORMAL
0.718,8.567,1,1,1,NORMAL
0.94,11.231,1,1,1,NORMAL
0.866,10.45,1,1,1,NORMAL
0.461,5.614,0,0,1,WASTAGE
0.482,5.729,0,1,0,WASTAGE
0.546,6.484,0,0,1,WASTAGE
0.32,3.747,0,0,1,WASTAGE
0.907,10.907,1,1,1,NORMAL
0.028,0.273,1,0,0,LOW
0.755,8.955,1,1,1,NORMAL
0.552,6.547,0,1,0,WASTAGE
0.424,5.141,1,1,0,NORMAL
0.461,5.452,0,0,1,WASTAGE
0.037,0.385,0,0,0,NORMAL
0.476,5.761,1,1,0,NORMAL
0.595,7.105,1,1,1,NORMAL
0.57,6.754,0,0,1,WASTAGE
0.504,6.035,0,0,1,WASTAGE
0.645,7.765,1,1,0,NORMAL
0.003,0.026,1,0,0,LOW
0.522,6.271,1,1,0,NORMAL
0.017,0.271,0,0,0,NORMAL
0.597,7.225,1,1,0,NORMAL
0.031,0.319,0,0,0,NORMAL
0.44,5.287,0,0,1,WASTAGE
0.51,6.131,0,0,1,WASTAGE
0.521,6.245,0,1,0,WASTAGE
0.785,9.372,1,1,1,NORMAL
0.69,8.277,0,1,0,WASTAGE
0.023,0.259,1,0,0,LOW
0.004,0.017,1,0,0,LOW
0.496,5.895,0,1,0,WASTAGE
0.697,8.359,1,1,0,NORMAL
0.948,11.343,0,1,1,WASTAGE
0.026,0.27,1,0,0,LOW
0.026,0.397,1,0,0,LOW
0.0,0.024,1,0,0,LOW
0.026,0.354,0,0,0,NORMAL
0.947,11.289,0,1,1,WASTAGE
0.748,8.875,0,1,1,WASTAGE
0.595,7.126,1,1,0,NORMAL
0.271,3.159,0,0,1,WASTAGE
0.592,7.111,0,1,1,WASTAGE
0.01,0.127,0,0,0,NORMAL
0.011,0.085,1,0,0,LOW
0.864,10.253,1,1,1,NORMAL
0.467,5.58,0,0,1,WASTAGE
0.61,7.25,1,1,0,NORMAL
0.026,0.366,1,0,0,LOW
0.843,10.116,1,1,1,NORMAL
0.551,6.724,1,1,0,NORMAL
0.766,9.102,0,1,1,WASTAGE
0.286,3.435,0,0,1,WASTAGE
0.035,0.454,0,0,0,NORMAL
0.408,4.865,0,1,0,WASTAGE
0.713,8.571,0,1,1,WASTAGE
0.482,5.838,0,1,0,WASTAGE
0.288,3.419,0,0,1,WASTAGE
0.505,6.055,0,1,0,WASTAGE
0.779,9.356,1,1,1,NORMAL
0.5,5.958,0,1,0,WASTAGE
0.742,8.85,1,1,1,NORMAL
0.424,5.039,0,0,1,WASTAGE
0.722,8.689,1,1,1,NORMAL
0.047,0.475,0,0,0,NORMAL
0.016,0.214,1,0,0,LOW
0.559,6.72,0,0,1,WASTAGE
0.701,8.368,0,1,0,WASTAGE
0.262,3.07,0,0,1,WASTAGE
0.018,0.259,0,0,0,NORMAL
0.983,11.668,0,1,1,WASTAGE
0.022,0.26,1,0,0,LOW
0.84,10.011,0,1,1,WASTAGE
0.63,7.559,0,1,0,WASTAGE
0.72,8.754,0,1,1,WASTAGE
0.406,4.873,0,0,1,WASTAGE
0.008,0.078,0,0,0,NORMAL
0.038,0.436,0,0,0,NORMAL
0.297,3.493,0,0,1,WASTAGE
0.513,6.232,0,0,1,WASTAGE
0.804,9.553,0,1,1,WASTAGE
0.031,0.426,0,0,0,NORMAL
0.983,11.739,0,1,1,WASTAGE
0.703,8.414,1,1,0,NORMAL
0.438,5.298,1,1,0,NORMAL
0.024,0.269,1,0,0,LOW
0.715,8.497,0,1,1,WASTAGE
0.0,0.113,1,0,0,LOW
0.018,0.158,1,0,0,LOW
0.325,3.99,0,0,1,WASTAGE
0.031,0.368,1,0,0,LOW
0.899,10.914,0,1,1,WASTAGE
0.547,6.633,0,0,1,WASTAGE
0.432,5.181,0,0,1,WASTAGE
0.674,8.063,0,1,1,WASTAGE
0.009,0.083,1,0,0,LOW
0.752,9.064,1,1,1,NORMAL
0.019,0.21,1,0,0,LOW
0.486,5.814,0,0,1,WASTAGE
0.629,7.723,1,1,0,NORMAL
0.033,0.448,0,0,0,NORMAL
0.525,6.317,0,1,0,WASTAGE
0.017,0.169,1,0,0,LOW
0.01,0.158,1,0,0,LOW
0.834,10.029,1,1,1,NORMAL
0.692,8.283,1,1,0,NORMAL
0.605,7.276,1,1,0,NORMAL
0.033,0.375,1,0,0,LOW
0.823,9.896,0,1,1,WASTAGE
0.415,4.998,0,1,0,WASTAGE
0.711,8.555,1,1,1,NORMAL
0.45,5.489,0,1,0,WASTAGE
0.032,0.28,0,0,0,NORMAL
0.003,0.038,0,0,0,NORMAL
0.553,6.647,1,1,0,NORMAL
0.541,6.521,1,1,0,NORMAL
0.577,6.854,0,0,1,WASTAGE
0.604,7.266,0,1,1,WASTAGE
0.487,5.782,0,1,0,WASTAGE
0.505,6.121,1,1,0,NORMAL
0.007,0.111,1,0,0,LOW
0.393,4.709,0,0,1,WASTAGE
0.035,0.402,0,0,0,NORMAL
0.596,7.142,1,1,1,NORMAL
0.411,4.903,0,0,1,WASTAGE
0.644,7.728,1,1,1,NORMAL
0.701,8.384,1,1,0,NORMAL
0.758,9.063,0,1,1,WASTAGE
1.058,12.629,0,1,1,WASTAGE
0.573,6.903,0,1,0,WASTAGE
0.556,6.696,0,1,0,WASTAGE
0.015,0.174,0,0,0,NORMAL
0.565,6.82,0,1,0,WASTAGE
0.469,5.587,1,1,0,NORMAL
0.008,0.15,1,0,0,LOW
0.453,5.461,1,1,0,NORMAL
0.491,5.92,0,1,0,WASTAGE
0.462,5.466,1,1,0,NORMAL
0.024,0.296,1,0,0,LOW
0.806,9.586,1,1,1,NORMAL
0.0,0.013,0,0,0,NORMAL
0.819,9.83,0,1,1,WASTAGE
0.666,7.956,1,1,1,NORMAL
0.825,9.959,1,1,1,NORMAL
0.039,0.393,1,0,0,LOW
0.032,0.3,0,0,0,NORMAL
0.601,7.099,0,1,1,WASTAGE
0.018,0.251,0,0,0,NORMAL
0.529,6.267,0,1,0,WASTAGE
0.437,5.172,0,1,0,WASTAGE
0.884,10.54,1,1,1,NORMAL
0.69,8.25,1,1,1,NORMAL
0.622,7.455,1,1,1,NORMAL
0.431,5.058,0,0,1,WASTAGE
0.58,6.927,1,1,0,NORMAL
0.007,0.09,1,0,0,LOW
0.845,10.236,0,1,1,WASTAGE
0.035,0.314,0,0,0,NORMAL
0.636,7.629,0,1,1,WASTAGE
0.009,0.023,0,0,0,NORMAL
0.942,11.357,0,1,1,WASTAGE
0.553,6.689,1,1,0,NORMAL
0.713,8.59,0,1,0,WASTAGE
0.573,6.891,1,1,0,NORMAL
0.979,11.645,1,1,1,NORMAL
0.924,11.154,0,1,1,WASTAGE
0.828,9.983,0,1,1,WASTAGE
0.731,8.757,0,1,1,WASTAGE
0.549,6.407,1,1,0,NORMAL
0.7,8.4,1,1,0,NORMAL
0.761,9.075,1,1,1,NORMAL
0.0,0.013,0,0,0,NORMAL
0.544,6.491,0,1,0,WASTAGE
0.487,5.886,1,1,0,NORMAL
0.87,10.476,0,1,1,WASTAGE
0.859,10.376,1,1,1,NORMAL
0.642,7.752,1,1,1,NORMAL
0.029,0.287,1,0,0,LOW
0.429,5.131,1,1,0,NORMAL
0.705,8.373,1,1,0,NORMAL
0.755,9.029,0,1,1,WASTAGE
0.964,11.561,1,1,1,NORMAL
0.732,8.757,1,1,1,NORMAL
0.02,0.27,0,0,0,NORMAL
0.023,0.19,0,0,0,NORMAL
0.542,6.481,0,0,1,WASTAGE
0.603,7.24,1,1,1,NORMAL
0.283,3.377,0,0,1,WASTAGE
0.006,0.009,0,0,0,NORMAL
0.551,6.663,1,1,0,NORMAL
0.0,0.065,0,0,0,NORMAL
0.939,11.303,0,1,1,WASTAGE
0.724,8.581,0,1,1,WASTAGE
0.386,4.706,0,1,0,WASTAGE
0.531,6.344,1,1,0,NORMAL
0.809,9.671,1,1,1,NORMAL
0.723,8.638,1,1,1,NORMAL
0.386,4.569,0,1,0,WASTAGE
0.565,6.771,0,1,0,WASTAGE
0.02,0.29,1,0,0,LOW
0.591,7.094,1,1,1,NORMAL
0.996,11.904,0,1,1,WASTAGE
0.002,0.031,0,0,0,NORMAL
0.579,6.792,1,1,0,NORMAL
0.525,6.272,1,1,0,NORMAL
0.751,9.075,0,1,1,WASTAGE
0.032,0.393,0,0,0,NORMAL
0.79,9.472,0,1,1,WASTAGE
0.947,11.398,0,1,1,WASTAGE
0.66,7.899,1,1,0,NORMAL
0.033,0.359,1,0,0,LOW
0.281,3.39,0,0,1,WASTAGE
0.396,4.637,0,1,0,WASTAGE
0.833,9.931,1,1,1,NORMAL
0.519,6.205,0,0,1,WASTAGE
1.058,12.75,0,1,1,WASTAGE
0.676,8.129,1,1,0,NORMAL
0.292,3.511,0,0,1,WASTAGE
0.005,0.026,0,0,0,NORMAL
0.512,6.027,1,1,0,NORMAL
0.019,0.237,1,0,0,LOW
0.941,11.213,1,1,1,NORMAL
0.978,11.772,1,1,1,NORMAL
0.388,4.779,0,0,1,WASTAGE
0.025,0.259,0,0,0,NORMAL
0.482,5.726,1,1,0,NORMAL
0.691,8.343,1,1,1,NORMAL
0.601,7.185,0,1,1,WASTAGE
0.019,0.261,1,0,0,LOW
0.024,0.391,1,0,0,LOW
0.49,5.836,0,1,0,WASTAGE
0.016,0.274,1,0,0,LOW
0.592,7.09,1,1,1,NORMAL
0.753,9.134,0,1,1,WASTAGE
0.319,3.846,0,0,1,WASTAGE
0.453,5.427,0,1,0,WASTAGE
0.795,9.461,1,1,1,NORMAL
0.726,8.723,1,1,1,NORMAL
0.476,5.683,0,0,1,WASTAGE
0.043,0.387,1,0,0,LOW
0.013,0.181,1,0,0,LOW
0.561,6.778,0,1,0,WASTAGE
0.647,7.742,1,1,0,NORMAL
0.028,0.37,1,0,0,LOW
0.011,0.081,1,0,0,LOW
0.587,7.007,0,1,0,WASTAGE
0.69,8.317,1,1,1,NORMAL
0.617,7.538,1,1,0,NORMAL
0.364,4.49,0,0,1,WASTAGE
0.598,7.271,0,1,1,WASTAGE
1.049,12.648,0,1,1,WASTAGE
0.469,5.69,0,0,1,WASTAGE
0.654,7.829,0,1,0,WASTAGE
0.398,4.778,0,1,0,WASTAGE
0.651,7.85,0,1,1,WASTAGE
0.392,4.665,0,1,0,WASTAGE
0.015,0.202,1,0,0,LOW
0.624,7.48,0,1,0,WASTAGE
0.628,7.436,1,1,0,NORMAL
0.001,0.032,0,0,0,NORMAL
0.5,6.004,0,1,0,WASTAGE
0.643,7.692,0,1,0,WASTAGE
0.011,0.15,0,0,0,NORMAL
0.809,9.731,0,1,1,WASTAGE
0.67,8.017,0,1,0,WASTAGE
0.012,0.068,0,0,0,NORMAL
0.675,8.06,0,1,1,WASTAGE
1.02,12.245,0,1,1,WASTAGE
0.024,0.358,0,0,0,NORMAL
0.581,7.005,0,1,1,WASTAGE
0.948,11.368,1,1,1,NORMAL
0.92,10.949,1,1,1,NORMAL
1.062,12.838,0,1,1,WASTAGE
0.783,9.415,1,1,1,NORMAL
0.605,7.318,1,1,1,NORMAL
0.695,8.26,1,1,0,NORMAL
0.622,7.423,1,1,0,NORMAL
0.032,0.405,0,0,0,NORMAL
0.71,8.619,0,1,0,WASTAGE
0.029,0.361,0,0,0,NORMAL
0.909,10.893,1,1,1,NORMAL
0.562,6.645,0,0,1,WASTAGE
0.443,5.307,1,1,0,NORMAL
0.77,9.267,1,1,1,NORMAL
0.556,6.632,1,1,0,NORMAL
1.036,12.415,0,1,1,WASTAGE
0.685,8.124,1,1,0,NORMAL
0.034,0.467,0,0,0,NORMAL
0.394,4.601,0,0,1,WASTAGE
0.027,0.386,0,0,0,NORMAL
0.451,5.326,1,1,0,NORMAL
0.031,0.332,0,0,0,NORMAL
1.07,12.851,0,1,1,WASTAGE
0.684,8.267,1,1,0,NORMAL
0.008,0.135,1,0,0,LOW
0.024,0.366,1,0,0,LOW
0.459,5.555,0,1,0,WASTAGE
0.005,0.029,0,0,0,NORMAL
0.438,5.239,1,1,0,NORMAL
0.795,9.603,1,1,1,NORMAL
0.01,0.032,1,0,0,LOW
0.828,9.918,0,1,1,WASTAGE
1.038,12.539,0,1,1,WASTAGE
0.453,5.42,0,0,1,WASTAGE
0.406,4.764,0,1,0,WASTAGE
0.657,7.829,1,1,0,NORMAL
0.011,0.14,1,0,0,LOW
0.03,0.382,0,0,0,NORMAL
0.455,5.42,0,1,0,WASTAGE
0.483,5.754,0,0,1,WASTAGE
0.003,0.035,0,0,0,NORMAL
0.616,7.42,0,1,1,WASTAGE
0.521,6.303,1,1,0,NORMAL
0.638,7.675,0,1,1,WASTAGE
0.026,0.347,0,0,0,NORMAL
0.0,0.017,1,0,0,LOW
0.008,0.091,0,0,0,NORMAL
0.01,0.042,0,0,0,NORMAL
0.0,0.064,0,0,0,NORMAL
0.708,8.485,1,1,0,NORMAL
0.664,7.925,0,1,0,WASTAGE
0.004,0.075,0,0,0,NORMAL
0.629,7.494,0,1,1,WASTAGE
0.859,10.334,0,1,1,WASTAGE
0.585,7.097,0,1,0,WASTAGE
0.615,7.335,1,1,1,NORMAL
0.007,0.154,0,0,0,NORMAL
0.033,0.344,1,0,0,LOW
0.585,7.014,0,1,0,WASTAGE
0.364,4.446,0,0,1,WASTAGE
0.037,0.439,0,0,0,NORMAL
0.501,5.977,1,1,0,NORMAL
0.741,8.874,0,1,0,WASTAGE
0.873,10.433,0,1,1,WASTAGE
0.017,0.209,1,0,0,LOW
0.689,8.322,1,1,0,NORMAL
0.529,6.371,1,1,0,NORMAL
0.544,6.468,1,1,0,NORMAL
0.707,8.511,1,1,1,NORMAL
0.937,11.328,1,1,1,NORMAL
0.747,8.932,1,1,1,NORMAL
0.03,0.254,1,0,0,LOW
1.034,12.383,0,1,1,WASTAGE
0.833,9.929,1,1,1,NORMAL
0.038,0.399,1,0,0,LOW
0.854,10.218,0,1,1,WASTAGE
0.005,0.048,1,0,0,LOW
0.248,3.054,0,0,1,WASTAGE
0.837,10.157,0,1,1,WASTAGE
0.732,8.839,1,1,1,NORMAL
0.653,7.813,1,1,1,NORMAL
0.031,0.312,0,0,0,NORMAL
0.702,8.384,1,1,0,NORMAL
0.917,10.961,0,1,1,WASTAGE
0.422,4.942,0,0,1,WASTAGE
0.0,0.156,0,0,0,NORMAL
0.718,8.616,0,1,1,WASTAGE
0.536,6.379,0,0,1,WASTAGE
0.618,7.599,1,1,1,NORMAL
0.563,6.71,0,0,1,WASTAGE
0.001,0.045,0,0,0,NORMAL
0.013,0.183,1,0,0,LOW
0.643,7.745,0,1,1,WASTAGE
0.559,6.762,1,1,0,NORMAL
0.531,6.32,1,1,0,NORMAL
0.779,9.347,0,1,1,WASTAGE
0.848,10.187,1,1,1,NORMAL
0.024,0.305,1,0,0,LOW
0.988,11.831,1,1,1,NORMAL
0.011,0.079,0,0,0,NORMAL
0.385,4.734,0,0,1,WASTAGE
1.032,12.372,0,1,1,WASTAGE
0.575,6.957,1,1,0,NORMAL
0.03,0.284,1,0,0,LOW
0.746,8.87,1,1,1,NORMAL
0.021,0.223,0,0,0,NORMAL
0.41,4.941,0,0,1,WASTAGE
0.723,8.663,1,1,1,NORMAL
0.463,5.472,0,0,1,WASTAGE
0.025,0.248,0,0,0,NORMAL
0.589,6.864,0,1,0,WASTAGE
0.299,3.483,0,0,1,WASTAGE
0.746,8.975,1,1,1,NORMAL
0.01,0.205,0,0,0,NORMAL
0.959,11.448,1,1,1,NORMAL
0.03,0.362,0,0,0,NORMAL
0.022,0.314,1,0,0,LOW
0.998,11.99,0,1,1,WASTAGE
0.01,0.11,0,0,0,NORMAL
0.026,0.294,1,0,0,LOW
0.753,8.992,0,1,0,WASTAGE
0.026,0.269,1,0,0,LOW
0.029,0.357,0,0,0,NORMAL
0.651,7.795,0,1,1,WASTAGE
0.607,7.332,1,1,1,NORMAL
0.039,0.435,0,0,0,NORMAL
0.916,10.941,1,1,1,NORMAL
0.711,8.543,1,1,1,NORMAL
0.003,0.057,0,0,0,NORMAL
0.42,5.045,0,1,0,WASTAGE
0.434,5.143,0,0,1,WASTAGE
0.956,11.367,0,1,1,WASTAGE
0.465,5.547,1,1,0,NORMAL
0.67,8.109,1,1,0,NORMAL
0.918,10.949,0,1,1,WASTAGE
0.525,6.215,0,0,1,WASTAGE
0.969,11.629,1,1,1,NORMAL
0.902,10.846,1,1,1,NORMAL
0.661,7.859,0,1,0,WASTAGE
0.02,0.226,1,0,0,LOW
0.034,0.358,1,0,0,LOW
0.771,9.312,0,1,1,WASTAGE
0.527,6.455,1,1,0,NORMAL
0.035,0.478,0,0,0,NORMAL
0.647,7.729,0,1,1,WASTAGE
0.875,10.591,0,1,1,WASTAGE
0.83,9.963,1,1,1,NORMAL
0.539,6.457,1,1,0,NORMAL
0.934,11.212,1,1,1,NORMAL
0.75,8.952,0,1,0,WASTAGE
0.016,0.221,1,0,0,LOW
0.399,4.867,0,0,1,WASTAGE
1.092,12.996,0,1,1,WASTAGE
0.0,0.0,0,0,0,NORMAL
0.671,8.006,1,1,0,NORMAL
0.562,6.684,0,0,1,WASTAGE
0.81,9.714,1,1,1,NORMAL
0.664,7.997,0,1,0,WASTAGE
0.446,5.282,1,1,0,NORMAL
0.764,9.198,0,1,1,WASTAGE
0.436,5.143,0,1,0,WASTAGE
0.524,6.286,1,1,0,NORMAL
0.027,0.346,0,0,0,NORMAL
0.581,7.002,1,1,0,NORMAL
0.377,4.476,0,0,1,WASTAGE
0.341,4.136,0,0,1,WASTAGE
0.33,4.031,0,0,1,WASTAGE
0.005,0.033,0,0,0,NORMAL
0.5,6.093,1,1,0,NORMAL
0.662,7.934,1,1,1,NORMAL
0.531,6.383,0,1,0,WASTAGE
0.47,5.649,0,0,1,WASTAGE
0.916,11.097,1,1,1,NORMAL
0.411,5.058,0,1,0,WASTAGE
0.588,7.101,1,1,0,NORMAL
0.005,0.005,0,0,0,NORMAL
0.032,0.386,1,0,0,LOW
0.451,5.466,1,1,0,NORMAL
0.952,11.355,1,1,1,NORMAL
0.906,10.792,1,1,1,NORMAL
0.567,6.817,0,1,0,WASTAGE
0.588,7.146,1,1,1,NORMAL
0.484,5.735,1,1,0,NORMAL
0.739,8.835,1,1,1,NORMAL
0.03,0.339,1,0,0,LOW
0.977,11.697,0,1,1,WASTAGE
0.613,7.475,1,1,1,NORMAL
0.63,7.511,1,1,0,NORMAL
0.017,0.196,1,0,0,LOW
0.589,7.131,0,1,1,WASTAGE
0.012,0.193,0,0,0,NORMAL
0.616,7.393,0,1,0,WASTAGE
0.913,11.011,0,1,1,WASTAGE
0.606,7.245,1,1,0,NORMAL
0.477,5.729,0,0,1,WASTAGE
0.709,8.513,0,1,1,WASTAGE
0.736,8.973,0,1,1,WASTAGE
0.679,8.158,0,1,1,WASTAGE
0.485,5.786,0,0,1,WASTAGE
0.583,7.12,1,1,1,NORMAL
0.011,0.097,1,0,0,LOW
0.804,9.744,1,1,1,NORMAL
0.394,4.668,0,1,0,WASTAGE
0.019,0.237,0,0,0,NORMAL
0.551,6.587,0,1,0,WASTAGE
0.446,5.434,0,0,1,WASTAGE
0.043,0.371,1,0,0,LOW
0.262,3.143,0,0,1,WASTAGE
0.606,7.323,1,1,0,NORMAL
0.45,5.299,1,1,0,NORMAL
0.032,0.349,1,0,0,LOW
0.034,0.289,1,0,0,LOW
0.758,9.147,1,1,1,NORMAL
0.857,10.382,0,1,1,WASTAGE
0.524,6.312,0,1,0,WASTAGE
0.559,6.737,0,0,1,WASTAGE
0.03,0.382,1,0,0,LOW
0.607,7.282,1,1,1,NORMAL
0.012,0.046,1,0,0,LOW
0.016,0.173,0,0,0,NORMAL
0.001,0.131,1,0,0,LOW
0.585,6.998,1,1,0,NORMAL
0.773,9.282,1,1,1,NORMAL
0.574,6.863,0,1,0,WASTAGE
0.556,6.716,1,1,0,NORMAL
1.072,12.938,0,1,1,WASTAGE
0.921,11.128,0,1,1,WASTAGE
0.003,0.082,1,0,0,LOW
0.494,5.846,0,1,0,WASTAGE
0.916,10.927,0,1,1,WASTAGE
0.359,4.227,0,0,1,WASTAGE
0.75,9.05,1,1,1,NORMAL
0.004,0.027,1,0,0,LOW
0.688,8.246,1,1,1,NORMAL
0.023,0.218,0,0,0,NORMAL
0.383,4.627,0,1,0,WASTAGE
0.442,5.339,1,1,0,NORMAL
0.698,8.311,1,1,0,NORMAL
0.589,7.014,1,1,0,NORMAL
0.518,6.193,1,1,0,NORMAL
0.016,0.187,0,0,0,NORMAL
0.827,9.891,0,1,1,WASTAGE
0.667,8.071,1,1,1,NORMAL
0.439,5.264,0,1,0,WASTAGE
0.715,8.694,0,1,0,WASTAGE
0.887,10.602,1,1,1,NORMAL
0.015,0.115,1,0,0,LOW
0.516,6.246,1,1,0,NORMAL
0.604,7.246,1,1,1,NORMAL
0.015,0.178,0,0,0,NORMAL
0.009,0.064,1,0,0,LOW
0.018,0.322,1,0,0,LOW
0.763,9.229,0,1,1,WASTAGE
0.762,9.208,0,1,1,WASTAGE
0.645,7.682,1,1,0,NORMAL
0.514,6.21,1,1,0,NORMAL
0.545,6.525,0,0,1,WASTAGE
0.942,11.194,0,1,1,WASTAGE
1.086,12.983,0,1,1,WASTAGE
0.573,6.746,1,1,0,NORMAL
0.0,0.022,1,0,0,LOW
0.028,0.317,0,0,0,NORMAL
0.007,0.138,1,0,0,LOW
1.046,12.717,0,1,1,WASTAGE
0.745,9.053,0,1,1,WASTAGE
0.532,6.404,0,0,1,WASTAGE
0.662,7.995,0,1,1,WASTAGE
0.569,6.865,0,1,0,WASTAGE
0.001,0.042,1,0,0,LOW
0.015,0.241,1,0,0,LOW
0.515,6.236,0,0,1,WASTAGE
0.765,9.132,1,1,1,NORMAL
0.023,0.324,1,0,0,LOW
0.738,8.935,0,1,0,WASTAGE
0.016,0.188,0,0,0,NORMAL
0.442,5.308,0,1,0,WASTAGE
0.515,6.097,0,0,1,WASTAGE
0.449,5.303,0,1,0,WASTAGE
1.069,12.793,0,1,1,WASTAGE
0.689,8.271,1,1,1,NORMAL
0.885,10.659,0,1,1,WASTAGE
0.264,3.242,0,0,1,WASTAGE
0.36,4.303,0,0,1,WASTAGE
0.82,9.738,1,1,1,NORMAL
0.386,4.617,0,1,0,WASTAGE
0.912,11.051,1,1,1,NORMAL
0.0,0.071,1,0,0,LOW
0.807,9.722,0,1,1,WASTAGE
0.035,0.433,0,0,0,NORMAL
0.035,0.388,1,0,0,LOW
0.015,0.175,1,0,0,LOW
0.639,7.555,0,1,0,WASTAGE
0.693,8.431,0,1,0,WASTAGE
0.637,7.588,1,1,1,NORMAL
0.03,0.36,0,0,0,NORMAL
0.728,8.678,1,1,1,NORMAL
0.018,0.265,1,0,0,LOW
0.588,7.0,1,1,1,NORMAL
0.833,10.043,1,1,1,NORMAL
0.024,0.292,1,0,0,LOW
0.469,5.545,1,1,0,NORMAL
0.009,0.144,0,0,0,NORMAL
0.532,6.472,0,1,0,WASTAGE
0.882,10.649,0,1,1,WASTAGE
0.288,3.333,0,0,1,WASTAGE
0.369,4.508,0,1,0,WASTAGE
0.037,0.393,1,0,0,LOW
0.731,8.799,0,1,0,WASTAGE
0.58,7.035,1,1,1,NORMAL
0.036,0.319,0,0,0,NORMAL
0.868,10.428,1,1,1,NORMAL
0.006,0.009,1,0,0,LOW
0.646,7.819,1,1,0,NORMAL
0.001,0.022,0,0,0,NORMAL
0.674,8.072,0,1,1,WASTAGE
0.032,0.383,1,0,0,LOW
0.412,4.9,0,1,0,WASTAGE
0.511,6.117,0,1,0,WASTAGE
1.054,12.689,0,1,1,WASTAGE
0.685,8.165,1,1,0,NORMAL
0.012,0.195,1,0,0,LOW
0.423,5.173,1,1,0,NORMAL
0.475,5.782,0,1,0,WASTAGE
0.26,3.133,0,0,1,WASTAGE
0.029,0.398,1,0,0,LOW
0.666,7.978,0,1,1,WASTAGE
0.572,6.832,1,1,0,NORMAL
1.034,12.453,0,1,1,WASTAGE
0.858,10.311,0,1,1,WASTAGE
0.957,11.532,0,1,1,WASTAGE
0.732,8.678,0,1,0,WASTAGE
0.542,6.563,0,0,1,WASTAGE
0.411,4.998,0,1,0,WASTAGE
0.021,0.204,1,0,0,LOW
0.513,6.166,0,1,0,WASTAGE
0.01,0.038,0,0,0,NORMAL
0.0,0.056,0,0,0,NORMAL
0.965,11.545,0,1,1,WASTAGE
0.035,0.39,0,0,0,NORMAL
0.69,8.241,0,1,1,WASTAGE
0.97,11.696,0,1,1,WASTAGE
0.499,6.025,0,1,0,WASTAGE
0.356,4.423,0,0,1,WASTAGE
0.563,6.849,0,1,0,WASTAGE
0.503,6.008,0,1,0,WASTAGE
0.008,0.167,1,0,0,LOW
0.011,0.139,1,0,0,LOW
0.009,0.123,0,0,0,NORMAL
0.663,7.932,0,1,0,WASTAGE
0.91,10.898,0,1,1,WASTAGE
0.93,11.172,0,1,1,WASTAGE
0.636,7.621,0,1,0,WASTAGE
0.651,7.791,1,1,0,NORMAL
0.513,6.229,1,1,0,NORMAL
0.562,6.781,1,1,0,NORMAL
0.704,8.506,1,1,1,NORMAL
1.058,12.721,0,1,1,WASTAGE
0.954,11.43,1,1,1,NORMAL
0.02,0.295,1,0,0,LOW
0.391,4.657,0,1,0,WASTAGE
0.61,7.378,0,1,1,WASTAGE
0.783,9.302,1,1,1,NORMAL
0.007,0.012,0,0,0,NORMAL
0.997,11.93,1,1,1,NORMAL
0.677,8.13,0,1,1,WASTAGE
0.562,6.756,0,0,1,WASTAGE
0.586,7.019,1,1,0,NORMAL
0.667,7.928,1,1,1,NORMAL
0.676,8.134,1,1,1,NORMAL
0.627,7.541,1,1,0,NORMAL
0.446,5.37,0,0,1,WASTAGE
0.753,9.148,1,1,1,NORMAL
0.036,0.483,0,0,0,NORMAL
1.04,12.528,0,1,1,WASTAGE
0.018,0.125,1,0,0,LOW
0.507,6.1,0,1,0,WASTAGE
0.416,5.056,1,1,0,NORMAL
0.509,6.108,1,1,0,NORMAL
0.019,0.18,0,0,0,NORMAL
0.545,6.47,1,1,0,NORMAL
0.014,0.21,0,0,0,NORMAL
0.547,6.506,0,1,0,WASTAGE
0.654,7.84,1,1,0,NORMAL
0.014,0.184,0,0,0,NORMAL
0.352,4.304,0,0,1,WASTAGE
0.625,7.567,0,1,0,WASTAGE
0.006,0.104,0,0,0,NORMAL
0.488,5.841,0,0,1,WASTAGE
0.441,5.304,1,1,0,NORMAL
0.032,0.396,0,0,0,NORMAL
0.628,7.615,1,1,0,NORMAL
0.021,0.238,1,0,0,LOW
0.755,9.033,1,1,1,NORMAL
0.791,9.458,1,1,1,NORMAL
0.64,7.672,0,1,0,WASTAGE
0.79,9.355,0,1,1,WASTAGE
0.453,5.538,1,1,0,NORMAL
0.343,4.093,0,0,1,WASTAGE
0.545,6.547,0,0,1,WASTAGE
0.004,0.112,0,0,0,NORMAL
0.034,0.389,1,0,0,LOW
0.474,5.705,0,1,0,WASTAGE
0.531,6.419,1,1,0,NORMAL
0.678,8.143,0,1,0,WASTAGE
0.588,7.16,1,1,0,NORMAL
0.689,8.307,0,1,1,WASTAGE
0.275,3.294,0,0,1,WASTAGE
0.278,3.336,0,0,1,WASTAGE
0.709,8.527,1,1,1,NORMAL
0.504,5.944,0,0,1,WASTAGE
0.428,5.138,1,1,0,NORMAL
0.002,0.08,0,0,0,NORMAL
0.782,9.289,0,1,1,WASTAGE
0.025,0.334,0,0,0,NORMAL
0.309,3.651,0,0,1,WASTAGE
0.585,6.967,0,1,0,WASTAGE
0.746,8.884,1,1,1,NORMAL
0.469,5.653,1,1,0,NORMAL
0.029,0.368,0,0,0,NORMAL
0.608,7.286,0,1,0,WASTAGE
0.039,0.429,0,0,0,NORMAL
0.733,8.736,0,1,1,WASTAGE
0.659,7.938,0,1,0,WASTAGE
0.038,0.339,1,0,0,LOW
0.994,11.866,1,1,1,NORMAL
0.012,0.219,1,0,0,LOW
0.928,11.13,0,1,1,WASTAGE
0.565,6.781,0,0,1,WASTAGE
0.935,11.25,0,1,1,WASTAGE
0.008,0.059,1,0,0,LOW
0.748,9.054,1,1,1,NORMAL
0.023,0.249,0,0,0,NORMAL
0.019,0.115,1,0,0,LOW
0.036,0.431,0,0,0,NORMAL
0.038,0.434,0,0,0,NORMAL
0.681,8.259,0,1,0,WASTAGE
0.016,0.232,0,0,0,NORMAL
0.024,0.182,1,0,0,LOW
0.558,6.65,0,1,0,WASTAGE
0.819,9.809,0,1,1,WASTAGE
0.691,8.385,0,1,1,WASTAGE
0.463,5.575,0,1,0,WASTAGE
0.584,7.036,1,1,0,NORMAL
0.006,0.111,1,0,0,LOW
0.032,0.353,1,0,0,LOW
0.377,4.473,0,0,1,WASTAGE
0.014,0.187,0,0,0,NORMAL
0.522,6.198,1,1,0,NORMAL
0.897,10.708,0,1,1,WASTAGE
0.748,9.0,0,1,1,WASTAGE
0.551,6.542,0,1,0,WASTAGE
0.691,8.324,1,1,1,NORMAL
0.434,5.258,0,1,0,WASTAGE
0.85,10.243,1,1,1,NORMAL
0.516,6.188,0,1,0,WASTAGE
0.719,8.69,0,1,1,WASTAGE
0.007,0.172,1,0,0,LOW
0.521,6.23,0,0,1,WASTAGE
0.68,8.157,0,1,1,WASTAGE
0.615,7.395,0,1,1,WASTAGE
0.023,0.342,0,0,0,NORMAL
0.008,0.03,1,0,0,LOW
0.69,8.28,1,1,0,NORMAL
0.549,6.714,1,1,0,NORMAL
0.541,6.499,1,1,0,NORMAL
0.569,6.844,1,1,0,NORMAL
0.03,0.275,1,0,0,LOW
0.396,4.705,0,1,0,WASTAGE
0.691,8.314,0,1,0,WASTAGE
0.393,4.691,0,1,0,WASTAGE
0.284,3.442,0,0,1,WASTAGE
0.357,4.366,0,0,1,WASTAGE
0.73,8.72,1,1,1,NORMAL
0.46,5.554,0,0,1,WASTAGE
0.57,6.952,1,1,0,NORMAL
0.969,11.679,0,1,1,WASTAGE
0.596,7.111,0,1,1,WASTAGE
0.614,7.389,1,1,0,NORMAL
0.024,0.3,1,0,0,LOW
0.506,6.075,1,1,0,NORMAL
0.596,7.093,0,1,0,WASTAGE
0.0,0.003,1,0,0,LOW
0.019,0.263,1,0,0,LOW
0.029,0.402,0,0,0,NORMAL
0.037,0.379,1,0,0,LOW
0.355,4.3,0,0,1,WASTAGE
0.741,8.986,0,1,1,WASTAGE
0.989,11.834,0,1,1,WASTAGE
0.017,0.25,1,0,0,LOW
0.728,8.817,0,1,0,WASTAGE
0.455,5.537,0,1,0,WASTAGE
0.729,8.752,0,1,0,WASTAGE
1.042,12.437,0,1,1,WASTAGE
0.037,0.31,1,0,0,LOW
0.569,6.896,0,0,1,WASTAGE
0.755,9.122,1,1,1,NORMAL
0.011,0.131,1,0,0,LOW
0.505,6.231,1,1,0,NORMAL
0.557,6.731,0,1,0,WASTAGE
0.573,6.884,1,1,0,NORMAL
0.695,8.403,0,1,1,WASTAGE
0.659,7.889,0,1,0,WASTAGE
0.979,11.79,0,1,1,WASTAGE
0.838,10.053,0,1,1,WASTAGE
0.272,3.306,0,0,1,WASTAGE
0.591,7.098,0,1,1,WASTAGE
0.017,0.312,1,0,0,LOW
0.935,11.277,1,1,1,NORMAL
0.59,7.001,1,1,0,NORMAL
0.021,0.277,1,0,0,LOW
0.038,0.384,1,0,0,LOW
0.461,5.577,0,0,1,WASTAGE
0.015,0.26,1,0,0,LOW
0.621,7.446,1,1,1,NORMAL
0.456,5.606,0,0,1,WASTAGE
0.035,0.431,0,0,0,NORMAL
0.026,0.336,0,0,0,NORMAL
0.49,5.883,1,1,0,NORMAL
0.03,0.3,0,0,0,NORMAL
0.022,0.164,1,0,0,LOW
0.641,7.715,1,1,1,NORMAL
0.257,3.054,0,0,1,WASTAGE
0.439,5.303,0,1,0,WASTAGE
0.623,7.401,0,1,0,WASTAGE
0.792,9.474,1,1,1,NORMAL
0.517,6.19,0,0,1,WASTAGE
0.03,0.406,0,0,0,NORMAL
0.672,8.039,0,1,0,WASTAGE
0.648,7.719,1,1,0,NORMAL
0.005,0.051,0,0,0,NORMAL
0.705,8.498,1,1,0,NORMAL
0.323,3.856,0,0,1,WASTAGE
0.657,8.0,0,1,1,WASTAGE
0.028,0.328,0,0,0,NORMAL
0.862,10.387,1,1,1,NORMAL
0.006,0.056,1,0,0,LOW
0.014,0.161,1,0,0,LOW
0.461,5.483,0,0,1,WASTAGE
0.006,0.037,1,0,0,LOW
0.38,4.515,0,1,0,WASTAGE
0.861,10.296,1,1,1,NORMAL
0.026,0.255,0,0,0,NORMAL
0.614,7.334,1,1,0,NORMAL
0.329,3.93,0,0,1,WASTAGE
0.678,8.107,0,1,1,WASTAGE
0.604,7.316,1,1,0,NORMAL
0.714,8.645,1,1,1,NORMAL
0.667,8.05,0,1,1,WASTAGE
0.742,8.878,0,1,0,WASTAGE
0.936,11.193,0,1,1,WASTAGE
0.02,0.259,0,0,0,NORMAL
0.402,4.962,0,0,1,WASTAGE
0.954,11.414,0,1,1,WASTAGE
0.022,0.165,1,0,0,LOW
0.021,0.226,0,0,0,NORMAL
0.668,8.074,1,1,1,NORMAL
0.017,0.173,0,0,0,NORMAL
0.386,4.698,0,0,1,WASTAGE
0.593,7.158,0,1,0,WASTAGE
0.546,6.54,0,0,1,WASTAGE
0.552,6.579,0,0,1,WASTAGE
0.604,7.321,0,1,0,WASTAGE
0.735,8.819,0,1,0,WASTAGE
0.746,8.874,0,1,0,WASTAGE
0.028,0.295,0,0,0,NORMAL
0.322,3.904,0,0,1,WASTAGE
0.58,6.972,1,1,0,NORMAL
0.551,6.564,1,1,0,NORMAL
0.009,0.18,0,0,0,NORMAL
0.003,0.143,1,0,0,LOW
0.871,10.354,1,1,1,NORMAL
0.0,0.035,1,0,0,LOW
0.534,6.359,0,0,1,WASTAGE
0.897,10.678,1,1,1,NORMAL
0.015,0.23,1,0,0,LOW
0.487,5.826,0,0,1,WASTAGE
0.708,8.415,1,1,0,NORMAL
0.484,5.757,1,1,0,NORMAL
0.002,0.071,0,0,0,NORMAL
0.026,0.323,0,0,0,NORMAL
0.577,6.998,1,1,0,NORMAL
0.022,0.272,0,0,0,NORMAL
0.372,4.532,0,1,0,WASTAGE
0.02,0.323,0,0,0,NORMAL
0.398,4.905,0,1,0,WASTAGE
0.354,4.316,0,0,1,WASTAGE
0.582,7.019,1,1,0,NORMAL
0.043,0.411,0,0,0,NORMAL
0.86,10.306,1,1,1,NORMAL
0.008,0.125,0,0,0,NORMAL
0.808,9.638,0,1,1,WASTAGE
0.896,10.731,0,1,1,WASTAGE
0.601,7.179,1,1,0,NORMAL
0.495,5.929,1,1,0,NORMAL
0.478,5.824,0,0,1,WASTAGE
0.875,10.478,0,1,1,WASTAGE
0.347,4.14,0,0,1,WASTAGE
0.667,7.993,0,1,1,WASTAGE
0.025,0.318,0,0,0,NORMAL
0.938,11.267,1,1,1,NORMAL
0.639,7.692,1,1,0,NORMAL
0.449,5.381,0,0,1,WASTAGE
0.027,0.315,1,0,0,LOW
0.655,7.964,0,1,1,WASTAGE
0.011,0.128,1,0,0,LOW
0.427,5.1,0,1,0,WASTAGE
0.539,6.555,0,0,1,WASTAGE
0.719,8.681,1,1,1,NORMAL
0.017,0.183,1,0,0,LOW
0.48,5.751,1,1,0,NORMAL
0.621,7.419,1,1,0,NORMAL
0.011,0.026,1,0,0,LOW
0.005,0.121,1,0,0,LOW
0.015,0.124,1,0,0,LOW
1.02,12.217,0,1,1,WASTAGE
0.936,11.237,1,1,1,NORMAL
0.41,4.894,0,0,1,WASTAGE
0.597,7.192,1,1,1,NORMAL
0.028,0.339,1,0,0,LOW
0.023,0.225,0,0,0,NORMAL
0.501,6.041,1,1,0,NORMAL
0.754,8.907,0,1,0,WASTAGE
0.007,0.059,0,0,0,NORMAL
0.032,0.388,1,0,0,LOW
0.455,5.508,0,1,0,WASTAGE
0.734,8.785,0,1,0,WASTAGE
0.611,7.269,0,1,1,WASTAGE
0.924,11.141,0,1,1,WASTAGE
0.032,0.366,1,0,0,LOW
0.025,0.304,1,0,0,LOW
0.718,8.603,0,1,0,WASTAGE
0.457,5.456,1,1,0,NORMAL
0.032,0.308,1,0,0,LOW
0.666,8.018,0,1,0,WASTAGE
0.615,7.341,0,1,1,WASTAGE
0.685,8.111,0,1,1,WASTAGE
0.673,8.119,0,1,1,WASTAGE
0.028,0.296,1,0,0,LOW
0.408,4.854,0,1,0,WASTAGE
0.966,11.469,1,1,1,NORMAL
0.036,0.489,0,0,0,NORMAL
0.025,0.209,0,0,0,NORMAL
0.865,10.284,0,1,1,WASTAGE
0.826,9.984,1,1,1,NORMAL
0.299,3.522,0,0,1,WASTAGE
0.015,0.129,1,0,0,LOW
0.308,3.612,0,0,1,WASTAGE
0.959,11.548,1,1,1,NORMAL
0.537,6.446,0,0,1,WASTAGE
0.722,8.624,0,1,1,WASTAGE
0.509,6.103,0,1,0,WASTAGE
0.952,11.464,0,1,1,WASTAGE
0.79,9.49,1,1,1,NORMAL
0.029,0.18,1,0,0,LOW
0.712,8.484,1,1,0,NORMAL
0.523,6.248,0,0,1,WASTAGE
0.986,11.936,0,1,1,WASTAGE
0.02,0.231,1,0,0,LOW
0.618,7.372,0,1,1,WASTAGE
0.61,7.325,1,1,1,NORMAL
0.02,0.234,0,0,0,NORMAL
0.647,7.794,1,1,0,NORMAL
0.028,0.296,1,0,0,LOW
0.0,0.016,0,0,0,NORMAL
1.024,12.178,0,1,1,WASTAGE
0.038,0.468,0,0,0,NORMAL
0.986,11.828,0,1,1,WASTAGE
0.309,3.728,0,0,1,WASTAGE
0.907,10.842,1,1,1,NORMAL
0.039,0.472,0,0,0,NORMAL
0.766,9.074,1,1,1,NORMAL
0.496,6.009,0,1,0,WASTAGE
0.574,6.948,1,1,0,NORMAL
0.287,3.49,0,0,1,WASTAGE
0.995,11.938,0,1,1,WASTAGE
0.72,8.712,0,1,0,WASTAGE
0.579,6.971,0,0,1,WASTAGE
0.638,7.67,1,1,1,NORMAL
0.329,3.906,0,0,1,WASTAGE
0.598,7.21,0,1,0,WASTAGE
0.464,5.664,0,1,0,WASTAGE
0.637,7.637,1,1,0,NORMAL
0.432,5.098,1,1,0,NORMAL
0.548,6.463,0,1,0,WASTAGE
0.495,6.075,1,1,0,NORMAL
0.397,4.759,0,0,1,WASTAGE
0.663,8.0,1,1,0,NORMAL
0.272,3.201,0,0,1,WASTAGE
0.572,6.912,1,1,0,NORMAL
0.026,0.372,1,0,0,LOW
0.587,7.132,1,1,1,NORMAL
0.008,0.194,0,0,0,NORMAL
0.482,5.829,0,1,0,WASTAGE
0.489,6.001,0,0,1,WASTAGE
0.039,0.407,0,0,0,NORMAL
0.018,0.263,1,0,0,LOW
0.48,5.762,0,0,1,WASTAGE
0.967,11.566,0,1,1,WASTAGE
0.679,8.095,1,1,1,NORMAL
0.478,5.672,1,1,0,NORMAL
0.015,0.197,1,0,0,LOW
0.351,4.217,0,0,1,WASTAGE
0.867,10.319,1,1,1,NORMAL
0.696,8.372,1,1,0,NORMAL
0.033,0.299,1,0,0,LOW
0.043,0.426,0,0,0,NORMAL
0.031,0.31,0,0,0,NORMAL
0.476,5.741,1,1,0,NORMAL
0.011,0.221,1,0,0,LOW
0.545,6.516,0,1,0,WASTAGE
0.529,6.363,1,1,0,NORMAL
0.476,5.688,0,0,1,WASTAGE
0.799,9.682,1,1,1,NORMAL
0.624,7.523,1,1,1,NORMAL
0.601,7.145,0,1,0,WASTAGE
0.032,0.381,1,0,0,LOW
0.427,5.095,0,0,1,WASTAGE
0.648,7.871,0,1,0,WASTAGE
0.47,5.656,0,1,0,WASTAGE
0.554,6.692,1,1,0,NORMAL
0.409,4.899,0,0,1,WASTAGE
0.942,11.317,0,1,1,WASTAGE
0.501,6.122,0,1,0,WASTAGE
0.477,5.736,0,1,0,WASTAGE
0.281,3.354,0,0,1,WASTAGE
0.03,0.36,1,0,0,LOW
0.722,8.592,0,1,1,WASTAGE
0.002,0.017,0,0,0,NORMAL
0.464,5.582,1,1,0,NORMAL
0.616,7.571,0,1,0,WASTAGE
0.028,0.4,0,0,0,NORMAL
0.623,7.392,1,1,0,NORMAL
0.661,7.887,0,1,1,WASTAGE
0.02,0.24,0,0,0,NORMAL
0.857,10.32,1,1,1,NORMAL
0.432,5.095,0,0,1,WASTAGE
0.035,0.363,1,0,0,LOW
0.008,0.093,1,0,0,LOW
0.376,4.505,0,1,0,WASTAGE
0.567,6.841,1,1,0,NORMAL
0.485,5.766,0,0,1,WASTAGE
0.007,0.205,1,0,0,LOW
0.507,5.969,1,1,0,NORMAL
0.422,5.111,1,1,0,NORMAL
0.433,5.27,0,0,1,WASTAGE
0.977,11.717,1,1,1,NORMAL
0.576,7.009,0,1,0,WASTAGE
0.736,8.862,0,1,1,WASTAGE
0.02,0.308,1,0,0,LOW
0.346,4.174,0,0,1,WASTAGE
0.688,8.261,1,1,1,NORMAL
0.021,0.341,1,0,0,LOW
0.57,6.814,0,0,1,WASTAGE
0.35,4.202,0,0,1,WASTAGE
0.0,0.087,0,0,0,NORMAL
0.523,6.307,1,1,0,NORMAL
0.403,4.919,0,0,1,WASTAGE
0.551,6.499,0,1,0,WASTAGE
0.552,6.64,1,1,0,NORMAL
0.626,7.436,0,1,0,WASTAGE
0.021,0.259,1,0,0,LOW
0.524,6.257,1,1,0,NORMAL
0.038,0.435,0,0,0,NORMAL
0.432,5.249,0,1,0,WASTAGE
0.608,7.276,0,1,0,WASTAGE
0.965,11.609,0,1,1,WASTAGE
0.962,11.619,0,1,1,WASTAGE
0.734,8.9,1,1,1,NORMAL
0.008,0.114,0,0,0,NORMAL
0.441,5.306,0,0,1,WASTAGE
0.802,9.668,1,1,1,NORMAL
0.009,0.034,0,0,0,NORMAL
0.97,11.681,1,1,1,NORMAL
0.04,0.411,0,0,0,NORMAL
0.0,0.004,1,0,0,LOW
0.626,7.415,0,1,0,WASTAGE
0.28,3.301,0,0,1,WASTAGE
0.612,7.318,1,1,0,NORMAL
0.485,5.761,0,0,1,WASTAGE
0.459,5.586,0,0,1,WASTAGE
0.363,4.356,0,0,1,WASTAGE
0.034,0.472,0,0,0,NORMAL
0.003,0.07,1,0,0,LOW
0.62,7.445,1,1,1,NORMAL
0.032,0.39,0,0,0,NORMAL
0.383,4.535,0,0,1,WASTAGE
0.636,7.688,0,1,1,WASTAGE
0.26,3.122,0,0,1,WASTAGE
0.315,3.816,0,0,1,WASTAGE
0.04,0.39,1,0,0,LOW
0.743,8.756,0,1,0,WASTAGE
0.447,5.277,1,1,0,NORMAL
0.837,10.006,0,1,1,WASTAGE
0.53,6.383,1,1,0,NORMAL
0.828,9.952,1,1,1,NORMAL
0.595,7.106,0,1,1,WASTAGE
0.538,6.599,1,1,0,NORMAL
0.934,11.134,1,1,1,NORMAL
0.59,7.025,0,1,0,WASTAGE
0.246,3.007,0,0,1,WASTAGE
0.997,12.02,0,1,1,WASTAGE
0.007,0.069,1,0,0,LOW
0.665,7.865,0,1,1,WASTAGE
0.761,9.157,0,1,1,WASTAGE
0.725,8.733,0,1,0,WASTAGE
0.032,0.252,0,0,0,NORMAL
0.883,10.708,0,1,1,WASTAGE
0.943,11.28,0,1,1,WASTAGE
0.027,0.391,1,0,0,LOW
0.964,11.664,0,1,1,WASTAGE
0.02,0.225,1,0,0,LOW
0.001,0.074,0,0,0,NORMAL
0.525,6.284,1,1,0,NORMAL
0.029,0.272,1,0,0,LOW
0.559,6.723,1,1,0,NORMAL
0.715,8.688,0,1,0,WASTAGE
0.001,0.024,1,0,0,LOW
0.04,0.434,0,0,0,NORMAL
0.025,0.293,0,0,0,NORMAL
0.868,10.471,0,1,1,WASTAGE
0.528,6.386,1,1,0,NORMAL
0.007,0.093,0,0,0,NORMAL
0.041,0.456,0,0,0,NORMAL
0.88,10.623,0,1,1,WASTAGE
0.545,6.692,1,1,0,NORMAL
0.013,0.049,0,0,0,NORMAL
0.736,8.786,0,1,0,WASTAGE
0.622,7.476,0,1,0,WASTAGE
0.006,0.035,0,0,0,NORMAL
0.482,5.641,0,0,1,WASTAGE
0.034,0.381,1,0,0,LOW
0.627,7.593,0,1,1,WASTAGE
0.823,9.871,0,1,1,WASTAGE
0.859,10.268,1,1,1,NORMAL
0.407,4.878,0,0,1,WASTAGE
0.006,0.049,1,0,0,LOW
0.772,9.324,1,1,1,NORMAL
0.004,0.096,1,0,0,LOW
0.595,7.146,0,1,1,WASTAGE
0.832,9.892,0,1,1,WASTAGE
0.272,3.249,0,0,1,WASTAGE
0.592,7.115,1,1,1,NORMAL
0.401,4.885,0,0,1,WASTAGE
0.673,7.972,1,1,0,NORMAL
0.982,11.777,0,1,1,WASTAGE
0.792,9.507,0,1,1,WASTAGE
0.622,7.49,0,1,0,WASTAGE
0.01,0.115,0,0,0,NORMAL
0.3,3.573,0,0,1,WASTAGE
0.562,6.739,1,1,0,NORMAL
0.571,6.895,1,1,0,NORMAL
0.913,11.035,0,1,1,WASTAGE
0.872,10.661,1,1,1,NORMAL
0.583,7.029,1,1,0,NORMAL
0.497,5.994,0,0,1,WASTAGE
0.034,0.383,1,0,0,LOW
0.53,6.342,1,1,0,NORMAL
0.689,8.163,0,1,0,WASTAGE
0.957,11.459,1,1,1,NORMAL
0.789,9.387,0,1,1,WASTAGE
0.616,7.419,1,1,0,NORMAL
0.02,0.261,1,0,0,LOW
0.033,0.312,1,0,0,LOW
0.456,5.49,1,1,0,NORMAL
0.01,0.029,1,0,0,LOW
0.039,0.459,0,0,0,NORMAL
0.02,0.305,1,0,0,LOW
0.041,0.446,0,0,0,NORMAL
0.445,5.341,1,1,0,NORMAL
0.008,0.14,1,0,0,LOW
0.568,6.705,1,1,0,NORMAL
0.009,0.064,1,0,0,LOW
0.011,0.179,0,0,0,NORMAL
0.257,3.062,0,0,1,WASTAGE
0.548,6.601,0,1,0,WASTAGE
0.011,0.05,0,0,0,NORMAL
0.599,7.244,0,1,0,WASTAGE
0.582,6.901,0,1,0,WASTAGE
0.034,0.349,0,0,0,NORMAL
0.011,0.17,1,0,0,LOW
0.437,5.107,0,0,1,WASTAGE
0.005,0.043,1,0,0,LOW
0.965,11.47,1,1,1,NORMAL
0.761,9.142,0,1,1,WASTAGE
0.01,0.124,1,0,0,LOW
0.857,10.358,1,1,1,NORMAL
0.327,3.945,0,0,1,WASTAGE
0.266,3.228,0,0,1,WASTAGE
0.721,8.627,0,1,1,WASTAGE
0.939,11.209,1,1,1,NORMAL
0.605,7.183,0,1,1,WASTAGE
0.608,7.298,1,1,0,NORMAL
0.697,8.382,0,1,0,WASTAGE
0.038,0.429,0,0,0,NORMAL
0.445,5.34,0,1,0,WASTAGE
0.751,8.956,0,1,0,WASTAGE
0.496,5.914,1,1,0,NORMAL
0.007,0.052,1,0,0,LOW
0.616,7.342,0,1,1,WASTAGE
0.032,0.367,1,0,0,LOW
0.389,4.612,0,0,1,WASTAGE
0.037,0.475,0,0,0,NORMAL
0.0,0.048,0,0,0,NORMAL
0.473,5.53,1,1,0,NORMAL
0.665,7.973,0,1,0,WASTAGE
0.472,5.627,1,1,0,NORMAL
0.029,0.304,0,0,0,NORMAL
0.034,0.397,0,0,0,NORMAL
0.526,6.258,0,0,1,WASTAGE
0.83,9.901,0,1,1,WASTAGE
0.52,6.217,0,1,0,WASTAGE
0.848,10.158,0,1,1,WASTAGE
0.607,7.308,1,1,0,NORMAL
0.64,7.649,0,1,1,WASTAGE
0.652,7.905,1,1,0,NORMAL
0.553,6.618,0,0,1,WASTAGE
0.772,9.291,0,1,1,WASTAGE
0.596,7.189,1,1,1,NORMAL
0.026,0.317,0,0,0,NORMAL
0.63,7.519,0,1,1,WASTAGE
0.441,5.347,1,1,0,NORMAL
0.68,8.145,1,1,0,NORMAL
0.588,7.029,1,1,0,NORMAL
0.476,5.642,0,1,0,WASTAGE
0.463,5.575,1,1,0,NORMAL
0.477,5.709,0,0,1,WASTAGE
0.99,11.902,1,1,1,NORMAL
0.015,0.205,0,0,0,NORMAL
0.858,10.402,0,1,1,WASTAGE
0.491,5.856,1,1,0,NORMAL
0.599,7.228,0,1,1,WASTAGE
0.031,0.388,1,0,0,LOW
0.021,0.25,1,0,0,LOW
0.014,0.129,0,0,0,NORMAL
0.993,12.008,0,1,1,WASTAGE
0.512,6.062,0,1,0,WASTAGE
0.824,9.968,0,1,1,WASTAGE
0.698,8.41,1,1,1,NORMAL
0.449,5.35,0,0,1,WASTAGE
0.274,3.322,0,0,1,WASTAGE
0.029,0.333,1,0,0,LOW
0.462,5.453,0,0,1,WASTAGE
0.466,5.64,0,0,1,WASTAGE
0.705,8.5,0,1,0,WASTAGE
0.499,6.029,1,1,0,NORMAL
0.72,8.64,1,1,0,NORMAL
0.704,8.38,1,1,0,NORMAL
0.647,7.693,1,1,0,NORMAL
0.011,0.144,0,0,0,NORMAL
0.549,6.603,1,1,0,NORMAL
0.648,7.749,1,1,1,NORMAL
0.805,9.674,1,1,1,NORMAL
0.756,9.009,1,1,1,NORMAL
0.382,4.569,0,0,1,WASTAGE
0.476,5.736,0,1,0,WASTAGE
0.955,11.403,1,1,1,NORMAL
0.503,6.0,0,0,1,WASTAGE
0.007,0.102,1,0,0,LOW
0.036,0.414,0,0,0,NORMAL
0.572,6.942,0,0,1,WASTAGE
0.441,5.283,0,0,1,WASTAGE
0.009,0.116,1,0,0,LOW
0.421,5.17,0,0,1,WASTAGE
0.809,9.784,0,1,1,WASTAGE
0.731,8.773,0,1,1,WASTAGE
0.026,0.3,1,0,0,LOW
0.725,8.719,0,1,0,WASTAGE
0.033,0.309,1,0,0,LOW
0.623,7.427,0,1,0,WASTAGE
0.444,5.357,0,0,1,WASTAGE
0.603,7.222,1,1,0,NORMAL
0.016,0.272,0,0,0,NORMAL
0.552,6.562,1,1,0,NORMAL
0.444,5.407,0,0,1,WASTAGE
0.546,6.501,0,0,1,WASTAGE
0.386,4.582,0,1,0,WASTAGE
0.659,7.897,0,1,0,WASTAGE
0.716,8.601,0,1,0,WASTAGE
0.48,5.797,0,1,0,WASTAGE
0.989,11.809,0,1,1,WASTAGE
0.031,0.348,0,0,0,NORMAL
0.83,9.968,1,1,1,NORMAL
0.009,0.032,1,0,0,LOW
0.03,0.382,0,0,0,NORMAL
0.888,10.586,0,1,1,WASTAGE
0.651,7.812,0,1,0,WASTAGE
0.735,8.675,0,1,0,WASTAGE
0.792,9.495,1,1,1,NORMAL
0.556,6.642,1,1,0,NORMAL
0.008,0.077,1,0,0,LOW
0.673,8.027,1,1,1,NORMAL
0.337,4.032,0,0,1,WASTAGE
0.611,7.349,1,1,0,NORMAL
0.026,0.213,1,0,0,LOW
0.676,8.119,1,1,0,NORMAL
0.873,10.437,1,1,1,NORMAL
0.011,0.145,0,0,0,NORMAL
0.461,5.645,0,0,1,WASTAGE
0.492,5.895,0,0,1,WASTAGE
0.661,7.834,0,1,0,WASTAGE
0.021,0.256,1,0,0,LOW
0.463,5.544,0,1,0,WASTAGE
0.501,5.892,0,1,0,WASTAGE
0.855,10.397,1,1,1,NORMAL
0.014,0.179,0,0,0,NORMAL
0.021,0.341,1,0,0,LOW
0.023,0.329,0,0,0,NORMAL
0.484,5.829,1,1,0,NORMAL
0.007,0.08,1,0,0,LOW
0.785,9.409,0,1,1,WASTAGE
0.823,9.747,0,1,1,WASTAGE
0.643,7.699,1,1,1,NORMAL
0.605,7.203,1,1,1,NORMAL
0.607,7.354,0,1,0,WASTAGE
0.345,4.187,0,0,1,WASTAGE
0.041,0.396,1,0,0,LOW
1.032,12.425,0,1,1,WASTAGE
0.782,9.383,1,1,1,NORMAL
0.009,0.151,1,0,0,LOW
0.82,9.853,0,1,1,WASTAGE
0.018,0.271,0,0,0,NORMAL
0.44,5.288,0,0,1,WASTAGE
0.537,6.378,1,1,0,NORMAL
1.071,12.826,0,1,1,WASTAGE
0.016,0.266,1,0,0,LOW
0.432,5.158,0,0,1,WASTAGE
0.558,6.662,1,1,0,NORMAL
0.842,10.147,0,1,1,WASTAGE
0.677,8.26,1,1,1,NORMAL
0.985,11.815,0,1,1,WASTAGE
0.511,6.159,0,0,1,WASTAGE
0.027,0.288,1,0,0,LOW
0.749,8.981,1,1,1,NORMAL
0.013,0.354,1,0,0,LOW
0.443,5.26,0,0,1,WASTAGE
0.041,0.461,0,0,0,NORMAL
0.718,8.623,1,1,1,NORMAL
0.02,0.24,0,0,0,NORMAL
0.757,9.008,1,1,1,NORMAL
0.599,7.179,1,1,0,NORMAL
0.545,6.447,0,0,1,WASTAGE
0.669,8.115,1,1,1,NORMAL
0.423,5.023,0,0,1,WASTAGE
0.4,4.75,0,1,0,WASTAGE
0.0,0.006,0,0,0,NORMAL
0.03,0.317,1,0,0,LOW
0.577,6.946,0,1,0,WASTAGE
0.845,10.155,0,1,1,WASTAGE
0.609,7.271,0,1,0,WASTAGE
0.617,7.421,1,1,0,NORMAL
0.62,7.393,0,1,0,WASTAGE
0.502,6.034,0,1,0,WASTAGE
0.026,0.339,1,0,0,LOW
0.455,5.547,0,1,0,WASTAGE
0.031,0.308,0,0,0,NORMAL
0.018,0.346,1,0,0,LOW
0.035,0.398,1,0,0,LOW
0.03,0.308,1,0,0,LOW
0.273,3.21,0,0,1,WASTAGE
0.017,0.232,1,0,0,LOW
0.512,6.157,0,0,1,WASTAGE
0.603,7.218,0,1,0,WASTAGE
0.496,5.916,0,1,0,WASTAGE
0.854,10.282,0,1,1,WASTAGE
0.852,10.283,0,1,1,WASTAGE
0.55,6.532,0,0,1,WASTAGE
0.975,11.685,0,1,1,WASTAGE
0.522,6.243,0,1,0,WASTAGE
0.539,6.476,1,1,0,NORMAL
0.384,4.598,0,0,1,WASTAGE
0.784,9.515,0,1,1,WASTAGE
0.976,11.682,1,1,1,NORMAL
0.774,9.312,1,1,1,NORMAL
0.282,3.414,0,0,1,WASTAGE
0.044,0.432,0,0,0,NORMAL
0.579,7.058,1,1,0,NORMAL
0.027,0.198,0,0,0,NORMAL
0.545,6.548,0,1,0,WASTAGE
0.637,7.739,0,1,1,WASTAGE
0.795,9.574,0,1,1,WASTAGE
0.836,10.021,1,1,1,NORMAL
0.945,11.29,1,1,1,NORMAL
0.028,0.335,1,0,0,LOW
0.603,7.211,1,1,1,NORMAL
0.01,0.1,0,0,0,NORMAL
0.017,0.134,0,0,0,NORMAL
0.257,3.177,0,0,1,WASTAGE
0.54,6.361,0,1,0,WASTAGE
0.476,5.772,1,1,0,NORMAL
0.421,4.96,0,0,1,WASTAGE
0.562,6.768,0,0,1,WASTAGE
0.014,0.142,0,0,0,NORMAL
0.605,7.196,0,1,0,WASTAGE
0.673,8.242,0,1,0,WASTAGE
0.518,6.173,0,1,0,WASTAGE
0.01,0.114,0,0,0,NORMAL
0.017,0.168,1,0,0,LOW
0.318,3.843,0,0,1,WASTAGE
0.031,0.295,1,0,0,LOW
0.409,4.887,0,0,1,WASTAGE
0.371,4.439,0,0,1,WASTAGE
0.629,7.469,0,1,1,WASTAGE
0.369,4.376,0,0,1,WASTAGE
0.013,0.201,1,0,0,LOW
0.913,10.962,1,1,1,NORMAL
0.573,6.862,1,1,0,NORMAL
0.005,0.067,1,0,0,LOW
0.626,7.486,1,1,0,NORMAL
0.459,5.522,0,1,0,WASTAGE
0.469,5.577,1,1,0,NORMAL
0.731,8.791,0,1,0,WASTAGE
0.006,0.061,0,0,0,NORMAL
1.005,12.058,0,1,1,WASTAGE
0.875,10.561,0,1,1,WASTAGE
0.521,6.291,0,0,1,WASTAGE
0.008,0.049,1,0,0,LOW
0.732,8.899,0,1,1,WASTAGE
0.439,5.255,0,0,1,WASTAGE
0.528,6.299,1,1,0,NORMAL
0.589,7.057,1,1,0,NORMAL
0.403,4.945,0,1,0,WASTAGE
0.016,0.173,0,0,0,NORMAL
0.554,6.536,0,0,1,WASTAGE
0.526,6.236,1,1,0,NORMAL
0.653,7.868,1,1,0,NORMAL
0.633,7.596,0,1,1,WASTAGE
0.475,5.851,0,1,0,WASTAGE
0.534,6.375,0,1,0,WASTAGE
0.96,11.544,0,1,1,WASTAGE
0.638,7.578,1,1,1,NORMAL
0.614,7.26,0,1,0,WASTAGE
0.577,6.982,0,0,1,WASTAGE
0.576,6.93,0,1,0,WASTAGE
0.568,6.823,0,0,1,WASTAGE
0.539,6.437,1,1,0,NORMAL
0.005,0.069,1,0,0,LOW
0.035,0.373,1,0,0,LOW
0.274,3.414,0,0,1,WASTAGE
0.783,9.493,0,1,1,WASTAGE
0.926,11.239,0,1,1,WASTAGE
0.006,0.118,1,0,0,LOW
0.915,11.03,1,1,1,NORMAL
0.606,7.241,0,1,1,WASTAGE
0.011,0.058,1,0,0,LOW
0.518,6.262,1,1,0,NORMAL
0.617,7.44,0,1,0,WASTAGE
0.037,0.436,0,0,0,NORMAL
0.006,0.126,1,0,0,LOW
0.876,10.463,0,1,1,WASTAGE
0.664,7.996,0,1,0,WASTAGE
0.783,9.421,1,1,1,NORMAL
0.626,7.589,0,1,1,WASTAGE
0.01,0.252,0,0,0,NORMAL
0.726,8.654,0,1,1,WASTAGE
0.92,11.019,1,1,1,NORMAL
0.012,0.099,1,0,0,LOW
0.539,6.564,1,1,0,NORMAL
0.024,0.348,1,0,0,LOW
0.008,0.079,1,0,0,LOW
0.708,8.392,0,1,0,WASTAGE
0.608,7.237,1,1,0,NORMAL
1.086,12.99,0,1,1,WASTAGE
0.036,0.433,0,0,0,NORMAL
0.463,5.597,1,1,0,NORMAL
0.86,10.3,0,1,1,WASTAGE
0.595,7.14,0,1,0,WASTAGE
0.407,4.944,0,1,0,WASTAGE
0.932,11.262,1,1,1,NORMAL
0.64,7.705,1,1,0,NORMAL
0.019,0.27,0,0,0,NORMAL
0.655,7.903,0,1,0,WASTAGE
0.624,7.663,0,1,0,WASTAGE
0.507,6.141,0,0,1,WASTAGE
0.533,6.342,0,0,1,WASTAGE
0.82,9.878,1,1,1,NORMAL
0.016,0.184,0,0,0,NORMAL
0.013,0.067,0,0,0,NORMAL
0.016,0.262,1,0,0,LOW
0.793,9.67,0,1,1,WASTAGE
0.844,10.018,0,1,1,WASTAGE
0.566,6.708,0,0,1,WASTAGE
0.778,9.427,1,1,1,NORMAL
0.463,5.485,0,0,1,WASTAGE
0.011,0.051,0,0,0,NORMAL
0.023,0.214,1,0,0,LOW
0.585,6.903,0,0,1,WASTAGE
0.0,0.008,1,0,0,LOW
0.665,8.034,1,1,1,NORMAL
0.02,0.316,0,0,0,NORMAL
0.533,6.466,0,0,1,WASTAGE
0.697,8.3,1,1,0,NORMAL
0.483,5.836,1,1,0,NORMAL
1.015,12.128,0,1,1,WASTAGE
0.857,10.262,0,1,1,WASTAGE
1.055,12.626,0,1,1,WASTAGE
0.983,11.853,1,1,1,NORMAL
0.624,7.435,1,1,1,NORMAL
0.665,7.894,1,1,0,NORMAL
0.742,8.891,0,1,1,WASTAGE
0.01,0.149,1,0,0,LOW
0.006,0.035,1,0,0,LOW
0.266,3.116,0,0,1,WASTAGE
0.0,0.065,1,0,0,LOW
0.774,9.322,0,1,1,WASTAGE
0.037,0.394,1,0,0,LOW
0.653,7.883,1,1,0,NORMAL
0.43,5.109,0,0,1,WASTAGE
0.718,8.74,1,1,1,NORMAL
0.88,10.65,0,1,1,WASTAGE
0.453,5.466,1,1,0,NORMAL
0.035,0.317,1,0,0,LOW
0.952,11.321,1,1,1,NORMAL
0.0,0.008,1,0,0,LOW
0.486,5.791,1,1,0,NORMAL
0.027,0.358,0,0,0,NORMAL
0.019,0.15,1,0,0,LOW
0.492,5.98,0,1,0,WASTAGE
0.69,8.347,0,1,0,WASTAGE
0.014,0.092,0,0,0,NORMAL
0.648,7.707,0,1,1,WASTAGE
0.532,6.371,0,1,0,WASTAGE
0.248,3.014,0,0,1,WASTAGE
0.011,0.138,0,0,0,NORMAL
0.028,0.311,0,0,0,NORMAL
0.646,7.759,0,1,1,WASTAGE
0.46,5.588,1,1,0,NORMAL
0.504,6.104,0,0,1,WASTAGE
0.357,4.289,0,0,1,WASTAGE
0.721,8.694,1,1,1,NORMAL
0.035,0.419,0,0,0,NORMAL
0.016,0.247,1,0,0,LOW
0.018,0.202,1,0,0,LOW
0.016,0.068,1,0,0,LOW
0.752,9.028,0,1,1,WASTAGE
0.364,4.37,0,0,1,WASTAGE
0.036,0.45,0,0,0,NORMAL
0.328,3.929,0,0,1,WASTAGE
0.76,9.009,0,1,1,WASTAGE
0.014,0.176,0,0,0,NORMAL
0.583,6.992,1,1,0,NORMAL
0.022,0.296,0,0,0,NORMAL
0.001,0.074,0,0,0,NORMAL
0.675,8.183,1,1,1,NORMAL
0.024,0.245,0,0,0,NORMAL
0.555,6.687,1,1,0,NORMAL
0.471,5.604,0,1,0,WASTAGE
0.02,0.201,1,0,0,LOW
0.562,6.631,0,0,1,WASTAGE
0.977,11.834,1,1,1,NORMAL
0.338,4.005,0,0,1,WASTAGE
0.622,7.428,1,1,1,NORMAL
0.272,3.143,0,0,1,WASTAGE
0.4,4.83,0,0,1,WASTAGE
0.03,0.228,1,0,0,LOW
0.039,0.424,0,0,0,NORMAL
0.971,11.662,1,1,1,NORMAL
0.017,0.243,0,0,0,NORMAL
0.592,7.087,0,1,0,WASTAGE
0.915,11.026,0,1,1,WASTAGE
0.57,6.802,0,1,0,WASTAGE
0.02,0.319,1,0,0,LOW
0.667,7.996,0,1,0,WASTAGE
0.983,11.672,1,1,1,NORMAL
0.508,6.179,0,0,1,WASTAGE
0.001,0.093,0,0,0,NORMAL
0.535,6.49,0,0,1,WASTAGE
0.267,3.035,0,0,1,WASTAGE
0.642,7.847,0,1,0,WASTAGE
0.523,6.246,0,1,0,WASTAGE
0.575,6.905,1,1,0,NORMAL
0.42,5.045,0,1,0,WASTAGE
0.829,9.967,0,1,1,WASTAGE
0.727,8.629,0,1,0,WASTAGE
0.508,6.072,0,0,1,WASTAGE
0.88,10.547,0,1,1,WASTAGE
0.897,10.678,0,1,1,WASTAGE
0.633,7.51,1,1,0,NORMAL
0.032,0.386,1,0,0,LOW
0.602,7.329,1,1,1,NORMAL
0.423,5.128,0,0,1,WASTAGE
0.007,0.179,0,0,0,NORMAL
0.043,0.371,1,0,0,LOW
0.704,8.56,1,1,1,NORMAL
0.427,5.125,1,1,0,NORMAL
0.431,5.118,0,0,1,WASTAGE
0.001,0.058,1,0,0,LOW
1.066,12.817,0,1,1,WASTAGE
0.002,0.09,1,0,0,LOW
0.267,3.104,0,0,1,WASTAGE
1.078,12.837,0,1,1,WASTAGE
0.723,8.629,0,1,1,WASTAGE
0.354,4.304,0,0,1,WASTAGE
0.009,0.138,0,0,0,NORMAL
0.529,6.399,0,1,0,WASTAGE
0.51,6.118,0,1,0,WASTAGE
0.005,0.005,0,0,0,NORMAL
0.007,0.142,1,0,0,LOW
0.508,6.137,0,0,1,WASTAGE
0.496,6.041,0,0,1,WASTAGE
0.592,7.064,0,1,0,WASTAGE
0.792,9.562,1,1,1,NORMAL
0.007,0.088,0,0,0,NORMAL
1.0,11.974,0,1,1,WASTAGE
0.695,8.382,0,1,1,WASTAGE
0.015,0.213,1,0,0,LOW
0.736,8.823,0,1,1,WASTAGE
0.695,8.317,1,1,1,NORMAL
0.417,4.95,0,1,0,WASTAGE
0.02,0.24,0,0,0,NORMAL
0.583,6.921,0,1,0,WASTAGE
0.002,0.071,0,0,0,NORMAL
0.479,5.733,1,1,0,NORMAL
0.466,5.595,0,0,1,WASTAGE
0.498,5.94,0,0,1,WASTAGE
0.51,6.162,1,1,0,NORMAL
0.564,6.779,0,0,1,WASTAGE
0.325,3.931,0,0,1,WASTAGE
0.782,9.316,0,1,1,WASTAGE
0.014,0.253,0,0,0,NORMAL
0.006,0.056,1,0,0,LOW
0.474,5.712,1,1,0,NORMAL
0.032,0.283,1,0,0,LOW
0.026,0.276,1,0,0,LOW
0.518,6.183,0,0,1,WASTAGE
0.717,8.586,1,1,1,NORMAL
0.506,6.04,1,1,0,NORMAL
0.003,0.005,0,0,0,NORMAL
0.933,11.276,0,1,1,WASTAGE
0.03,0.375,0,0,0,NORMAL
0.96,11.515,1,1,1,NORMAL
0.013,0.156,1,0,0,LOW
0.026,0.294,0,0,0,NORMAL
0.027,0.28,0,0,0,NORMAL
0.813,9.755,0,1,1,WASTAGE
0.744,8.907,1,1,1,NORMAL
0.643,7.613,1,1,1,NORMAL
0.637,7.628,1,1,0,NORMAL
0.846,10.241,1,1,1,NORMAL
0.0,0.044,1,0,0,LOW
0.035,0.422,0,0,0,NORMAL
0.662,7.854,1,1,1,NORMAL
0.772,9.352,1,1,1,NORMAL
0.018,0.332,1,0,0,LOW
0.45,5.44,0,1,0,WASTAGE
0.741,8.868,0,1,1,WASTAGE
0.448,5.304,0,1,0,WASTAGE
0.024,0.202,1,0,0,LOW
0.828,9.938,0,1,1,WASTAGE
0.016,0.243,0,0,0,NORMAL
0.492,5.888,0,1,0,WASTAGE
0.036,0.338,1,0,0,LOW
0.877,10.533,1,1,1,NORMAL
0.69,8.343,0,1,1,WASTAGE
0.006,0.049,1,0,0,LOW
0.021,0.233,1,0,0,LOW
0.751,8.947,0,1,0,WASTAGE
0.638,7.679,1,1,1,NORMAL
0.032,0.31,0,0,0,NORMAL
0.006,0.033,1,0,0,LOW
0.016,0.207,1,0,0,LOW
1.029,12.379,0,1,1,WASTAGE
0.287,3.429,0,0,1,WASTAGE
0.264,3.223,0,0,1,WASTAGE
0.74,8.969,0,1,0,WASTAGE
0.019,0.229,0,0,0,NORMAL
0.023,0.313,1,0,0,LOW
0.471,5.646,0,0,1,WASTAGE
0.409,4.908,0,0,1,WASTAGE
1.002,11.973,0,1,1,WASTAGE
0.379,4.526,0,0,1,WASTAGE
0.587,7.005,1,1,1,NORMAL
0.009,0.164,0,0,0,NORMAL
0.48,5.794,1,1,0,NORMAL
0.712,8.589,0,1,0,WASTAGE
0.377,4.626,0,0,1,WASTAGE
0.532,6.309,0,0,1,WASTAGE
0.63,7.619,0,1,1,WASTAGE
0.714,8.603,1,1,1,NORMAL
0.3,3.641,0,0,1,WASTAGE
0.411,4.983,0,0,1,WASTAGE
0.461,5.51,0,0,1,WASTAGE
0.024,0.243,1,0,0,LOW
0.453,5.487,0,0,1,WASTAGE
0.002,0.057,1,0,0,LOW
0.0,0.001,1,0,0,LOW
0.012,0.183,0,0,0,NORMAL
0.641,7.691,1,1,0,NORMAL
0.575,6.907,1,1,0,NORMAL
0.951,11.424,0,1,1,WASTAGE
0.474,5.664,0,1,0,WASTAGE
0.019,0.174,0,0,0,NORMAL
0.348,4.196,0,0,1,WASTAGE
0.512,6.099,0,1,0,WASTAGE
0.826,9.977,1,1,1,NORMAL
0.026,0.343,0,0,0,NORMAL
0.257,3.122,0,0,1,WASTAGE
0.022,0.26,0,0,0,NORMAL
0.022,0.253,0,0,0,NORMAL
0.823,9.871,1,1,1,NORMAL
0.581,6.98,1,1,0,NORMAL
0.014,0.171,1,0,0,LOW
0.008,0.114,0,0,0,NORMAL
0.042,0.329,0,0,0,NORMAL
0.702,8.464,0,1,1,WASTAGE
0.439,5.24,1,1,0,NORMAL
0.009,0.008,0,0,0,NORMAL
0.457,5.515,1,1,0,NORMAL
0.67,8.099,1,1,1,NORMAL
0.292,3.548,0,0,1,WASTAGE
0.019,0.235,1,0,0,LOW
0.532,6.398,0,0,1,WASTAGE
0.603,7.218,1,1,1,NORMAL
0.776,9.304,1,1,1,NORMAL
0.487,5.836,0,0,1,WASTAGE
0.333,4.009,0,0,1,WASTAGE
0.045,0.492,0,0,0,NORMAL
0.281,3.401,0,0,1,WASTAGE
0.539,6.63,0,0,1,WASTAGE
0.006,0.175,1,0,0,LOW
0.549,6.459,0,0,1,WASTAGE
0.019,0.29,1,0,0,LOW
0.622,7.466,0,1,0,WASTAGE
0.605,7.259,0,1,0,WASTAGE
0.042,0.485,0,0,0,NORMAL
0.012,0.243,0,0,0,NORMAL
0.721,8.608,1,1,1,NORMAL
0.865,10.312,1,1,1,NORMAL
0.538,6.409,0,0,1,WASTAGE
0.02,0.284,1,0,0,LOW
0.514,6.168,0,0,1,WASTAGE
0.007,0.023,1,0,0,LOW
0.398,4.745,0,1,0,WASTAGE
0.894,10.804,1,1,1,NORMAL
0.517,6.292,1,1,0,NORMAL
0.608,7.352,0,1,1,WASTAGE
0.754,9.048,1,1,1,NORMAL
0.832,9.969,1,1,1,NORMAL
1.026,12.266,0,1,1,WASTAGE
0.016,0.118,1,0,0,LOW
0.423,5.128,1,1,0,NORMAL
0.417,5.069,0,1,0,WASTAGE
0.02,0.24,0,0,0,NORMAL
0.037,0.345,1,0,0,LOW
0.038,0.407,0,0,0,NORMAL
0.537,6.46,1,1,0,NORMAL
0.637,7.547,0,1,0,WASTAGE
0.017,0.167,0,0,0,NORMAL
0.036,0.394,1,0,0,LOW
0.426,5.099,0,0,1,WASTAGE
0.002,0.046,0,0,0,NORMAL
0.437,5.262,0,0,1,WASTAGE
0.724,8.767,1,1,1,NORMAL
0.937,11.166,0,1,1,WASTAGE
0.658,7.825,1,1,0,NORMAL
0.0,0.043,0,0,0,NORMAL
0.84,10.097,1,1,1,NORMAL
0.734,8.753,0,1,0,WASTAGE
0.03,0.336,0,0,0,NORMAL
0.442,5.314,0,1,0,WASTAGE
0.481,5.745,0,0,1,WASTAGE
0.559,6.625,0,1,0,WASTAGE
0.45,5.366,1,1,0,NORMAL
0.019,0.159,1,0,0,LOW
0.0,0.102,0,0,0,NORMAL
0.415,5.054,0,0,1,WASTAGE
0.613,7.362,1,1,1,NORMAL
1.018,12.31,0,1,1,WASTAGE
0.548,6.496,1,1,0,NORMAL
0.006,0.101,1,0,0,LOW
0.02,0.193,0,0,0,NORMAL
0.426,5.047,0,0,1,WASTAGE
0.004,0.067,0,0,0,NORMAL
0.542,6.485,0,0,1,WASTAGE
0.264,3.253,0,0,1,WASTAGE
0.646,7.74,1,1,0,NORMAL
0.674,8.04,0,1,1,WASTAGE
0.504,6.05,0,1,0,WASTAGE
0.008,0.227,0,0,0,NORMAL
0.498,5.98,0,0,1,WASTAGE
0.945,11.356,1,1,1,NORMAL
0.653,7.788,0,1,1,WASTAGE
0.014,0.182,0,0,0,NORMAL
0.46,5.41,0,1,0,WASTAGE
0.525,6.289,1,1,0,NORMAL
0.655,7.848,1,1,0,NORMAL
0.0,0.056,1,0,0,LOW
0.616,7.361,1,1,1,NORMAL
0.876,10.442,0,1,1,WASTAGE
0.739,8.925,1,1,1,NORMAL
0.044,0.489,0,0,0,NORMAL
0.61,7.362,1,1,0,NORMAL
0.302,3.706,0,0,1,WASTAGE
0.811,9.684,1,1,1,NORMAL
0.728,8.707,0,1,1,WASTAGE
0.643,7.706,0,1,0,WASTAGE
0.385,4.531,0,0,1,WASTAGE
0.029,0.256,0,0,0,NORMAL
0.02,0.211,0,0,0,NORMAL
0.906,10.874,0,1,1,WASTAGE
0.81,9.72,1,1,0,NORMAL
0.001,0.092,0,0,0,NORMAL
0.023,0.229,0,0,0,NORMAL
0.02,0.192,0,0,0,NORMAL
0.503,6.105,1,1,0,NORMAL
0.787,9.302,0,1,1,WASTAGE
0.631,7.567,1,1,1,NORMAL
0.747,8.993,1,1,1,NORMAL
0.626,7.516,0,1,0,WASTAGE
1.022,12.224,0,1,1,WASTAGE
0.021,0.271,0,0,0,NORMAL
0.795,9.467,1,1,1,NORMAL
0.255,3.015,0,0,1,WASTAGE
0.429,5.172,1,1,0,NORMAL
0.619,7.309,1,1,0,NORMAL
0.034,0.455,0,0,0,NORMAL
0.325,3.852,0,0,1,WASTAGE
0.788,9.447,0,1,1,WASTAGE
0.003,0.116,1,0,0,LOW
0.027,0.316,1,0,0,LOW
0.975,11.743,0,1,1,WASTAGE
0.021,0.409,0,0,0,NORMAL
0.569,6.761,1,1,0,NORMAL
0.666,7.873,1,1,0,NORMAL
0.039,0.38,0,0,0,NORMAL
0.33,3.985,0,0,1,WASTAGE
0.624,7.429,1,1,1,NORMAL
0.016,0.225,0,0,0,NORMAL
0.922,10.949,0,1,1,WASTAGE
0.411,4.864,0,0,1,WASTAGE
0.548,6.419,1,1,0,NORMAL
0.393,4.768,0,0,1,WASTAGE
0.02,0.24,0,0,0,NORMAL
0.635,7.645,0,1,1,WASTAGE
0.71,8.532,0,1,0,WASTAGE
0.024,0.151,1,0,0,LOW
0.485,5.836,1,1,0,NORMAL
1.037,12.504,0,1,1,WASTAGE
0.007,0.101,1,0,0,LOW
0.974,11.769,1,1,1,NORMAL
0.023,0.196,1,0,0,LOW
0.585,7.111,1,1,1,NORMAL
0.028,0.314,0,0,0,NORMAL
0.035,0.411,0,0,0,NORMAL
0.747,8.906,1,1,1,NORMAL
0.0,0.033,1,0,0,LOW
0.491,5.864,1,1,0,NORMAL
0.604,7.284,0,1,1,WASTAGE
0.557,6.685,0,1,0,WASTAGE
0.504,5.986,0,0,1,WASTAGE
0.76,9.127,0,1,1,WASTAGE
0.011,0.121,1,0,0,LOW
0.591,7.13,0,1,1,WASTAGE
0.937,11.217,1,1,1,NORMAL
0.716,8.581,1,1,1,NORMAL
0.717,8.597,0,1,1,WASTAGE
0.027,0.381,0,0,0,NORMAL
0.032,0.357,1,0,0,LOW
0.016,0.136,1,0,0,LOW
0.009,0.12,0,0,0,NORMAL
0.3,3.606,0,0,1,WASTAGE
0.006,0.078,1,0,0,LOW
0.0,0.066,1,0,0,LOW
0.012,0.13,1,0,0,LOW
0.827,9.998,0,1,1,WASTAGE
0.646,7.633,1,1,0,NORMAL
0.618,7.492,1,1,0,NORMAL
0.903,10.831,1,1,1,NORMAL
0.008,0.065,0,0,0,NORMAL
1.015,12.207,0,1,1,WASTAGE
0.497,5.947,1,1,0,NORMAL
0.789,9.625,1,1,1,NORMAL
0.425,5.178,0,1,0,WASTAGE
1.055,12.719,0,1,1,WASTAGE
0.561,6.787,0,0,1,WASTAGE
0.032,0.458,0,0,0,NORMAL
0.506,6.078,0,0,1,WASTAGE
0.638,7.601,1,1,1,NORMAL
0.035,0.351,0,0,0,NORMAL
0.902,10.772,0,1,1,WASTAGE
0.822,9.984,0,1,1,WASTAGE
0.992,11.946,1,1,1,NORMAL
0.858,10.347,1,1,1,NORMAL
0.622,7.385,0,1,0,WASTAGE
0.0,0.035,1,0,0,LOW
0.279,3.308,0,0,1,WASTAGE
0.593,7.084,0,1,0,WASTAGE
0.431,5.288,1,1,0,NORMAL
0.625,7.528,1,1,1,NORMAL
0.03,0.328,1,0,0,LOW
0.435,5.139,0,0,1,WASTAGE
0.042,0.395,1,0,0,LOW
0.0,0.029,0,0,0,NORMAL
1.012,12.14,0,1,1,WASTAGE
0.645,7.654,1,1,1,NORMAL
0.431,5.17,1,1,0,NORMAL
0.752,8.988,1,1,1,NORMAL
0.034,0.43,0,0,0,NORMAL
0.257,3.125,0,0,1,WASTAGE
0.69,8.262,0,1,0,WASTAGE
0.433,5.276,1,1,0,NORMAL
0.913,10.904,1,1,1,NORMAL
0.554,6.541,0,0,1,WASTAGE
0.735,8.836,1,1,1,NORMAL
0.047,0.49,0,0,0,NORMAL
0.471,5.669,1,1,0,NORMAL
0.646,7.856,1,1,1,NORMAL
0.73,8.709,0,1,0,WASTAGE
0.753,9.08,1,1,1,NORMAL
0.674,8.026,1,1,1,NORMAL
0.615,7.353,1,1,0,NORMAL
0.035,0.386,1,0,0,LOW
0.0,0.012,0,0,0,NORMAL
0.475,5.665,1,1,0,NORMAL
0.688,8.285,1,1,1,NORMAL
0.66,7.92,1,1,0,NORMAL
0.393,4.711,0,0,1,WASTAGE
0.021,0.198,1,0,0,LOW
0.822,9.961,0,1,1,WASTAGE
0.922,11.037,1,1,1,NORMAL
0.727,8.692,0,1,1,WASTAGE
0.851,10.281,0,1,1,WASTAGE
0.023,0.288,1,0,0,LOW
0.427,5.181,1,1,0,NORMAL
0.464,5.598,0,1,0,WASTAGE
0.624,7.411,0,1,0,WASTAGE
1.046,12.469,0,1,1,WASTAGE
0.377,4.615,0,1,0,WASTAGE
1.081,12.912,0,1,1,WASTAGE
0.021,0.348,0,0,0,NORMAL
0.534,6.338,0,1,0,WASTAGE
0.483,5.795,0,0,1,WASTAGE
0.622,7.454,1,1,0,NORMAL
0.372,4.464,0,0,1,WASTAGE
0.48,5.896,0,1,0,WASTAGE
0.967,11.566,0,1,1,WASTAGE
0.529,6.266,1,1,0,NORMAL
0.018,0.145,1,0,0,LOW
0.623,7.538,0,1,1,WASTAGE
0.0,0.098,0,0,0,NORMAL
0.351,4.179,0,0,1,WASTAGE
0.039,0.472,0,0,0,NORMAL
0.025,0.369,1,0,0,LOW
0.422,5.088,0,0,1,WASTAGE
0.033,0.477,0,0,0,NORMAL
0.486,5.882,0,1,0,WASTAGE
0.578,6.874,1,1,0,NORMAL
0.039,0.475,0,0,0,NORMAL
0.013,0.155,0,0,0,NORMAL
0.706,8.439,0,1,0,WASTAGE
0.536,6.424,0,1,0,WASTAGE
0.013,0.146,0,0,0,NORMAL
0.653,7.798,1,1,1,NORMAL
0.02,0.268,1,0,0,LOW
0.506,6.062,1,1,0,NORMAL
0.036,0.447,0,0,0,NORMAL
0.674,8.149,0,1,0,WASTAGE
0.015,0.129,0,0,0,NORMAL
0.592,7.091,0,1,1,WASTAGE
0.479,5.592,1,1,0,NORMAL
0.944,11.266,1,1,1,NORMAL
0.995,11.878,1,1,1,NORMAL
0.021,0.205,1,0,0,LOW
0.555,6.703,1,1,0,NORMAL
0.032,0.377,1,0,0,LOW
0.619,7.453,0,1,0,WASTAGE
0.702,8.412,1,1,0,NORMAL
0.837,10.09,0,1,1,WASTAGE
0.005,0.034,0,0,0,NORMAL
0.028,0.35,1,0,0,LOW
0.652,7.751,0,1,0,WASTAGE
0.584,6.993,1,1,0,NORMAL
0.641,7.853,1,1,1,NORMAL
0.691,8.231,1,1,1,NORMAL
0.448,5.309,1,1,0,NORMAL
0.01,0.082,0,0,0,NORMAL
0.486,5.83,0,0,1,WASTAGE
0.535,6.518,1,1,0,NORMAL
0.526,6.194,1,1,0,NORMAL
0.592,7.23,1,1,1,NORMAL
0.56,6.669,1,1,0,NORMAL
0.539,6.395,0,0,1,WASTAGE
0.714,8.527,1,1,1,NORMAL
0.0,0.027,0,0,0,NORMAL
0.909,10.839,1,1,1,NORMAL
0.541,6.448,0,0,1,WASTAGE
0.475,5.803,1,1,0,NORMAL
0.008,0.158,1,0,0,LOW
0.573,6.906,1,1,0,NORMAL
0.585,6.998,1,1,0,NORMAL
0.016,0.256,0,0,0,NORMAL
0.681,8.182,0,1,0,WASTAGE
0.571,6.886,0,1,0,WASTAGE
0.715,8.575,1,1,1,NORMAL
1.07,12.9,0,1,1,WASTAGE
0.489,5.783,1,1,0,NORMAL
0.697,8.32,0,1,1,WASTAGE
0.035,0.372,1,0,0,LOW
0.462,5.578,0,1,0,WASTAGE
0.898,10.777,1,1,1,NORMAL
0.687,8.19,0,1,0,WASTAGE
0.639,7.73,1,1,1,NORMAL
0.038,0.445,0,0,0,NORMAL
0.279,3.434,0,0,1,WASTAGE
0.037,0.482,0,0,0,NORMAL
0.036,0.36,1,0,0,LOW
0.423,5.093,0,1,0,WASTAGE
0.009,0.075,1,0,0,LOW
0.404,4.894,0,0,1,WASTAGE
0.496,5.921,1,1,0,NORMAL
0.002,0.019,0,0,0,NORMAL
0.005,0.046,0,0,0,NORMAL
0.46,5.569,1,1,0,NORMAL
0.63,7.411,0,1,0,WASTAGE
0.009,0.11,0,0,0,NORMAL
0.493,5.879,0,0,1,WASTAGE
0.597,7.062,0,1,0,WASTAGE
0.925,11.078,0,1,1,WASTAGE
0.928,11.069,0,1,1,WASTAGE
0.014,0.135,1,0,0,LOW
0.757,9.033,0,1,1,WASTAGE
0.505,5.961,1,1,0,NORMAL
0.68,8.204,0,1,1,WASTAGE
0.628,7.457,1,1,0,NORMAL
0.687,8.171,1,1,0,NORMAL
0.001,0.084,0,0,0,NORMAL
0.373,4.499,0,0,1,WASTAGE
1.065,12.739,0,1,1,WASTAGE
0.433,5.141,1,1,0,NORMAL
0.584,7.102,1,1,1,NORMAL
0.328,3.925,0,0,1,WASTAGE
0.016,0.242,0,0,0,NORMAL
0.597,7.16,1,1,0,NORMAL
0.004,0.042,0,0,0,NORMAL
0.35,4.265,0,0,1,WASTAGE
0.025,0.351,0,0,0,NORMAL
0.963,11.529,1,1,1,NORMAL
0.015,0.136,1,0,0,LOW
0.629,7.505,0,1,0,WASTAGE
0.679,8.12,0,1,1,WASTAGE
0.526,6.303,0,1,0,WASTAGE
0.679,8.102,0,1,1,WASTAGE
0.596,7.218,1,1,0,NORMAL
0.772,9.242,0,1,1,WASTAGE
0.509,6.065,0,0,1,WASTAGE
0.003,0.108,0,0,0,NORMAL
0.422,5.031,0,1,0,WASTAGE
0.001,0.006,1,0,0,LOW
0.016,0.184,1,0,0,LOW
0.026,0.305,1,0,0,LOW
0.562,6.713,0,0,1,WASTAGE
0.746,8.915,0,1,1,WASTAGE
0.875,10.604,1,1,1,NORMAL
0.585,7.06,1,1,0,NORMAL
0.033,0.358,1,0,0,LOW
0.698,8.371,0,1,1,WASTAGE
0.72,8.691,0,1,1,WASTAGE
0.825,9.878,0,1,1,WASTAGE
0.755,9.034,1,1,1,NORMAL
0.017,0.163,0,0,0,NORMAL
0.319,3.869,0,0,1,WASTAGE
0.463,5.61,1,1,0,NORMAL
0.017,0.208,1,0,0,LOW
0.015,0.203,0,0,0,NORMAL
0.656,7.795,1,1,0,NORMAL
0.827,9.939,1,1,1,NORMAL
0.864,10.335,1,1,1,NORMAL
0.861,10.211,1,1,1,NORMAL
1.031,12.367,0,1,1,WASTAGE
0.013,0.109,1,0,0,LOW
0.405,4.839,0,0,1,WASTAGE
0.8,9.688,1,1,1,NORMAL
0.57,6.799,1,1,0,NORMAL
0.715,8.516,1,1,1,NORMAL
0.017,0.207,0,0,0,NORMAL
0.881,10.648,0,1,1,WASTAGE
0.689,8.295,1,1,0,NORMAL
1.052,12.666,0,1,1,WASTAGE
0.026,0.388,1,0,0,LOW
0.739,8.868,1,1,1,NORMAL
0.595,7.092,1,1,1,NORMAL
0.009,0.08,0,0,0,NORMAL
0.841,10.066,1,1,1,NORMAL
0.965,11.614,0,1,1,WASTAGE
1.077,12.982,0,1,1,WASTAGE
0.035,0.387,1,0,0,LOW
0.747,8.947,0,1,1,WASTAGE
0.011,0.206,0,0,0,NORMAL
0.028,0.267,1,0,0,LOW
0.547,6.561,0,0,1,WASTAGE
0.786,9.38,0,1,1,WASTAGE
0.837,9.92,0,1,1,WASTAGE
0.27,3.269,0,0,1,WASTAGE
0.737,8.877,1,1,1,NORMAL
0.479,5.838,1,1,0,NORMAL
0.005,0.069,0,0,0,NORMAL
0.798,9.553,0,1,1,WASTAGE
0.416,5.069,1,1,0,NORMAL
0.552,6.638,0,0,1,WASTAGE
0.917,11.064,1,1,1,NORMAL
0.622,7.459,0,1,1,WASTAGE
0.472,5.54,0,1,0,WASTAGE
0.039,0.409,0,0,0,NORMAL
0.001,0.017,1,0,0,LOW
0.002,0.071,0,0,0,NORMAL
0.873,10.515,1,1,1,NORMAL
0.667,8.062,1,1,0,NORMAL
0.0,0.05,1,0,0,LOW
0.622,7.513,1,1,0,NORMAL
0.713,8.573,0,1,0,WASTAGE
0.901,10.802,1,1,1,NORMAL
0.362,4.501,0,0,1,WASTAGE
0.033,0.376,0,0,0,NORMAL
0.994,12.072,0,1,1,WASTAGE
0.009,0.162,0,0,0,NORMAL
0.025,0.31,1,0,0,LOW
0.771,9.321,1,1,1,NORMAL
1.076,12.883,0,1,1,WASTAGE
0.803,9.652,0,1,1,WASTAGE
0.758,9.201,1,1,1,NORMAL
0.039,0.306,0,0,0,NORMAL
0.013,0.038,1,0,0,LOW
0.358,4.19,0,0,1,WASTAGE
0.501,6.103,0,1,0,WASTAGE
0.966,11.638,0,1,1,WASTAGE
0.596,7.098,0,1,0,WASTAGE
0.011,0.194,1,0,0,LOW
0.999,11.997,0,1,1,WASTAGE
0.935,11.329,0,1,1,WASTAGE
0.011,0.204,1,0,0,LOW
0.678,8.229,1,1,1,NORMAL
0.021,0.23,1,0,0,LOW
0.477,5.781,0,0,1,WASTAGE
0.573,6.879,0,1,0,WASTAGE
0.022,0.145,1,0,0,LOW
0.548,6.576,0,0,1,WASTAGE
0.53,6.381,1,1,0,NORMAL
0.446,5.309,0,1,0,WASTAGE
0.519,6.242,1,1,0,NORMAL
0.019,0.261,1,0,0,LOW
0.027,0.265,1,0,0,LOW
0.044,0.491,0,0,0,NORMAL
0.652,7.778,0,1,1,WASTAGE
0.029,0.393,0,0,0,NORMAL
0.002,0.116,1,0,0,LOW
1.029,12.352,0,1,1,WASTAGE
0.779,9.405,1,1,1,NORMAL
0.019,0.142,0,0,0,NORMAL
0.017,0.094,1,0,0,LOW
0.526,6.244,1,1,0,NORMAL
0.385,4.568,0,0,1,WASTAGE
0.665,7.999,1,1,1,NORMAL
0.491,5.79,1,1,0,NORMAL
0.282,3.28,0,0,1,WASTAGE
0.263,3.164,0,0,1,WASTAGE
0.834,9.991,1,1,1,NORMAL
0.787,9.549,1,1,1,NORMAL
0.591,7.172,0,1,1,WASTAGE
0.766,9.162,1,1,1,NORMAL
0.016,0.199,1,0,0,LOW
0.013,0.225,1,0,0,LOW
0.382,4.595,0,0,1,WASTAGE
0.479,5.764,1,1,0,NORMAL
0.027,0.126,1,0,0,LOW
0.012,0.183,0,0,0,NORMAL
0.003,0.07,0,0,0,NORMAL
0.702,8.404,0,1,0,WASTAGE
0.658,7.895,0,1,0,WASTAGE
0.667,8.043,1,1,0,NORMAL
0.472,5.685,1,1,0,NORMAL
0.031,0.331,0,0,0,NORMAL
0.613,7.474,0,1,1,WASTAGE
0.003,0.098,0,0,0,NORMAL
0.027,0.346,0,0,0,NORMAL
0.288,3.524,0,0,1,WASTAGE
0.995,11.891,0,1,1,WASTAGE
0.465,5.582,0,0,1,WASTAGE
0.541,6.411,1,1,0,NORMAL
1.016,12.195,0,1,1,WASTAGE
0.892,10.709,0,1,1,WASTAGE
0.004,0.092,1,0,0,LOW
0.365,4.461,0,0,1,WASTAGE
0.411,4.895,0,0,1,WASTAGE
0.635,7.726,0,1,0,WASTAGE
0.567,6.797,1,1,0,NORMAL
0.444,5.257,0,0,1,WASTAGE
0.641,7.695,1,1,1,NORMAL
0.044,0.46,0,0,0,NORMAL
0.674,8.148,0,1,1,WASTAGE
0.02,0.259,1,0,0,LOW
0.021,0.26,1,0,0,LOW
0.006,0.088,1,0,0,LOW
0.026,0.245,1,0,0,LOW
0.917,11.045,1,1,1,NORMAL
0.743,8.993,0,1,1,WASTAGE
0.847,10.168,1,1,1,NORMAL
0.02,0.281,1,0,0,LOW
0.588,7.188,0,1,0,WASTAGE
0.592,7.2,1,1,0,NORMAL
0.028,0.433,0,0,0,NORMAL
0.472,5.81,0,1,0,WASTAGE
0.838,9.995,1,1,1,NORMAL
0.005,0.172,1,0,0,LOW
0.995,11.855,1,1,1,NORMAL
0.014,0.342,1,0,0,LOW
0.012,0.139,1,0,0,LOW
0.583,7.003,1,1,0,NORMAL
0.655,7.827,1,1,0,NORMAL
0.665,7.934,0,1,1,WASTAGE
0.277,3.266,0,0,1,WASTAGE
0.764,9.151,0,1,1,WASTAGE
0.931,11.164,1,1,1,NORMAL
0.0,0.085,0,0,0,NORMAL
0.016,0.144,1,0,0,LOW
0.642,7.742,1,1,0,NORMAL
0.03,0.409,0,0,0,NORMAL
0.924,11.024,0,1,1,WASTAGE
0.476,5.687,1,1,0,NORMAL
0.355,4.249,0,0,1,WASTAGE
0.38,4.518,0,1,0,WASTAGE
0.256,3.069,0,0,1,WASTAGE
0.691,8.273,0,1,1,WASTAGE
0.677,8.15,0,1,0,WASTAGE
0.019,0.246,1,0,0,LOW
0.043,0.461,0,0,0,NORMAL
0.015,0.211,1,0,0,LOW
0.756,9.108,0,1,1,WASTAGE
0.0,0.033,1,0,0,LOW
0.688,8.265,1,1,0,NORMAL
0.663,7.845,1,1,0,NORMAL
0.012,0.166,0,0,0,NORMAL
0.665,7.972,0,1,0,WASTAGE
0.278,3.305,0,0,1,WASTAGE
0.021,0.205,0,0,0,NORMAL
0.638,7.647,0,1,1,WASTAGE
0.017,0.208,1,0,0,LOW
0.698,8.379,1,1,0,NORMAL
0.619,7.37,1,1,0,NORMAL
0.82,9.859,1,1,1,NORMAL
0.472,5.598,1,1,0,NORMAL
0.406,4.796,0,1,0,WASTAGE
0.781,9.325,1,1,1,NORMAL
0.006,0.102,1,0,0,LOW
0.453,5.394,1,1,0,NORMAL
0.649,7.818,1,1,0,NORMAL
0.038,0.473,0,0,0,NORMAL
0.019,0.336,1,0,0,LOW
0.015,0.144,1,0,0,LOW
0.395,4.738,0,0,1,WASTAGE
0.016,0.24,0,0,0,NORMAL
0.011,0.13,0,0,0,NORMAL
0.509,6.197,1,1,0,NORMAL
0.025,0.295,1,0,0,LOW
0.734,8.741,0,1,0,WASTAGE
0.015,0.161,1,0,0,LOW
0.702,8.35,0,1,0,WASTAGE
0.937,11.276,1,1,1,NORMAL
0.624,7.398,0,1,0,WASTAGE
0.359,4.2,0,0,1,WASTAGE
0.817,9.798,0,1,1,WASTAGE
0.808,9.657,1,1,1,NORMAL
0.039,0.438,0,0,0,NORMAL
0.022,0.24,1,0,0,LOW
0.766,9.236,1,1,1,NORMAL
0.616,7.355,1,1,1,NORMAL
0.669,7.945,1,1,1,NORMAL
0.62,7.394,1,1,0,NORMAL
1.078,12.909,0,1,1,WASTAGE
0.709,8.518,1,1,1,NORMAL
0.382,4.508,0,0,1,WASTAGE
0.005,0.101,0,0,0,NORMAL
0.031,0.369,0,0,0,NORMAL
0.721,8.697,0,1,0,WASTAGE
0.398,4.811,0,0,1,WASTAGE
0.834,9.949,0,1,1,WASTAGE
0.525,6.289,0,1,0,WASTAGE
0.637,7.593,1,1,1,NORMAL
0.663,8.005,1,1,0,NORMAL
0.424,5.072,0,1,0,WASTAGE
0.014,0.118,1,0,0,LOW
0.023,0.299,1,0,0,LOW
0.601,7.26,1,1,1,NORMAL
0.585,7.122,1,1,1,NORMAL
0.801,9.666,0,1,1,WASTAGE
0.499,6.025,0,0,1,WASTAGE
0.439,5.311,0,0,1,WASTAGE
0.96,11.505,1,1,1,NORMAL
0.589,7.123,1,1,1,NORMAL
0.315,3.619,0,0,1,WASTAGE
1.086,12.983,0,1,1,WASTAGE
0.652,7.888,0,1,0,WASTAGE
0.022,0.191,0,0,0,NORMAL
0.648,7.82,1,1,1,NORMAL
0.882,10.609,0,1,1,WASTAGE
0.035,0.354,0,0,0,NORMAL
0.801,9.687,1,1,1,NORMAL
0.32,3.748,0,0,1,WASTAGE
0.019,0.233,0,0,0,NORMAL
0.527,6.258,0,1,0,WASTAGE
0.707,8.442,0,1,1,WASTAGE
0.632,7.671,1,1,1,NORMAL
0.552,6.712,0,1,0,WASTAGE
0.483,5.915,0,1,0,WASTAGE
0.034,0.393,1,0,0,LOW
0.497,6.043,0,1,0,WASTAGE
0.0,0.085,1,0,0,LOW
0.744,8.937,0,1,0,WASTAGE
0.279,3.368,0,0,1,WASTAGE
0.722,8.733,0,1,0,WASTAGE
0.016,0.258,0,0,0,NORMAL
0.649,7.737,1,1,0,NORMAL
0.004,0.132,1,0,0,LOW
0.503,5.924,0,0,1,WASTAGE
0.859,10.248,0,1,1,WASTAGE
0.635,7.628,1,1,1,NORMAL
0.553,6.722,1,1,0,NORMAL
0.557,6.702,1,1,0,NORMAL
0.643,7.633,0,1,1,WASTAGE
0.018,0.269,0,0,0,NORMAL
0.672,7.998,0,1,1,WASTAGE
0.439,5.285,1,1,0,NORMAL
0.019,0.21,1,0,0,LOW
0.698,8.353,1,1,0,NORMAL
0.633,7.459,1,1,1,NORMAL
0.372,4.515,0,0,1,WASTAGE
0.712,8.575,0,1,0,WASTAGE
0.878,10.458,0,1,1,WASTAGE
0.597,7.202,1,1,1,NORMAL
0.78,9.347,1,1,1,NORMAL
0.014,0.187,0,0,0,NORMAL
0.795,9.502,1,1,1,NORMAL
0.486,5.797,0,1,0,WASTAGE
0.02,0.308,0,0,0,NORMAL
0.03,0.362,1,0,0,LOW
0.648,7.969,1,1,0,NORMAL
0.438,5.33,0,1,0,WASTAGE
0.032,0.31,1,0,0,LOW
0.327,3.955,0,0,1,WASTAGE
0.499,5.997,0,1,0,WASTAGE
0.683,8.142,1,1,1,NORMAL
0.629,7.553,0,1,0,WASTAGE
0.418,5.015,1,1,0,NORMAL
0.014,0.108,0,0,0,NORMAL
0.427,5.077,0,1,0,WASTAGE
0.019,0.221,1,0,0,LOW
0.403,4.866,0,0,1,WASTAGE
0.805,9.759,1,1,1,NORMAL
0.264,3.21,0,0,1,WASTAGE
0.764,9.146,0,1,1,WASTAGE
0.01,0.064,1,0,0,LOW
1.052,12.637,0,1,1,WASTAGE
1.051,12.63,0,1,1,WASTAGE
0.856,10.283,0,1,1,WASTAGE
0.553,6.714,1,1,0,NORMAL
0.018,0.283,0,0,0,NORMAL
1.055,12.601,0,1,1,WASTAGE
1.055,12.702,0,1,1,WASTAGE
0.722,8.593,1,1,1,NORMAL
0.382,4.636,0,0,1,WASTAGE
0.618,7.336,1,1,1,NORMAL
0.694,8.365,0,1,1,WASTAGE
0.377,4.522,0,0,1,WASTAGE
0.634,7.656,1,1,0,NORMAL
0.494,5.907,0,1,0,WASTAGE
0.367,4.413,0,0,1,WASTAGE
0.471,5.602,0,1,0,WASTAGE
0.612,7.419,1,1,1,NORMAL
0.54,6.492,1,1,0,NORMAL
0.031,0.394,1,0,0,LOW
0.504,6.153,1,1,0,NORMAL
0.458,5.559,1,1,0,NORMAL
0.015,0.173,1,0,0,LOW
0.448,5.328,1,1,0,NORMAL
0.779,9.443,1,1,1,NORMAL
0.882,10.595,1,1,1,NORMAL
0.027,0.331,1,0,0,LOW
0.428,5.138,1,1,0,NORMAL
0.766,9.262,1,1,1,NORMAL
0.603,7.282,1,1,1,NORMAL
0.414,5.009,0,0,1,WASTAGE
0.026,0.246,1,0,0,LOW
0.396,4.689,0,1,0,WASTAGE
0.387,4.651,0,1,0,WASTAGE
0.618,7.379,0,1,1,WASTAGE
0.021,0.277,1,0,0,LOW
0.005,0.008,0,0,0,NORMAL
0.467,5.627,0,1,0,WASTAGE
0.851,10.291,1,1,1,NORMAL
0.957,11.488,1,1,1,NORMAL
0.33,3.905,0,0,1,WASTAGE
0.869,10.53,1,1,1,NORMAL
0.018,0.175,0,0,0,NORMAL
0.988,11.936,0,1,1,WASTAGE
0.012,0.174,0,0,0,NORMAL
0.836,9.905,0,1,1,WASTAGE
0.453,5.468,1,1,0,NORMAL
1.025,12.296,0,1,1,WASTAGE
0.029,0.385,0,0,0,NORMAL
0.041,0.478,0,0,0,NORMAL
0.319,3.844,0,0,1,WASTAGE
0.443,5.297,0,1,0,WASTAGE
0.57,6.777,1,1,0,NORMAL
0.014,0.152,0,0,0,NORMAL
0.559,6.757,0,0,1,WASTAGE
0.65,7.838,1,1,0,NORMAL
0.026,0.254,0,0,0,NORMAL
0.964,11.591,1,1,1,NORMAL
0.584,7.058,1,1,1,NORMAL
0.628,7.53,1,1,0,NORMAL
0.503,6.043,1,1,0,NORMAL
0.0,0.025,1,0,0,LOW
0.749,9.033,1,1,1,NORMAL
0.8,9.689,0,1,1,WASTAGE
0.437,5.218,0,0,1,WASTAGE
0.024,0.208,1,0,0,LOW
0.427,5.104,0,0,1,WASTAGE
0.377,4.682,0,1,0,WASTAGE
0.654,7.773,1,1,0,NORMAL
0.721,8.57,0,1,0,WASTAGE
0.685,8.202,1,1,0,NORMAL
0.621,7.559,1,1,0,NORMAL
0.667,8.05,0,1,0,WASTAGE
0.615,7.453,1,1,0,NORMAL
0.034,0.455,0,0,0,NORMAL
0.041,0.482,0,0,0,NORMAL
0.681,8.188,1,1,0,NORMAL
0.039,0.388,0,0,0,NORMAL
0.024,0.28,0,0,0,NORMAL
0.034,0.389,1,0,0,LOW
0.678,8.157,0,1,1,WASTAGE
0.626,7.558,0,1,0,WASTAGE
0.629,7.535,0,1,0,WASTAGE
0.49,5.815,0,1,0,WASTAGE
0.727,8.68,0,1,1,WASTAGE
0.593,7.117,0,1,0,WASTAGE
0.938,11.253,0,1,1,WASTAGE
0.034,0.425,0,0,0,NORMAL
0.531,6.364,0,1,0,WASTAGE
0.797,9.58,0,1,1,WASTAGE
0.547,6.546,1,1,0,NORMAL
0.819,9.891,1,1,1,NORMAL
0.729,8.712,1,1,1,NORMAL
0.472,5.627,1,1,0,NORMAL
0.752,8.986,1,1,1,NORMAL
0.006,0.031,0,0,0,NORMAL
0.484,5.831,1,1,0,NORMAL
0.535,6.38,1,1,0,NORMAL
0.038,0.326,1,0,0,LOW
0.649,7.85,1,1,0,NORMAL
0.534,6.443,0,1,0,WASTAGE
0.469,5.628,0,1,0,WASTAGE
0.397,4.874,0,1,0,WASTAGE
0.389,4.679,0,0,1,WASTAGE
0.939,11.267,0,1,1,WASTAGE
0.41,4.886,0,0,1,WASTAGE
0.011,0.152,1,0,0,LOW
0.453,5.387,1,1,0,NORMAL
0.034,0.339,0,0,0,NORMAL
0.029,0.351,0,0,0,NORMAL
0.634,7.561,1,1,1,NORMAL
0.981,11.719,0,1,1,WASTAGE
0.028,0.414,0,0,0,NORMAL
0.339,4.026,0,0,1,WASTAGE
0.517,6.216,1,1,0,NORMAL
0.714,8.501,0,1,0,WASTAGE
0.021,0.142,1,0,0,LOW
0.036,0.399,1,0,0,LOW
0.456,5.446,0,0,1,WASTAGE
0.033,0.292,1,0,0,LOW
0.009,0.025,1,0,0,LOW
0.927,11.12,0,1,1,WASTAGE
0.617,7.479,0,1,0,WASTAGE
0.709,8.52,0,1,0,WASTAGE
0.966,11.599,1,1,1,NORMAL
0.611,7.358,0,1,0,WASTAGE
0.48,5.883,1,1,0,NORMAL
0.724,8.571,0,1,1,WASTAGE
0.541,6.455,1,1,0,NORMAL
0.628,7.518,0,1,0,WASTAGE
0.923,11.244,1,1,1,NORMAL
0.868,10.41,0,1,1,WASTAGE
0.61,7.243,1,1,0,NORMAL
0.009,0.071,0,0,0,NORMAL
0.559,6.769,1,1,0,NORMAL
0.92,11.005,0,1,1,WASTAGE
0.013,0.188,1,0,0,LOW
0.626,7.535,1,1,1,NORMAL
0.632,7.55,1,1,0,NORMAL
0.672,8.084,1,1,0,NORMAL
0.009,0.059,1,0,0,LOW
0.008,0.013,0,0,0,NORMAL
0.708,8.423,0,1,1,WASTAGE
0.521,6.265,1,1,0,NORMAL
0.412,4.943,0,1,0,WASTAGE
0.619,7.362,1,1,0,NORMAL
0.018,0.309,1,0,0,LOW
0.694,8.365,1,1,0,NORMAL
0.475,5.588,0,1,0,WASTAGE
0.008,0.177,0,0,0,NORMAL
0.008,0.207,1,0,0,LOW
0.029,0.34,1,0,0,LOW
0.88,10.521,1,1,1,NORMAL
0.468,5.466,1,1,0,NORMAL
0.511,6.094,0,0,1,WASTAGE
0.672,8.074,1,1,1,NORMAL
0.491,5.878,1,1,0,NORMAL
0.705,8.474,1,1,0,NORMAL
0.52,6.318,0,0,1,WASTAGE
0.023,0.306,1,0,0,LOW
0.43,5.087,0,0,1,WASTAGE
0.63,7.522,1,1,1,NORMAL
0.005,0.005,0,0,0,NORMAL
0.98,11.783,0,1,1,WASTAGE
0.018,0.157,1,0,0,LOW
0.29,3.548,0,0,1,WASTAGE
0.002,0.004,1,0,0,LOW
0.026,0.323,0,0,0,NORMAL
0.883,10.612,1,1,1,NORMAL
0.582,6.89,0,1,0,WASTAGE
0.459,5.505,1,1,0,NORMAL
0.008,0.072,0,0,0,NORMAL
0.955,11.451,0,1,1,WASTAGE
0.543,6.469,0,1,0,WASTAGE
0.821,9.78,0,1,1,WASTAGE
0.891,10.635,0,1,1,WASTAGE
0.432,5.136,0,0,1,WASTAGE
0.03,0.36,0,0,0,NORMAL
0.57,6.794,0,1,0,WASTAGE
0.001,0.021,1,0,0,LOW
0.93,11.233,1,1,1,NORMAL
0.006,0.04,0,0,0,NORMAL
0.631,7.518,1,1,0,NORMAL
0.696,8.334,0,1,1,WASTAGE
0.008,0.035,1,0,0,LOW
0.82,9.904,1,1,1,NORMAL
0.658,7.969,1,1,1,NORMAL
0.374,4.463,0,0,1,WASTAGE
0.337,3.911,0,0,1,WASTAGE
0.531,6.422,0,1,0,WASTAGE
0.452,5.504,1,1,0,NORMAL
0.659,7.943,1,1,0,NORMAL
0.019,0.196,1,0,0,LOW
0.031,0.327,1,0,0,LOW
0.752,9.066,1,1,1,NORMAL
0.017,0.216,1,0,0,LOW
0.691,8.207,1,1,0,NORMAL
0.578,6.975,0,1,0,WASTAGE
0.477,5.686,1,1,0,NORMAL
0.469,5.636,1,1,0,NORMAL
0.465,5.602,0,0,1,WASTAGE
0.452,5.435,0,0,1,WASTAGE
0.802,9.632,0,1,1,WASTAGE
0.03,0.381,1,0,0,LOW
0.702,8.482,1,1,1,NORMAL
0.296,3.582,0,0,1,WASTAGE
0.021,0.273,1,0,0,LOW
0.023,0.275,0,0,0,NORMAL
0.984,11.787,0,1,1,WASTAGE
0.688,8.327,0,1,1,WASTAGE
0.537,6.595,0,0,1,WASTAGE
0.634,7.504,1,1,1,NORMAL
0.3,3.702,0,0,1,WASTAGE
0.684,8.216,0,1,0,WASTAGE
0.01,0.02,0,0,0,NORMAL
0.869,10.366,0,1,1,WASTAGE
0.352,4.162,0,0,1,WASTAGE
0.019,0.177,0,0,0,NORMAL
0.565,6.77,1,1,0,NORMAL
0.031,0.308,1,0,0,LOW
0.0,0.016,1,0,0,LOW
0.389,4.658,0,1,0,WASTAGE
0.911,10.968,0,1,1,WASTAGE
0.945,11.481,1,1,1,NORMAL
0.023,0.297,1,0,0,LOW
0.475,5.743,0,0,1,WASTAGE
0.028,0.336,1,0,0,LOW
0.581,7.043,0,1,1,WASTAGE
0.744,8.867,1,1,1,NORMAL
0.766,9.236,0,1,1,WASTAGE
0.025,0.183,1,0,0,LOW
0.743,8.814,0,1,0,WASTAGE
0.581,6.966,0,0,1,WASTAGE
0.685,8.219,1,1,0,NORMAL
0.003,0.031,0,0,0,NORMAL
0.428,5.14,1,1,0,NORMAL
0.641,7.687,0,1,0,WASTAGE
0.716,8.753,0,1,0,WASTAGE
0.711,8.407,0,1,0,WASTAGE
0.401,4.752,0,0,1,WASTAGE
0.027,0.262,0,0,0,NORMAL
0.591,7.086,1,1,0,NORMAL
0.618,7.375,0,1,1,WASTAGE
1.031,12.338,0,1,1,WASTAGE
0.0,0.01,0,0,0,NORMAL
0.027,0.257,0,0,0,NORMAL
0.006,0.086,0,0,0,NORMAL
0.616,7.447,0,1,0,WASTAGE
0.03,0.424,0,0,0,NORMAL
0.696,8.257,1,1,1,NORMAL
0.915,11.013,1,1,1,NORMAL
0.752,9.021,1,1,1,NORMAL
0.53,6.386,1,1,0,NORMAL
0.567,6.731,0,0,1,WASTAGE
0.392,4.733,0,1,0,WASTAGE
0.021,0.286,1,0,0,LOW
0.558,6.691,0,0,1,WASTAGE
0.453,5.445,0,0,1,WASTAGE
0.66,7.881,1,1,0,NORMAL
0.536,6.538,1,1,0,NORMAL
0.021,0.112,0,0,0,NORMAL
0.567,6.885,0,0,1,WASTAGE
0.402,4.809,0,0,1,WASTAGE
0.469,5.561,0,0,1,WASTAGE
0.766,9.094,1,1,1,NORMAL
0.003,0.027,1,0,0,LOW
0.698,8.398,0,1,0,WASTAGE
0.002,0.052,1,0,0,LOW
1.042,12.584,0,1,1,WASTAGE
1.068,12.751,0,1,1,WASTAGE
0.268,3.162,0,0,1,WASTAGE
0.034,0.434,0,0,0,NORMAL
0.578,7.113,1,1,1,NORMAL
0.015,0.222,0,0,0,NORMAL
0.991,11.891,1,1,1,NORMAL
0.54,6.409,1,1,0,NORMAL
0.72,8.631,0,1,1,WASTAGE
0.016,0.162,1,0,0,LOW
0.939,11.224,0,1,1,WASTAGE
0.668,7.883,0,1,0,WASTAGE
0.447,5.37,0,0,1,WASTAGE
0.373,4.485,0,0,1,WASTAGE
0.306,3.631,0,0,1,WASTAGE
0.885,10.687,0,1,1,WASTAGE
0.033,0.378,0,0,0,NORMAL
0.312,3.678,0,0,1,WASTAGE
0.654,7.835,1,1,0,NORMAL
0.814,9.71,1,1,1,NORMAL
0.397,4.836,0,0,1,WASTAGE
0.638,7.661,1,1,1,NORMAL
0.597,7.175,0,1,0,WASTAGE
0.854,10.235,0,1,1,WASTAGE
0.984,11.88,1,1,1,NORMAL
0.509,6.169,0,1,0,WASTAGE
0.827,9.842,1,1,1,NORMAL
0.575,6.835,1,1,0,NORMAL
0.414,4.931,0,1,0,WASTAGE
0.614,7.439,1,1,1,NORMAL
0.578,6.948,0,0,1,WASTAGE
0.033,0.363,0,0,0,NORMAL
0.42,5.179,0,0,1,WASTAGE
0.72,8.658,0,1,0,WASTAGE
0.457,5.494,1,1,0,NORMAL
0.621,7.46,0,1,1,WASTAGE
0.738,8.784,1,1,1,NORMAL
0.389,4.614,0,1,0,WASTAGE
0.665,8.014,0,1,0,WASTAGE
0.457,5.473,0,1,0,WASTAGE
0.0,0.039,1,0,0,LOW
0.956,11.352,0,1,1,WASTAGE
0.638,7.535,1,1,1,NORMAL
0.021,0.185,0,0,0,NORMAL
0.31,3.722,0,0,1,WASTAGE
0.014,0.137,1,0,0,LOW
0.387,4.615,0,0,1,WASTAGE
0.95,11.329,0,1,1,WASTAGE
0.482,5.762,0,0,1,WASTAGE
0.004,0.053,1,0,0,LOW
0.026,0.248,1,0,0,LOW
0.341,4.058,0,0,1,WASTAGE
0.881,10.638,1,1,1,NORMAL
0.411,5.047,0,1,0,WASTAGE
0.337,4.026,0,0,1,WASTAGE
0.02,0.34,0,0,0,NORMAL
0.632,7.596,1,1,1,NORMAL
0.613,7.285,1,1,0,NORMAL
0.525,6.253,0,1,0,WASTAGE
0.366,4.436,0,0,1,WASTAGE
0.663,7.988,0,1,0,WASTAGE
0.668,8.136,0,1,1,WASTAGE
0.604,7.163,0,1,1,WASTAGE
0.801,9.575,0,1,1,WASTAGE
0.023,0.336,0,0,0,NORMAL
0.874,10.478,1,1,1,NORMAL
0.035,0.426,0,0,0,NORMAL
0.923,11.179,0,1,1,WASTAGE
0.033,0.481,0,0,0,NORMAL
0.012,0.05,1,0,0,LOW
0.44,5.256,0,0,1,WASTAGE
0.861,10.337,1,1,1,NORMAL
0.461,5.527,0,1,0,WASTAGE
0.65,7.836,1,1,1,NORMAL
0.523,6.236,0,1,0,WASTAGE
0.795,9.579,0,1,1,WASTAGE
0.026,0.301,0,0,0,NORMAL
0.031,0.331,1,0,0,LOW
0.5,5.991,1,1,0,NORMAL
0.67,8.113,0,1,0,WASTAGE
0.494,6.075,0,0,1,WASTAGE
0.334,4.078,0,0,1,WASTAGE
0.829,9.907,1,1,1,NORMAL
0.562,6.723,0,1,0,WASTAGE
0.003,0.078,1,0,0,LOW
0.476,5.735,0,0,1,WASTAGE
0.469,5.524,0,0,1,WASTAGE
0.017,0.348,0,0,0,NORMAL
0.686,8.254,0,1,0,WASTAGE
0.028,0.36,1,0,0,LOW
0.638,7.738,1,1,0,NORMAL
0.853,10.289,0,1,1,WASTAGE
0.015,0.226,0,0,0,NORMAL
0.032,0.321,0,0,0,NORMAL
0.022,0.276,1,0,0,LOW
0.01,0.231,1,0,0,LOW
0.582,6.999,1,1,0,NORMAL
0.026,0.261,1,0,0,LOW
0.528,6.335,0,1,0,WASTAGE
0.021,0.293,1,0,0,LOW
0.279,3.448,0,0,1,WASTAGE
0.635,7.685,1,1,1,NORMAL
0.766,9.144,1,1,1,NORMAL
0.421,5.016,0,0,1,WASTAGE
0.783,9.453,0,1,1,WASTAGE
0.51,6.05,1,1,0,NORMAL
0.018,0.149,0,0,0,NORMAL
0.554,6.666,0,1,0,WASTAGE
0.245,3.049,0,0,1,WASTAGE
0.44,5.334,0,0,1,WASTAGE
0.65,7.804,0,1,1,WASTAGE
0.706,8.467,1,1,0,NORMAL
0.01,0.12,0,0,0,NORMAL
0.487,5.886,1,1,0,NORMAL
0.665,7.909,0,1,0,WASTAGE
0.024,0.315,0,0,0,NORMAL
0.257,3.102,0,0,1,WASTAGE
0.504,6.028,0,1,0,WASTAGE
0.874,10.45,1,1,1,NORMAL
0.697,8.38,0,1,1,WASTAGE
0.668,8.02,1,1,0,NORMAL
0.008,0.13,0,0,0,NORMAL
0.626,7.461,1,1,0,NORMAL
1.052,12.655,0,1,1,WASTAGE
0.339,4.028,0,0,1,WASTAGE
0.705,8.414,0,1,0,WASTAGE
0.431,5.172,0,0,1,WASTAGE
0.253,3.069,0,0,1,WASTAGE
0.399,4.817,0,1,0,WASTAGE
0.996,11.978,1,1,1,NORMAL
0.412,4.951,0,1,0,WASTAGE
0.747,8.896,0,1,0,WASTAGE
0.037,0.425,0,0,0,NORMAL
0.458,5.575,0,0,1,WASTAGE
0.418,5.014,1,1,0,NORMAL
0.919,11.108,1,1,1,NORMAL
0.271,3.219,0,0,1,WASTAGE
0.02,0.225,1,0,0,LOW
0.813,9.791,1,1,1,NORMAL
0.039,0.434,0,0,0,NORMAL
0.837,10.035,0,1,1,WASTAGE
0.754,8.985,0,1,1,WASTAGE
0.56,6.777,0,1,0,WASTAGE
0.025,0.336,0,0,0,NORMAL
0.558,6.721,0,0,1,WASTAGE
0.032,0.339,1,0,0,LOW
0.989,11.857,0,1,1,WASTAGE
0.65,7.761,1,1,0,NORMAL
0.67,8.052,1,1,1,NORMAL
0.954,11.404,0,1,1,WASTAGE
0.008,0.104,1,0,0,LOW
0.848,10.089,1,1,1,NORMAL
0.016,0.284,1,0,0,LOW
0.725,8.654,0,1,0,WASTAGE
0.876,10.506,1,1,1,NORMAL
0.006,0.083,0,0,0,NORMAL
0.59,6.926,0,0,1,WASTAGE
0.007,0.061,1,0,0,LOW
0.738,8.898,0,1,0,WASTAGE
0.755,9.096,1,1,1,NORMAL
0.718,8.717,0,1,0,WASTAGE
0.44,5.286,1,1,0,NORMAL
0.469,5.599,0,0,1,WASTAGE
0.036,0.392,1,0,0,LOW
0.524,6.27,1,1,0,NORMAL
0.041,0.409,0,0,0,NORMAL
0.685,8.266,0,1,0,WASTAGE
0.016,0.175,0,0,0,NORMAL
0.02,0.256,0,0,0,NORMAL
0.889,10.667,0,1,1,WASTAGE
0.0,0.019,0,0,0,NORMAL
0.035,0.418,0,0,0,NORMAL
0.022,0.369,0,0,0,NORMAL
0.311,3.957,0,0,1,WASTAGE
0.706,8.517,1,1,1,NORMAL
0.017,0.133,1,0,0,LOW
0.016,0.15,1,0,0,LOW
0.664,7.985,0,1,1,WASTAGE
0.478,5.732,0,0,1,WASTAGE
0.032,0.33,1,0,0,LOW
0.633,7.655,1,1,1,NORMAL
0.025,0.255,1,0,0,LOW
0.685,8.29,0,1,0,WASTAGE
0.724,8.795,0,1,0,WASTAGE
0.632,7.512,1,1,1,NORMAL
0.037,0.386,1,0,0,LOW
0.81,9.738,0,1,1,WASTAGE
0.594,7.041,1,1,1,NORMAL
0.736,8.855,0,1,0,WASTAGE
0.661,7.959,1,1,0,NORMAL
0.363,4.351,0,0,1,WASTAGE
0.528,6.381,1,1,0,NORMAL
0.588,7.004,1,1,1,NORMAL
0.361,4.328,0,0,1,WASTAGE
0.683,8.207,1,1,1,NORMAL
0.016,0.203,1,0,0,LOW
0.009,0.084,0,0,0,NORMAL
0.905,10.913,1,1,1,NORMAL
0.555,6.614,0,0,1,WASTAGE
0.809,9.786,0,1,1,WASTAGE
0.003,0.098,1,0,0,LOW
0.616,7.576,0,1,1,WASTAGE
0.007,0.003,1,0,0,LOW
0.004,0.018,1,0,0,LOW
0.55,6.606,0,1,0,WASTAGE
0.438,5.31,0,0,1,WASTAGE
0.003,0.065,0,0,0,NORMAL
0.026,0.279,1,0,0,LOW
0.432,5.175,1,1,0,NORMAL
0.013,0.147,1,0,0,LOW
0.326,3.869,0,0,1,WASTAGE
0.029,0.316,0,0,0,NORMAL
0.406,4.92,0,1,0,WASTAGE
0.021,0.283,0,0,0,NORMAL
0.488,5.869,0,0,1,WASTAGE
0.692,8.37,1,1,0,NORMAL
0.041,0.411,0,0,0,NORMAL
0.499,5.914,0,0,1,WASTAGE
0.474,5.676,0,0,1,WASTAGE
0.623,7.453,0,1,0,WASTAGE
0.542,6.458,0,0,1,WASTAGE
0.828,10.028,0,1,1,WASTAGE
0.661,7.863,1,1,1,NORMAL
1.07,12.858,0,1,1,WASTAGE
0.695,8.33,0,1,0,WASTAGE
0.566,6.802,0,0,1,WASTAGE
0.014,0.144,1,0,0,LOW
0.546,6.498,0,1,0,WASTAGE
0.474,5.806,0,0,1,WASTAGE
0.47,5.66,0,1,0,WASTAGE
0.725,8.68,0,1,0,WASTAGE
0.815,9.803,0,1,1,WASTAGE
0.693,8.337,1,1,0,NORMAL
0.001,0.036,0,0,0,NORMAL
0.01,0.113,0,0,0,NORMAL
0.691,8.261,1,1,1,NORMAL
0.776,9.311,0,1,1,WASTAGE
0.617,7.422,0,1,0,WASTAGE
0.44,5.364,0,0,1,WASTAGE
0.674,8.106,1,1,1,NORMAL
0.307,3.717,0,0,1,WASTAGE
0.618,7.506,0,1,0,WASTAGE
0.615,7.352,0,1,1,WASTAGE
0.017,0.288,1,0,0,LOW
0.445,5.23,0,1,0,WASTAGE
0.423,5.179,1,1,0,NORMAL
0.033,0.41,0,0,0,NORMAL
0.01,0.038,1,0,0,LOW
0.461,5.449,1,1,0,NORMAL
0.775,9.324,1,1,1,NORMAL
0.619,7.391,1,1,1,NORMAL
1.071,12.846,0,1,1,WASTAGE
0.033,0.36,1,0,0,LOW
0.019,0.212,0,0,0,NORMAL
0.529,6.379,0,0,1,WASTAGE
0.032,0.369,1,0,0,LOW
0.931,11.235,1,1,1,NORMAL
0.022,0.336,0,0,0,NORMAL
0.0,0.038,1,0,0,LOW
1.019,12.221,0,1,1,WASTAGE
0.691,8.337,0,1,0,WASTAGE
0.62,7.38,0,1,0,WASTAGE
0.42,5.09,1,1,0,NORMAL
0.595,7.149,0,1,0,WASTAGE
0.869,10.446,1,1,1,NORMAL
0.787,9.412,1,1,1,NORMAL
0.557,6.722,0,0,1,WASTAGE
0.443,5.389,0,0,1,WASTAGE
0.002,0.009,1,0,0,LOW
0.559,6.691,1,1,0,NORMAL
0.746,8.997,0,1,0,WASTAGE
0.749,8.907,0,1,0,WASTAGE
0.656,7.934,1,1,0,NORMAL
0.804,9.717,1,1,1,NORMAL
0.045,0.435,0,0,0,NORMAL
0.525,6.283,1,1,0,NORMAL
0.565,6.698,1,1,0,NORMAL
0.522,6.268,1,1,0,NORMAL
0.668,8.1,0,1,0,WASTAGE
0.618,7.505,0,1,1,WASTAGE
0.321,3.801,0,0,1,WASTAGE
0.006,0.048,0,0,0,NORMAL
0.961,11.57,0,1,1,WASTAGE
0.399,4.831,0,0,1,WASTAGE
0.041,0.498,0,0,0,NORMAL
0.008,0.039,1,0,0,LOW
0.374,4.516,0,1,0,WASTAGE
0.899,10.829,0,1,1,WASTAGE
0.026,0.358,0,0,0,NORMAL
0.638,7.793,1,1,1,NORMAL
0.852,10.144,1,1,1,NORMAL
1.083,12.979,0,1,1,WASTAGE
1.032,12.341,0,1,1,WASTAGE
0.014,0.018,0,0,0,NORMAL
0.022,0.373,1,0,0,LOW
0.377,4.527,0,0,1,WASTAGE
0.875,10.648,0,1,1,WASTAGE
0.671,8.005,1,1,0,NORMAL
0.811,9.785,0,1,1,WASTAGE
0.848,10.202,1,1,1,NORMAL
0.455,5.461,0,1,0,WASTAGE
0.609,7.322,1,1,1,NORMAL
0.889,10.756,1,1,1,NORMAL
0.881,10.547,0,1,1,WASTAGE
0.0,0.005,0,0,0,NORMAL
0.818,9.781,1,1,1,NORMAL
0.751,8.921,0,1,0,WASTAGE
0.632,7.572,0,1,1,WASTAGE
0.431,5.121,0,1,0,WASTAGE
0.509,6.023,0,1,0,WASTAGE
0.434,5.287,1,1,0,NORMAL
0.56,6.666,0,1,0,WASTAGE
0.594,7.058,1,1,1,NORMAL
0.015,0.241,1,0,0,LOW
0.622,7.407,1,1,0,NORMAL
0.264,3.232,0,0,1,WASTAGE
0.429,5.216,1,1,0,NORMAL
0.04,0.421,0,0,0,NORMAL
0.302,3.687,0,0,1,WASTAGE
0.043,0.344,1,0,0,LOW
0.46,5.559,0,1,0,WASTAGE
0.777,9.374,0,1,1,WASTAGE
0.436,5.285,1,1,0,NORMAL
0.592,7.207,0,1,0,WASTAGE
0.036,0.365,1,0,0,LOW
0.025,0.172,1,0,0,LOW
0.031,0.33,1,0,0,LOW
0.452,5.373,1,1,0,NORMAL
0.324,3.979,0,0,1,WASTAGE
0.451,5.448,0,0,1,WASTAGE
0.497,5.958,1,1,0,NORMAL
0.318,3.746,0,0,1,WASTAGE
0.575,6.896,0,1,0,WASTAGE
0.677,8.086,1,1,1,NORMAL
0.01,0.134,1,0,0,LOW
0.312,3.826,0,0,1,WASTAGE
0.006,0.046,1,0,0,LOW
0.462,5.576,0,0,1,WASTAGE
0.669,7.92,1,1,0,NORMAL
0.497,6.033,0,0,1,WASTAGE
0.667,8.015,1,1,0,NORMAL
0.648,7.782,0,1,0,WASTAGE
0.02,0.256,1,0,0,LOW
0.451,5.398,1,1,0,NORMAL
0.299,3.627,0,0,1,WASTAGE
0.772,9.198,1,1,1,NORMAL
0.504,5.986,1,1,0,NORMAL
0.994,11.944,1,1,1,NORMAL
0.864,10.334,1,1,1,NORMAL
0.878,10.537,0,1,1,WASTAGE
0.361,4.397,0,0,1,WASTAGE
0.008,0.093,0,0,0,NORMAL
0.008,0.117,1,0,0,LOW
0.704,8.343,1,1,1,NORMAL
0.787,9.397,1,1,1,NORMAL
0.387,4.742,0,0,1,WASTAGE
0.916,10.964,1,1,1,NORMAL
0.012,0.173,0,0,0,NORMAL
0.435,5.297,0,1,0,WASTAGE
0.94,11.274,0,1,1,WASTAGE
0.004,0.084,0,0,0,NORMAL
0.029,0.458,0,0,0,NORMAL
0.494,5.984,1,1,0,NORMAL
0.004,0.186,1,0,0,LOW
0.53,6.405,1,1,0,NORMAL
0.012,0.158,1,0,0,LOW
0.038,0.383,0,0,0,NORMAL
0.525,6.258,1,1,0,NORMAL
0.69,8.241,0,1,0,WASTAGE
1.001,11.985,0,1,1,WASTAGE
0.975,11.757,0,1,1,WASTAGE
0.029,0.365,1,0,0,LOW
0.614,7.333,0,1,0,WASTAGE
0.028,0.382,0,0,0,NORMAL
1.078,12.915,0,1,1,WASTAGE
0.396,4.808,0,1,0,WASTAGE
0.015,0.217,1,0,0,LOW
0.029,0.352,1,0,0,LOW
0.009,0.09,0,0,0,NORMAL
0.958,11.468,1,1,1,NORMAL
0.572,6.74,0,0,1,WASTAGE
0.606,7.339,0,1,1,WASTAGE
0.514,6.03,0,0,1,WASTAGE
0.537,6.521,0,0,1,WASTAGE
0.932,11.101,1,1,1,NORMAL
0.385,4.625,0,0,1,WASTAGE
0.029,0.363,1,0,0,LOW
0.02,0.361,0,0,0,NORMAL
0.561,6.684,0,1,0,WASTAGE
0.667,7.986,0,1,0,WASTAGE
0.605,7.353,0,1,0,WASTAGE
0.01,0.12,0,0,0,NORMAL
0.767,9.166,1,1,1,NORMAL
0.451,5.366,0,1,0,WASTAGE
0.926,11.14,1,1,1,NORMAL
0.597,7.191,1,1,0,NORMAL
0.691,8.325,1,1,1,NORMAL
0.703,8.447,0,1,0,WASTAGE
0.027,0.318,1,0,0,LOW
0.399,4.754,0,0,1,WASTAGE
0.486,5.797,0,0,1,WASTAGE
0.282,3.389,0,0,1,WASTAGE
0.01,0.071,0,0,0,NORMAL
0.02,0.137,0,0,0,NORMAL
0.876,10.474,1,1,1,NORMAL
0.96,11.511,1,1,1,NORMAL
0.009,0.089,0,0,0,NORMAL
0.032,0.29,1,0,0,LOW
0.713,8.547,0,1,0,WASTAGE
0.017,0.233,1,0,0,LOW
0.541,6.419,0,0,1,WASTAGE
0.542,6.431,0,1,0,WASTAGE
0.019,0.337,1,0,0,LOW
0.685,8.206,1,1,1,NORMAL
0.959,11.4,0,1,1,WASTAGE
0.376,4.535,0,0,1,WASTAGE
0.554,6.643,1,1,0,NORMAL
0.63,7.431,0,1,0,WASTAGE
0.761,9.117,0,1,1,WASTAGE
0.533,6.436,1,1,0,NORMAL
0.641,7.75,0,1,0,WASTAGE
0.295,3.564,0,0,1,WASTAGE
0.799,9.72,0,1,1,WASTAGE
0.598,7.08,1,1,0,NORMAL
0.481,5.862,0,1,0,WASTAGE
0.012,0.134,0,0,0,NORMAL
0.482,5.754,1,1,0,NORMAL
0.447,5.422,0,1,0,WASTAGE
0.457,5.469,0,1,0,WASTAGE
0.503,5.988,0,0,1,WASTAGE
0.411,4.993,0,0,1,WASTAGE
0.712,8.654,0,1,1,WASTAGE
0.926,11.155,0,1,1,WASTAGE
0.018,0.216,0,0,0,NORMAL
0.03,0.336,0,0,0,NORMAL
0.006,0.012,0,0,0,NORMAL
0.863,10.41,0,1,1,WASTAGE
0.698,8.255,1,1,0,NORMAL
0.682,8.25,1,1,0,NORMAL
0.797,9.575,1,1,1,NORMAL
0.255,3.031,0,0,1,WASTAGE
0.762,9.169,1,1,1,NORMAL
0.475,5.717,1,1,0,NORMAL
0.422,5.09,1,1,0,NORMAL
0.659,7.943,0,1,0,WASTAGE
0.035,0.347,0,0,0,NORMAL
0.513,6.182,0,0,1,WASTAGE
0.467,5.553,0,1,0,WASTAGE
0.429,5.198,1,1,0,NORMAL
0.929,11.064,0,1,1,WASTAGE
0.875,10.572,1,1,1,NORMAL
0.631,7.503,1,1,1,NORMAL
0.0,0.036,1,0,0,LOW
0.497,6.049,0,0,1,WASTAGE
0.449,5.299,1,1,0,NORMAL
0.021,0.179,0,0,0,NORMAL
0.022,0.357,0,0,0,NORMAL
0.036,0.313,1,0,0,LOW
0.381,4.645,0,1,0,WASTAGE
0.039,0.478,0,0,0,NORMAL
0.019,0.23,1,0,0,LOW
0.011,0.1,0,0,0,NORMAL
0.048,0.448,0,0,0,NORMAL
0.842,10.117,1,1,1,NORMAL
0.023,0.207,1,0,0,LOW
0.004,0.185,0,0,0,NORMAL
0.833,9.965,1,1,1,NORMAL
0.03,0.362,0,0,0,NORMAL
0.413,5.021,1,1,0,NORMAL
0.004,0.068,1,0,0,LOW
0.525,6.308,0,0,1,WASTAGE
0.937,11.213,0,1,1,WASTAGE
0.761,9.101,0,1,1,WASTAGE
0.511,6.134,0,1,0,WASTAGE
1.02,12.272,0,1,1,WASTAGE
1.051,12.512,0,1,1,WASTAGE
0.605,7.25,0,1,1,WASTAGE
0.751,8.964,0,1,0,WASTAGE
0.006,0.189,1,0,0,LOW
0.543,6.517,0,0,1,WASTAGE
0.626,7.517,0,1,0,WASTAGE
0.036,0.453,0,0,0,NORMAL
0.866,10.393,1,1,1,NORMAL
0.635,7.567,0,1,0,WASTAGE
0.75,8.949,0,1,1,WASTAGE
0.814,9.807,1,1,1,NORMAL
0.683,8.165,1,1,0,NORMAL
0.571,6.91,0,0,1,WASTAGE
0.023,0.256,0,0,0,NORMAL
0.879,10.448,1,1,1,NORMAL
0.926,11.028,0,1,1,WASTAGE
0.011,0.137,1,0,0,LOW
0.012,0.169,1,0,0,LOW
0.682,8.3,0,1,0,WASTAGE
0.724,8.689,1,1,1,NORMAL
0.004,0.202,0,0,0,NORMAL
0.582,6.998,0,1,0,WASTAGE
0.004,0.065,1,0,0,LOW
0.619,7.44,1,1,1,NORMAL
0.442,5.252,0,1,0,WASTAGE
0.027,0.332,1,0,0,LOW
0.935,11.14,1,1,1,NORMAL
0.276,3.242,0,0,1,WASTAGE
0.672,8.101,0,1,0,WASTAGE
0.972,11.68,0,1,1,WASTAGE
0.034,0.396,0,0,0,NORMAL
0.45,5.308,1,1,0,NORMAL
0.659,7.831,1,1,1,NORMAL
0.566,6.696,0,1,0,WASTAGE
0.666,8.043,1,1,0,NORMAL
0.439,5.195,1,1,0,NORMAL
0.005,0.081,0,0,0,NORMAL
0.005,0.149,1,0,0,LOW
0.548,6.568,1,1,0,NORMAL
0.722,8.656,0,1,1,WASTAGE
0.98,11.622,1,1,1,NORMAL
0.018,0.188,1,0,0,LOW
0.441,5.21,0,1,0,WASTAGE
0.678,8.18,1,1,0,NORMAL
0.02,0.181,1,0,0,LOW
0.468,5.63,0,0,1,WASTAGE
0.521,6.269,0,0,1,WASTAGE
0.714,8.598,1,1,1,NORMAL
0.0,0.033,0,0,0,NORMAL
0.432,5.145,1,1,0,NORMAL
0.018,0.211,1,0,0,LOW
0.901,10.691,1,1,1,NORMAL
0.496,5.902,0,0,1,WASTAGE
0.002,0.075,1,0,0,LOW
0.264,3.153,0,0,1,WASTAGE
0.898,10.816,1,1,1,NORMAL
0.911,10.92,1,1,1,NORMAL
0.605,7.267,0,1,0,WASTAGE
0.54,6.401,1,1,0,NORMAL
0.02,0.225,1,0,0,LOW
0.89,10.743,0,1,1,WASTAGE
0.002,0.026,1,0,0,LOW
0.036,0.407,0,0,0,NORMAL
0.989,11.716,1,1,1,NORMAL
0.691,8.28,0,1,0,WASTAGE
0.385,4.595,0,0,1,WASTAGE
0.913,10.893,0,1,1,WASTAGE
0.89,10.702,0,1,1,WASTAGE
0.541,6.491,1,1,0,NORMAL
0.731,8.706,0,1,0,WASTAGE
0.518,6.175,1,1,0,NORMAL
0.349,4.221,0,0,1,WASTAGE
0.52,6.226,0,1,0,WASTAGE
0.547,6.549,1,1,0,NORMAL
0.647,7.779,1,1,0,NORMAL
0.621,7.454,0,1,1,WASTAGE
0.546,6.502,1,1,0,NORMAL
0.646,7.829,1,1,0,NORMAL
0.544,6.485,1,1,0,NORMAL
0.756,9.081,0,1,1,WASTAGE
0.522,6.253,1,1,0,NORMAL
0.024,0.261,1,0,0,LOW
0.514,6.146,0,0,1,WASTAGE
0.575,6.919,0,0,1,WASTAGE
0.498,6.061,1,1,0,NORMAL
0.042,0.493,0,0,0,NORMAL
0.025,0.353,1,0,0,LOW
0.511,6.26,1,1,0,NORMAL
0.604,7.22,1,1,1,NORMAL
0.018,0.249,1,0,0,LOW
0.985,11.873,0,1,1,WASTAGE
0.56,6.714,0,0,1,WASTAGE
0.584,7.036,1,1,0,NORMAL
0.436,5.338,0,0,1,WASTAGE
0.014,0.246,0,0,0,NORMAL
0.612,7.272,0,1,1,WASTAGE
0.699,8.386,1,1,0,NORMAL
0.993,11.894,0,1,1,WASTAGE
0.539,6.489,1,1,0,NORMAL
0.943,11.24,1,1,1,NORMAL
0.597,7.241,0,1,1,WASTAGE
0.586,7.098,1,1,1,NORMAL
0.047,0.428,0,0,0,NORMAL
0.589,7.068,1,1,1,NORMAL
0.651,7.804,0,1,0,WASTAGE
0.672,8.13,0,1,0,WASTAGE
0.014,0.183,1,0,0,LOW
0.737,8.777,0,1,0,WASTAGE
0.521,6.204,1,1,0,NORMAL
0.441,5.287,0,1,0,WASTAGE
0.436,5.241,0,1,0,WASTAGE
0.528,6.312,0,0,1,WASTAGE
0.014,0.204,1,0,0,LOW
0.527,6.353,0,1,0,WASTAGE
1.086,12.944,0,1,1,WASTAGE
0.039,0.469,0,0,0,NORMAL
0.526,6.445,0,1,0,WASTAGE
0.0,0.026,1,0,0,LOW
0.033,0.359,0,0,0,NORMAL
0.931,11.207,1,1,1,NORMAL
0.659,7.958,1,1,0,NORMAL
0.371,4.476,0,0,1,WASTAGE
1.044,12.476,0,1,1,WASTAGE
0.883,10.468,1,1,1,NORMAL
0.003,0.018,0,0,0,NORMAL
0.557,6.743,0,0,1,WASTAGE
0.492,5.905,1,1,0,NORMAL
0.625,7.387,0,1,0,WASTAGE
0.842,10.204,1,1,1,NORMAL
0.747,9.014,1,1,1,NORMAL
0.008,0.109,0,0,0,NORMAL
1.059,12.705,0,1,1,WASTAGE
0.581,6.914,1,1,0,NORMAL
0.001,0.07,0,0,0,NORMAL
0.811,9.692,1,1,1,NORMAL
0.588,7.116,1,1,1,NORMAL
0.393,4.789,0,1,0,WASTAGE
0.734,8.766,0,1,0,WASTAGE
0.891,10.681,0,1,1,WASTAGE
0.442,5.293,0,0,1,WASTAGE
0.01,0.171,1,0,0,LOW
0.482,5.821,0,1,0,WASTAGE
0.418,4.95,0,0,1,WASTAGE
0.034,0.347,0,0,0,NORMAL
0.46,5.535,0,0,1,WASTAGE
0.46,5.581,0,1,0,WASTAGE
0.001,0.09,1,0,0,LOW
0.016,0.234,1,0,0,LOW
0.629,7.536,1,1,0,NORMAL
0.595,7.153,0,1,0,WASTAGE
0.026,0.361,1,0,0,LOW
0.02,0.178,1,0,0,LOW
0.705,8.416,1,1,1,NORMAL
0.569,6.814,1,1,0,NORMAL
0.012,0.192,1,0,0,LOW
0.438,5.239,0,1,0,WASTAGE
0.962,11.649,1,1,1,NORMAL
0.035,0.39,1,0,0,LOW
0.291,3.588,0,0,1,WASTAGE
0.001,0.057,0,0,0,NORMAL
0.492,5.973,0,1,0,WASTAGE
0.768,9.17,1,1,1,NORMAL
0.5,5.971,1,1,0,NORMAL
0.4,4.859,0,0,1,WASTAGE
0.568,6.826,0,0,1,WASTAGE
0.65,7.884,0,1,1,WASTAGE
0.579,6.95,1,1,0,NORMAL
0.468,5.528,0,1,0,WASTAGE
0.655,7.904,0,1,0,WASTAGE
1.054,12.592,0,1,1,WASTAGE
0.57,6.822,0,0,1,WASTAGE
0.599,7.199,1,1,0,NORMAL
0.023,0.318,0,0,0,NORMAL
0.897,10.789,0,1,1,WASTAGE
0.027,0.271,0,0,0,NORMAL
0.564,6.793,0,0,1,WASTAGE
0.765,9.16,0,1,1,WASTAGE
0.647,7.864,0,1,0,WASTAGE
0.472,5.685,0,1,0,WASTAGE
0.033,0.322,0,0,0,NORMAL
0.838,10.062,1,1,1,NORMAL
0.359,4.453,0,0,1,WASTAGE
0.015,0.266,1,0,0,LOW
0.267,3.222,0,0,1,WASTAGE
0.043,0.492,0,0,0,NORMAL
0.423,5.067,0,0,1,WASTAGE
0.023,0.301,0,0,0,NORMAL
0.942,11.387,1,1,1,NORMAL
1.023,12.334,0,1,1,WASTAGE
0.473,5.642,0,1,0,WASTAGE
0.02,0.287,1,0,0,LOW
0.986,11.834,0,1,1,WASTAGE
0.535,6.466,1,1,0,NORMAL
0.74,8.803,0,1,1,WASTAGE
0.522,6.259,1,1,0,NORMAL
0.264,3.067,0,0,1,WASTAGE
0.901,10.832,1,1,1,NORMAL
0.614,7.359,0,1,1,WASTAGE
0.294,3.476,0,0,1,WASTAGE
0.758,9.015,1,1,1,NORMAL
0.415,4.992,0,0,1,WASTAGE
0.832,9.992,1,1,1,NORMAL
0.425,4.965,0,1,0,WASTAGE
0.01,0.009,0,0,0,NORMAL
0.507,6.009,0,0,1,WASTAGE
0.651,7.865,0,1,0,WASTAGE
0.745,8.881,0,1,0,WASTAGE
0.012,0.236,1,0,0,LOW
0.636,7.813,1,1,0,NORMAL
0.502,5.915,1,1,0,NORMAL
0.705,8.471,0,1,0,WASTAGE
0.456,5.495,1,1,0,NORMAL
0.681,8.09,0,1,1,WASTAGE
0.005,0.085,0,0,0,NORMAL
0.512,6.094,1,1,0,NORMAL
0.486,5.831,0,1,0,WASTAGE
0.257,3.064,0,0,1,WASTAGE
1.009,12.113,0,1,1,WASTAGE
0.678,8.109,0,1,1,WASTAGE
0.433,5.314,0,0,1,WASTAGE
0.538,6.449,0,1,0,WASTAGE
0.395,4.736,0,1,0,WASTAGE
0.002,0.029,1,0,0,LOW
0.024,0.206,0,0,0,NORMAL
0.629,7.529,0,1,1,WASTAGE
0.982,11.852,0,1,1,WASTAGE
0.417,5.06,0,0,1,WASTAGE
0.655,7.912,0,1,1,WASTAGE
0.56,6.744,0,0,1,WASTAGE
0.619,7.386,0,1,1,WASTAGE
0.0,0.024,0,0,0,NORMAL
0.006,0.042,1,0,0,LOW
0.83,9.955,0,1,1,WASTAGE
0.018,0.153,0,0,0,NORMAL
0.013,0.16,1,0,0,LOW
0.973,11.682,1,1,1,NORMAL
0.042,0.468,0,0,0,NORMAL
0.679,8.177,0,1,0,WASTAGE
0.287,3.445,0,0,1,WASTAGE
0.003,0.139,1,0,0,LOW
0.913,11.09,0,1,1,WASTAGE
0.983,11.792,1,1,1,NORMAL
0.021,0.291,0,0,0,NORMAL
0.749,8.964,1,1,1,NORMAL
0.951,11.383,0,1,1,WASTAGE
0.797,9.515,1,1,1,NORMAL
0.663,7.966,1,1,0,NORMAL
0.013,0.081,1,0,0,LOW
0.751,8.974,1,1,1,NORMAL
0.884,10.635,0,1,1,WASTAGE
0.0,0.04,0,0,0,NORMAL
0.015,0.139,1,0,0,LOW
0.412,4.975,0,0,1,WASTAGE
0.572,6.703,0,1,0,WASTAGE
0.339,4.13,0,0,1,WASTAGE
0.019,0.141,1,0,0,LOW
0.446,5.295,0,0,1,WASTAGE
0.628,7.562,1,1,0,NORMAL
0.349,4.166,0,0,1,WASTAGE
0.025,0.255,1,0,0,LOW
0.978,11.755,0,1,1,WASTAGE
0.023,0.265,1,0,0,LOW
1.033,12.413,0,1,1,WASTAGE
0.509,6.047,0,1,0,WASTAGE
0.706,8.45,0,1,1,WASTAGE
0.792,9.479,1,1,1,NORMAL
0.604,7.286,1,1,1,NORMAL
0.025,0.216,0,0,0,NORMAL
0.031,0.379,0,0,0,NORMAL
0.855,10.271,0,1,1,WASTAGE
0.461,5.378,1,1,0,NORMAL
0.535,6.459,0,1,0,WASTAGE
0.656,7.831,1,1,0,NORMAL
0.674,8.06,1,1,0,NORMAL
0.008,0.078,0,0,0,NORMAL
0.032,0.399,1,0,0,LOW
0.033,0.373,1,0,0,LOW
0.457,5.529,1,1,0,NORMAL
0.459,5.601,1,1,0,NORMAL
0.591,7.122,0,1,1,WASTAGE
0.502,6.023,1,1,0,NORMAL
0.016,0.274,1,0,0,LOW
0.642,7.601,0,1,1,WASTAGE
0.397,4.805,0,0,1,WASTAGE
0.839,10.153,1,1,1,NORMAL
0.705,8.372,0,1,0,WASTAGE
0.01,0.051,0,0,0,NORMAL
0.297,3.506,0,0,1,WASTAGE
0.596,7.223,0,1,0,WASTAGE
0.428,5.138,0,1,0,WASTAGE
0.694,8.412,1,1,0,NORMAL
0.469,5.66,0,0,1,WASTAGE
0.04,0.46,0,0,0,NORMAL
0.687,8.274,1,1,0,NORMAL
0.853,10.212,0,1,1,WASTAGE
0.386,4.642,0,1,0,WASTAGE
0.861,10.386,1,1,1,NORMAL
0.01,0.107,0,0,0,NORMAL
0.274,3.309,0,0,1,WASTAGE
0.405,4.755,0,1,0,WASTAGE
0.664,7.975,0,1,0,WASTAGE
0.429,5.193,0,1,0,WASTAGE
0.027,0.254,0,0,0,NORMAL
0.46,5.59,0,0,1,WASTAGE
